{"statedNotProven":
 ["ProcInt.BranchingProcess.isUnfoldingOf_statement",
  "ProcInt.WfNet.sound_iff_shortCircuit_live_bounded_statement"],
 "schema": "mfact.release.v1",
 "release": "v26.7.7",
 "foldHash": "c528304f40660e304d444dd1ad2a2edbeac0d6f7c12ae3368e2577c9d38ea9e0",
 "evidence":
 [{"subject": "Analytics.Causality",
   "kind": "kernelCheck",
   "hash": "5ab061256319b6e245574483a80ead848ae7b781f1f62b530722b20868c6d5bf"},
  {"subject": "Analytics.Correlation",
   "kind": "kernelCheck",
   "hash": "a64c630dcb664c26a916080213f4350f490e3162ce98a193e826dbc5ad615b7b"},
  {"subject": "Analytics.Cube",
   "kind": "kernelCheck",
   "hash": "ae50f663c77c092243c26ab791d045cbc5a63e1839d43a943e6dd5e75b84bf36"},
  {"subject": "Analytics.Lifecycle",
   "kind": "kernelCheck",
   "hash": "3169bd514e4f84e32316bc7831ff4adba1b1e8750c6ba7d6447a01cb93b92a8a"},
  {"subject": "Analytics.Multiperspective",
   "kind": "kernelCheck",
   "hash": "fd08b82f8c2d3926516b7d4c247ae7c57a42dc418d3ec127dddb34094f9ed3c1"},
  {"subject": "Analytics.Prediction",
   "kind": "kernelCheck",
   "hash": "cc403764befbabd614e08dbb2415e50c24c9f1f74b0a398613915479d0a40328"},
  {"subject": "Analytics.Streaming",
   "kind": "kernelCheck",
   "hash": "1ba4a7adf30c51be73458ec64a0b57a1f9132525e20b02f9672855979965b66e"},
  {"subject": "Analytics.Temporal",
   "kind": "kernelCheck",
   "hash": "623cf406820f7e96b5f7a076389195f806fd372a47cbe653bd8776c87aedc3ff"},
  {"subject": "Conformance.Alignment",
   "kind": "kernelCheck",
   "hash": "4039b875e585c6cd1fcc093080a73295ec03f61cd019f96ef7babde6c8190004"},
  {"subject": "Conformance.Moves",
   "kind": "kernelCheck",
   "hash": "5b97c6839ecc36db09061e92b58eca6647a49af526f06630ea09e9d14c88a256"},
  {"subject": "Conformance.Quality",
   "kind": "kernelCheck",
   "hash": "a706c4cf1a35d5bba1e11ce4940a930f1fb7045a6ea2452d982374c6406aa392"},
  {"subject": "Conformance.TokenReplay",
   "kind": "kernelCheck",
   "hash": "f128c751ecd1c9054a066a47d58c370b162929ea3e0e586d9acfa751f6003484"},
  {"subject": "Fixtures.Negative",
   "kind": "kernelCheck",
   "hash": "8807ef3808f0cddac1e2e0911481d6da9e22ae82f43cb3e88e4442b525402818"},
  {"subject": "Fixtures.Positive",
   "kind": "kernelCheck",
   "hash": "277f08814a91a65f9ee476b31b2fd755059f1c2581ad863354a534dd63649ce2"},
  {"subject": "Foundations.Metric",
   "kind": "kernelCheck",
   "hash": "5eafcb4114dbf613188129ee768f09eca286f1c12b7200c23b6801b9d3a69660"},
  {"subject": "Logs.Event",
   "kind": "kernelCheck",
   "hash": "f74b771fda51c677d1e46b4165c165a3ed2ca46524992789c3f4c66010d928d0"},
  {"subject": "Logs.EventLog",
   "kind": "kernelCheck",
   "hash": "8e5c9927e4733cfa2c14d80ec12dcfd4ed84241b7f7535cce996c1393340143f"},
  {"subject": "Logs.Trace",
   "kind": "kernelCheck",
   "hash": "e633f1c2b2b77f304295092072d0e55ee006812d6c3f5d4611a4c1b5501c247a"},
  {"subject": "Logs.Xes",
   "kind": "kernelCheck",
   "hash": "74c06bfa2a4e6120c1f0dcf5dc1457f506f545984ce4d660765345714bc1cba9"},
  {"subject": "Models.Bpmn",
   "kind": "kernelCheck",
   "hash": "223309efd65ca149558f6871c8d0c37505d73b5e7520921d0300c2039efc3095"},
  {"subject": "Models.CausalNet",
   "kind": "kernelCheck",
   "hash": "3a7d97b9349b9ceaa0c230016dee040172b9097a204b7fc9977e97d4efc48f6c"},
  {"subject": "Models.ChoiceGraph",
   "kind": "kernelCheck",
   "hash": "31f104c95daa89f157e753728217f4fbd59d50ef2a6018429dc62148c1804e5f"},
  {"subject": "Models.Declare",
   "kind": "kernelCheck",
   "hash": "5c017c7828ef5d2d5d9f975799620e49cd0e3e0dad99daf69092c5683caab179"},
  {"subject": "Models.Dfg",
   "kind": "kernelCheck",
   "hash": "a02d070f4934604ce0b37840daf484403c62a08160e3e0c85eac66a74d7d02d0"},
  {"subject": "Models.Powl",
   "kind": "kernelCheck",
   "hash": "b6fd282b3311432afc03089412bff8023a71e63814f65bdf62cddee9dabefdaf"},
  {"subject": "Models.ProcessTree",
   "kind": "kernelCheck",
   "hash": "ef6c3889bda24e558d4dff04f440bc6db85d5808468ceeebcf32023cfef0fb83"},
  {"subject": "Ocel.Core",
   "kind": "kernelCheck",
   "hash": "7e79bcefff240d26f64133f6ad920455159df7d865cc32485ab301c8ee9e950a"},
  {"subject": "Ocel.Lifecycle",
   "kind": "kernelCheck",
   "hash": "b30cb6a02560b703a4850d2227cd9688f3066e89285a66f8fc0415c955cc93bd"},
  {"subject": "Ocel.Relations",
   "kind": "kernelCheck",
   "hash": "efc23d6048bba467fe7383a2e990468783ad8ff65bc9411e9b2cf3addb883063"},
  {"subject": "Ocpq.Cardinality",
   "kind": "kernelCheck",
   "hash": "0e8c8ebe001311737d45889e52ea3c7defe6d36d900906bb78312e6788142a2c"},
  {"subject": "Ocpq.Query",
   "kind": "kernelCheck",
   "hash": "16e7b58ae9d2e7efa547f004296cab8ff1c2759cfada71d7803291f1c47bc81b"},
  {"subject": "Petri.Boundedness",
   "kind": "kernelCheck",
   "hash": "6178066579ae8747a73186f7c9357c227156ff079d98e098c4734a84b3fc7a36"},
  {"subject": "Petri.Covering",
   "kind": "kernelCheck",
   "hash": "cde9ab163870e07c1c88282bf50b0d1f21b4302e5a968766f061b6314beba04e"},
  {"subject": "Petri.Firing",
   "kind": "kernelCheck",
   "hash": "b2805b8528ba897e85941d61b4accf88f11dd3ef7564c60bf32913b467fcb27d"},
  {"subject": "Petri.Invariants",
   "kind": "kernelCheck",
   "hash": "1da14ea1765dfadfa7c7c4f006280a93cfb89f809d0761469fb8b727c6013d73"},
  {"subject": "Petri.Net",
   "kind": "kernelCheck",
   "hash": "2c63f7a8d2f412f0ba9e782342e59d5fc32f9a238c08df23c91009531e9f09e0"},
  {"subject": "Petri.OCPN",
   "kind": "kernelCheck",
   "hash": "e6725af35fab6b37ced914de27ca1f1fdc936612533b8bbbe2d9b3b73d1d9f04"},
  {"subject": "Petri.Reachability",
   "kind": "kernelCheck",
   "hash": "74a64f14c6e4df1ece4874558dd9d655aaffd25ae3b0439813bb4e4748e21a29"},
  {"subject": "Petri.StateEquation",
   "kind": "kernelCheck",
   "hash": "5f4401b8ee75698979b9b4772a62a207392e0c5891f0c8b9826303f871ae098e"},
  {"subject": "Petri.Stochastic",
   "kind": "kernelCheck",
   "hash": "7f6ca99340d1655f99ac0b04b3e19538c638513cbf046193224878491386d928"},
  {"subject": "Petri.Unfolding",
   "kind": "kernelCheck",
   "hash": "a1b07e297946933b9f55bf76dd94e2f4e641e61d0d57c689e2b7afda8cedc63e"},
  {"subject": "Planning.Pddl",
   "kind": "kernelCheck",
   "hash": "dd0164cf6fdbfbfdef7ed6fc2832bd57cf1b2cf7d2c59b1fcd91e0c72dd4f690"},
  {"subject": "Tests",
   "kind": "kernelCheck",
   "hash": "17f6fe22a181472684bfedb3ec1b89b50b8abb7886f58c0d2ae193047980cacf"},
  {"subject": "Tests.Conformance",
   "kind": "kernelCheck",
   "hash": "056e5f90061f443fd339699bd8193975c8214736314c6c4e359c1926d1e0d0f0"},
  {"subject": "Tests.Logs",
   "kind": "kernelCheck",
   "hash": "c4b1e0cfefa6937c3ed54ee1bd37a3990332caa8ae4dda44def9481815c6809c"},
  {"subject": "Tests.Models",
   "kind": "kernelCheck",
   "hash": "b37170d54d07ae4fba50b5da18aafacb55ad99fe741fe418df49faa7ae03c51a"},
  {"subject": "Tests.Ocel",
   "kind": "kernelCheck",
   "hash": "dff5ff9d7cf1222dfd8a8f8a9df9da00b9d4935ff1afa192562537a511d5fbe3"},
  {"subject": "Tests.Petri",
   "kind": "kernelCheck",
   "hash": "352372bb26a08247963914d4499aa0d8faf9b85edacdb32b4838b8ee6efd8866"},
  {"subject": "Workflow.Flow",
   "kind": "kernelCheck",
   "hash": "f7946c6829fee4ab82460bf7b93996a53b1f1e379b2b8c1d1750f8145761a679"},
  {"subject": "Workflow.ShortCircuit",
   "kind": "kernelCheck",
   "hash": "b98b107d4fc26c8e30e0fd6bbb7776241d23d29236f44248cd71ae9931d550b0"},
  {"subject": "Workflow.Soundness",
   "kind": "kernelCheck",
   "hash": "5018008de8634648abf77542910f3063535fe683ec3956ca10c91c2418ddb602"},
  {"subject": "Workflow.WfNet",
   "kind": "kernelCheck",
   "hash": "7bed52ca106964a338dfcb2b8e614ff3dfd8e870b0c9d60766c2e9f92a5262ba"},
  {"subject": "ProcInt.CardBound.admits_max",
   "kind": "axiomAudit",
   "hash": "9030874f4ce1acb7735571b22ef48f9c90ffe260e0f23586b642752dc400c702"},
  {"subject": "ProcInt.CardBound.admits_min",
   "kind": "axiomAudit",
   "hash": "009cf28063b35beb5e256151d08cd116f5c58c4419541b613dc820247bba910c"},
  {"subject": "ProcInt.CardBound.admits_of_widens",
   "kind": "axiomAudit",
   "hash": "a49e11d59b1c9b659fc6075e802e7ed2e1c9137f2f0695f583c43555f9868be0"},
  {"subject": "ProcInt.CardBound.sat_cardObjects_iff",
   "kind": "axiomAudit",
   "hash": "30fa94e203bd0b553ceefe4226516a486d00d7ab532936c243ec22ac14693e30"},
  {"subject": "ProcInt.CardBound.widens_refl",
   "kind": "axiomAudit",
   "hash": "97333e5dfac65052dc5d13d736ef995479bd02682ec4bc7d71e428e1f9e4ad1c"},
  {"subject": "ProcInt.CardBound.widens_trans",
   "kind": "axiomAudit",
   "hash": "3539ae872266c12203d33b460cda86dd3226e8f9e9888b360216a4b8a5f78977"},
  {"subject": "ProcInt.ChoiceGraph.minimal_hasEmptyPath",
   "kind": "axiomAudit",
   "hash": "d93f0574267f8aed4f6ac6d9e7ce3f29f21c1502174b5a33aa23c7008ab465d1"},
  {"subject": "ProcInt.ChoiceGraph.minimal_valid",
   "kind": "axiomAudit",
   "hash": "55e24ab384e4231417918f8d455a0e325e4604773ab0328f7c5a7ff5d1f3dc92"},
  {"subject": "ProcInt.Event.simple_activity",
   "kind": "axiomAudit",
   "hash": "21e76757c90daabd84636cd921a995c816918d2d2a06478d710150c346e0f5c0"},
  {"subject": "ProcInt.Event.simple_lifecycle",
   "kind": "axiomAudit",
   "hash": "3a89f6fca66eb8e5192f9274b997ce62731eb6c9add7a42a1e4408ff3e1b3800"},
  {"subject": "ProcInt.Event.simple_resource",
   "kind": "axiomAudit",
   "hash": "78b4e3bfdca96126bdbf9016d370db47808cdf29b443b09ace8b15cfd69e176b"},
  {"subject": "ProcInt.Event.simple_timestamp",
   "kind": "axiomAudit",
   "hash": "7f1dd5f324329c7c668834f2e8f8dcea72632184b4bb44ac5eb7ba1605e88b88"},
  {"subject": "ProcInt.EventLog.eventCount_append",
   "kind": "axiomAudit",
   "hash": "e0393d797ecfe8afaa3c72fc7a1031ca7b55d0f416a176ebd237a81abb1d3617"},
  {"subject": "ProcInt.EventLog.eventCount_cons",
   "kind": "axiomAudit",
   "hash": "cb3ae2e4675d536ce5a2395ddaf0b9880e987d03599b8c5064a61b384729c2ae"},
  {"subject": "ProcInt.EventLog.eventCount_eq_zero",
   "kind": "axiomAudit",
   "hash": "1db7cd57e4944153653184af5ef7a8998d37524b306d1f66da8f1812c1fc02f3"},
  {"subject": "ProcInt.EventLog.eventCount_nil",
   "kind": "axiomAudit",
   "hash": "757c6b1dc768fc0ec35fb0b1a03739ea9646be88166a0fcb39561f79f9838529"},
  {"subject": "ProcInt.EventLog.wellFormed_append",
   "kind": "axiomAudit",
   "hash": "ece2199b2e4363699f050ea9317f13283fe069987d9fc5d11bc32838d00fa78f"},
  {"subject": "ProcInt.EventLog.wellFormed_cons",
   "kind": "axiomAudit",
   "hash": "524f9c87abdcb7d96367fcfbd577f89a720667a27052931940b2b7834ddadce9"},
  {"subject": "ProcInt.EventLog.wellFormed_nil",
   "kind": "axiomAudit",
   "hash": "21dbcec81148614b74cbeef113f3a40e8cb19abed970468124b6ae0760b63ea5"},
  {"subject": "ProcInt.EventLog.wellFormed_sublist",
   "kind": "axiomAudit",
   "hash": "afc2963ee89023835b166d0b431aea07d619e484f0445de891cdf0b334a2e12d"},
  {"subject": "ProcInt.Marking.exists_le_of_support_subset",
   "kind": "axiomAudit",
   "hash": "78f73aedb140a110f157a41d4fbda1153a7aa7f56df873f4516d278453d6be11"},
  {"subject": "ProcInt.Marking.toInt_injective",
   "kind": "axiomAudit",
   "hash": "ab0e102c9dfc751882694c0b2653f6e845fa6bdea1d74e85badb55069d63b4be"},
  {"subject": "ProcInt.Move.cost_eq_zero_iff",
   "kind": "axiomAudit",
   "hash": "d718fe475aba30913e109f7bc73f507b029306ba91e19b45bbc065aff872f5e7"},
  {"subject": "ProcInt.Move.cost_le_one",
   "kind": "axiomAudit",
   "hash": "eae60b3814ac2cf76633d9d944e6c8e1691ff53ceca8320bba563c3f53053d28"},
  {"subject": "ProcInt.OCEL.e2oProj_length",
   "kind": "axiomAudit",
   "hash": "9ecbfa3d128706ad264ca7c8ef7b32b7ee21d441271be9b1cdf3beef9d21c7cb"},
  {"subject": "ProcInt.OCEL.eventsOf_length_le",
   "kind": "axiomAudit",
   "hash": "538eadd09b8ad3096c644648264ba45c13f83b29898b282774dcba8302b957f0"},
  {"subject": "ProcInt.OCEL.interacts_self",
   "kind": "axiomAudit",
   "hash": "f8a4e6b2076d988c6a180da32d4063b48a5d353f6c0439ef98ec8feaac794978"},
  {"subject": "ProcInt.OCEL.interacts_symm",
   "kind": "axiomAudit",
   "hash": "6a3ce4ca2a01b8b5c177777755054ab82dd064c4da671c99b316ecd07e736ca1"},
  {"subject": "ProcInt.OCEL.mem_objectsOf",
   "kind": "axiomAudit",
   "hash": "d831ba8398bf54cda7b8a1e7fd09075354363a2947ed607e61f7b2d621895361"},
  {"subject": "ProcInt.OCEL.objectsOf_length_le",
   "kind": "axiomAudit",
   "hash": "5550e69d412e2a579eee55de53b942309c3d8b246d55013b183048e3dac37b34"},
  {"subject": "ProcInt.OCEL.timeOrdered_nil",
   "kind": "axiomAudit",
   "hash": "ef32764b47b58dceb2893fce1b7d3e73b04aeb005545ec9b78768bb5fd1853ed"},
  {"subject": "ProcInt.OCEL.timeOrdered_singleton",
   "kind": "axiomAudit",
   "hash": "3c37e002306b32b67099d0c72ba2f0f5607ac93f89f2bdd96c2fb3f892a22915"},
  {"subject": "ProcInt.OCPN.conforms_add",
   "kind": "axiomAudit",
   "hash": "c96f6ca5980f0b93995e183d8e856ee75a68f0fff2b612a70bf1e8cbdc35e955"},
  {"subject": "ProcInt.OCPN.conforms_of_le",
   "kind": "axiomAudit",
   "hash": "77dd2f927223c2115b1ffd54ec9bd284d497b05d4c6fbdee5fc0b73ea79111aa"},
  {"subject": "ProcInt.OccurrenceNet.acyclic_no_self_flow",
   "kind": "axiomAudit",
   "hash": "1d4674c4d2122cca77cbe577e75e85d375d8008ce247583aebb986928ca64f12"},
  {"subject": "ProcInt.OccurrenceNet.causality_trans",
   "kind": "axiomAudit",
   "hash": "762bc1e3baf8cfb02f8880f6e66cce7b92bf0204b89fcb38e14a7b75d0ed220a"},
  {"subject": "ProcInt.OccurrenceNet.flow_causality",
   "kind": "axiomAudit",
   "hash": "2db57a26d5d00cdbdb423b3db12928a3db03e2d5d5793cc883a8fb3160ad81ef"},
  {"subject": "ProcInt.OccurrenceNet.flow_irrefl",
   "kind": "axiomAudit",
   "hash": "377b8d8a57e8d6bc9ddc952767c007169441c9aea403955bc4dddc0b54661904"},
  {"subject": "ProcInt.OcpqPredicate.sat_e2oRel_iff",
   "kind": "axiomAudit",
   "hash": "53777dad6fd271b79429cb527edd4fc53a931cb3407b074a24d520bc22d104f5"},
  {"subject": "ProcInt.OcpqPredicate.sat_e2oRel_mem",
   "kind": "axiomAudit",
   "hash": "4c93b8ed722eda0d19c88faa2734667426d5464c18561dc9e62ead66a62b4b81"},
  {"subject": "ProcInt.PetriNet.FiringSeq.append_singleton_inv",
   "kind": "axiomAudit",
   "hash": "e8f9cd1efb5117ddbe06ce5806eb8c6a1189bde9af1e3b1610048d313b07e039"},
  {"subject": "ProcInt.PetriNet.FiringSeq.deterministic",
   "kind": "axiomAudit",
   "hash": "6fc49a37cc9476f940b04f626ad3cdcbb90a8238b5eb67f7c59ddb2ae69c1f11"},
  {"subject": "ProcInt.PetriNet.FiringSeq.nil_inv",
   "kind": "axiomAudit",
   "hash": "149826a20e037f58409425617f11c690d1ca12ba16f3582688482d1bc9d01865"},
  {"subject": "ProcInt.PetriNet.FiringSeq.snoc",
   "kind": "axiomAudit",
   "hash": "3d4c6fb147aa49da7dbef9803a2dc493de7c29c3145b120429a127a11cc58dcf"},
  {"subject": "ProcInt.PetriNet.FiringSeq.split",
   "kind": "axiomAudit",
   "hash": "f1c59419ef1dec6140a71376c1a0bb92513a5742e6881a1c59541fdb8c6e47f8"},
  {"subject": "ProcInt.PetriNet.FiringSeq.trans",
   "kind": "axiomAudit",
   "hash": "6cac421bb3075077ae03b5eb14d182cfa68d144ba24458bd2c797da21f9c0d95"},
  {"subject": "ProcInt.PetriNet.Run.bot_val",
   "kind": "axiomAudit",
   "hash": "47b5b020fc508924724d8097ea529d39269d956b58afb4ef1e7253c63cb571dd"},
  {"subject": "ProcInt.PetriNet.Run.covBy_iff_length_succ",
   "kind": "axiomAudit",
   "hash": "3f14780f760bc130f55c82246b367b33bde60305c67120dcedb32f1e91292695"},
  {"subject": "ProcInt.PetriNet.Run.coverTransition_spec",
   "kind": "axiomAudit",
   "hash": "a1f5c479972322b3e87947ccfdf723fff2e1fe259f9e0c5f70923c88faeb287e"},
  {"subject": "ProcInt.PetriNet.Run.endMarking_bot",
   "kind": "axiomAudit",
   "hash": "8f8ab703a55d6fe3e5dfac354d0f7f5eefc669fc5af7bead5ada8fbf9a7968ea"},
  {"subject": "ProcInt.PetriNet.Run.endMarking_eq_get",
   "kind": "axiomAudit",
   "hash": "c5a7ccd5e43b71496afb6a11416efe3fe43e67f1b3ede16dfa2ac279c3616f32"},
  {"subject": "ProcInt.PetriNet.Run.endMarking_eq_getElem",
   "kind": "axiomAudit",
   "hash": "fed3eb10f7e2223e192607f126cec84380391d8d6dfb8318e0c4ca230768cd72"},
  {"subject": "ProcInt.PetriNet.Run.endMarking_eq_getElem'",
   "kind": "axiomAudit",
   "hash": "17d2a69999a9deae04d3d8f8498a8cd5db7990c9c35de11671769c835dea7f7c"},
  {"subject": "ProcInt.PetriNet.Run.endMarking_eq_of_firingSeq",
   "kind": "axiomAudit",
   "hash": "7074df768be46f107c55fac9c41e109a161882fc79d698886869991ba868f0d0"},
  {"subject": "ProcInt.PetriNet.Run.endMarking_pairwise",
   "kind": "axiomAudit",
   "hash": "35e077b2e5684304513ba86a3893c6b5172ec5cd3e761c4f62d811760121b40c"},
  {"subject": "ProcInt.PetriNet.Run.endMarking_spec",
   "kind": "axiomAudit",
   "hash": "276ee00d4933b8f90e971bdf815043fa623ccfc05f5606f0020c1b29c2ed3164"},
  {"subject": "ProcInt.PetriNet.Run.finite_setOf_covBy",
   "kind": "axiomAudit",
   "hash": "cd0fbe66e6be84917f9ad506f4dd7153991c66290d5defc96d1ecd85f0ed2afd"},
  {"subject": "ProcInt.PetriNet.Run.isRun_of_prefix",
   "kind": "axiomAudit",
   "hash": "733cff57239c9c04f9aad2387c57e95590d6860d38f2d578877fd4e122008ff8"},
  {"subject": "ProcInt.PetriNet.Run.le_iff",
   "kind": "axiomAudit",
   "hash": "a88d728415d37a38591f90933bb1a28123dce4c01b286958765af374402ccb5c"},
  {"subject": "ProcInt.PetriNet.Run.length_lt_of_lt",
   "kind": "axiomAudit",
   "hash": "db69d210975b91bae6896aa7222c54d67474b40aa83b6d8f518b523260d39455"},
  {"subject": "ProcInt.PetriNet.Run.lt_take_succ_lt",
   "kind": "axiomAudit",
   "hash": "962c3aeac39dc672d3580e1d0ae4ccd531c13404ebf8a8d12e2531efce351552"},
  {"subject": "ProcInt.PetriNet.Run.lt_wf",
   "kind": "axiomAudit",
   "hash": "be0a505e11e0792d7d710ef56d24d69c76b9bbe1691a860af279a195499601c3"},
  {"subject": "ProcInt.PetriNet.Run.reaches_endMarking",
   "kind": "axiomAudit",
   "hash": "2a851e8bd073c2862f43d42763440b53e6aca4d6f8f6a332d5acc3cf136cdde2"},
  {"subject": "ProcInt.PetriNet.Run.takeRun_val",
   "kind": "axiomAudit",
   "hash": "7d1dd09a1d61d13d0b1d224755675ad06a162d43d47fe2c7c3aec0df938ac995"},
  {"subject": "ProcInt.PetriNet.bounded_of_finite_reach",
   "kind": "axiomAudit",
   "hash": "25a1a58ecaaeb897842bd514e0936f96d2d358d43eca11e5f4211dd6b0ceabb0"},
  {"subject": "ProcInt.PetriNet.enabled_mono",
   "kind": "axiomAudit",
   "hash": "4ef18f9c85cfbc4abdd34ababa29afaa61325345cdff90fec5384b4c065b4eca"},
  {"subject": "ProcInt.PetriNet.exists_infinite_injective_run",
   "kind": "axiomAudit",
   "hash": "ba24f97dc6aa4b035426fff2336f2f4346ab2c066b824b5aaafabbf608cdf5ab"},
  {"subject": "ProcInt.PetriNet.exists_run_endMarking_eq",
   "kind": "axiomAudit",
   "hash": "93fe82f90124aa9b6804b110e377a3dca2681d02b910da5bac205a3468e14f11"},
  {"subject": "ProcInt.PetriNet.fire_add_pre",
   "kind": "axiomAudit",
   "hash": "9df613e34c8341a6c8bb1f1fd1f90b103bd48159742737202fc51a8915bdca06"},
  {"subject": "ProcInt.PetriNet.fire_pre_self",
   "kind": "axiomAudit",
   "hash": "8748a289ea6739087748de683784c5606fe21e2c99023345f53ae850c4208a35"},
  {"subject": "ProcInt.PetriNet.firingSeq_reaches",
   "kind": "axiomAudit",
   "hash": "6a51f91bbff0815b54f25b5e2c6548fdd35110c9f5bb82446634e91807819508"},
  {"subject": "ProcInt.PetriNet.firingSeq_support_subset",
   "kind": "axiomAudit",
   "hash": "216326c25196bfb5dfb86dadc13577bc5dd1ce7779ccdae5a6b74d5ed332f41f"},
  {"subject": "ProcInt.PetriNet.flowEdge_inl_inr",
   "kind": "axiomAudit",
   "hash": "20717d65f26ba3aa0eadc17ea91428dd4d77a6a959f2786bd1d80dd2d0778f35"},
  {"subject": "ProcInt.PetriNet.flowEdge_inr_inl",
   "kind": "axiomAudit",
   "hash": "100b22b4d3d66d5ede501b263c930d31ae1fd6103c7c3670175d0b9d3ece8af3"},
  {"subject": "ProcInt.PetriNet.flowEdge_irrefl",
   "kind": "axiomAudit",
   "hash": "0b74045b48c481a9f5cd34fd7e91d2b26f9a7a0130db953309d26318e57d1c2c"},
  {"subject": "ProcInt.PetriNet.infinite_run_of_unbounded",
   "kind": "axiomAudit",
   "hash": "987b486d907c13f14ac263bca4428d8e2e94dabc0a949ef1c2249fce0369de12"},
  {"subject": "ProcInt.PetriNet.markingSeq_cons",
   "kind": "axiomAudit",
   "hash": "af97e588a14663cbaaa4f47c2bf3f0599eab390cc4366aec4ef06307680196d3"},
  {"subject": "ProcInt.PetriNet.markingSeq_length",
   "kind": "axiomAudit",
   "hash": "6d150e4cff23e8774696d896c10a71f4b0a50b187db82d6492adbe33a29fef73"},
  {"subject": "ProcInt.PetriNet.markingSeq_nil",
   "kind": "axiomAudit",
   "hash": "915c9a8447ec5fca8b44f04562e89a93ed356c713fd329a3d0738afb7bcb3ae1"},
  {"subject": "ProcInt.PetriNet.markingSeq_take",
   "kind": "axiomAudit",
   "hash": "350a1822e9be6b78f87bd45ea591f0409df993c5b226a01c6afd59593df3f28f"},
  {"subject": "ProcInt.PetriNet.markingTrace_length",
   "kind": "axiomAudit",
   "hash": "cef7ea58e681efad2f8e481d1516d83b504926f5f66ed9bc41c421f6b62c2f58"},
  {"subject": "ProcInt.PetriNet.markingTrace_prefix_of_prefix",
   "kind": "axiomAudit",
   "hash": "ece703a05819037de7886163e646fd824b5fba25e47d5aef0b9057b30f9640cd"},
  {"subject": "ProcInt.PetriNet.markingTrace_take",
   "kind": "axiomAudit",
   "hash": "b8283f0aeda1d686a293575c9c9e1276080807a7be64b8ea503e8f4e570df903"},
  {"subject": "ProcInt.PetriNet.not_flowEdge_inl_inl",
   "kind": "axiomAudit",
   "hash": "9ff18a4c5161cda3b776112e0c453fecb6e8df5895bef3a7ce958ee39b89bcb6"},
  {"subject": "ProcInt.PetriNet.not_flowEdge_inr_inr",
   "kind": "axiomAudit",
   "hash": "b19c71d2f68f5bd12875d09bbc1abf3d89b241d11ffd8855aab14531f8c2ff21"},
  {"subject": "ProcInt.PetriNet.pInvariant_reaches",
   "kind": "axiomAudit",
   "hash": "e291d2f50c08b19e8f1a02b706e9299670c404e8029a01e9aa524138fc0188e2"},
  {"subject": "ProcInt.PetriNet.pInvariant_step",
   "kind": "axiomAudit",
   "hash": "da860b6ad699d243257cfffeb0a07256ea6e6fb1c0f7b41894a25e920ef8c747"},
  {"subject": "ProcInt.PetriNet.reaches_add",
   "kind": "axiomAudit",
   "hash": "761a75a980dcbb57177f69956d8874bff0c80282a0571089ab1edda339313065"},
  {"subject": "ProcInt.PetriNet.reaches_firingSeq",
   "kind": "axiomAudit",
   "hash": "df3df55ab6417152821f45fb0b7a4da954d5771e6b2937ebc72d3ce76fe8b544"},
  {"subject": "ProcInt.PetriNet.reaches_repetitionFree",
   "kind": "axiomAudit",
   "hash": "ba84d083b9af41a6cc2c8c27af0c34364cf85769820374d5166d76d6bb9f36ad"},
  {"subject": "ProcInt.PetriNet.stateEquation_seq",
   "kind": "axiomAudit",
   "hash": "3fe8c43811172bc1da5a3386c9b7462e6f1bd3d5e9a8fbf22af6c4203278a1c7"},
  {"subject": "ProcInt.PetriNet.stateEquation_step",
   "kind": "axiomAudit",
   "hash": "01d1da3e574df8519e7f9163ab0252fe4707edbe6b850a0439748c22e6162b66"},
  {"subject": "ProcInt.PetriNet.step_add",
   "kind": "axiomAudit",
   "hash": "0d64f0d6612325ce61a1d426917b267418ac95b86a72a6d86e96b4e5a772066d"},
  {"subject": "ProcInt.PetriNet.step_deterministic",
   "kind": "axiomAudit",
   "hash": "1d4bb0b588cdc4c84a83d0b3317a3f5418dbc9f2c9d5adef275cdeb2c1abf248"},
  {"subject": "ProcInt.PetriNet.step_pre_self",
   "kind": "axiomAudit",
   "hash": "0ed56881f1b2bb5ba3b699aed6369965ac0fe318a9b41e1b3bafb69633066732"},
  {"subject": "ProcInt.PetriNet.tInvariant_reproduces",
   "kind": "axiomAudit",
   "hash": "0e64bc1ce973e955521bdc1f154a13b7002ec45aad43eb80eb65863524d2dec2"},
  {"subject": "ProcInt.PetriNet.unbounded_self_cover",
   "kind": "axiomAudit",
   "hash": "e929708b705b284055a5527a72591b69a4b942aa1c7e0d9093aee02954f8d151"},
  {"subject": "ProcInt.Powl.WellFormed.xor_length",
   "kind": "axiomAudit",
   "hash": "5930a9a83e4597967c9ddc9623bad82f8c3247ef5f9f98789440e426e894fdc4"},
  {"subject": "ProcInt.Powl.wellFormed_loop_atoms",
   "kind": "axiomAudit",
   "hash": "e8fe8c8f527bfc59958da88a51f89cdcbc198482907e5badf26cab63ebf8e3c4"},
  {"subject": "ProcInt.Powl.wellFormed_po_emptyPrec",
   "kind": "axiomAudit",
   "hash": "4d8108857f06e142500298fee47e66c6debd95ac7b983d36cf80dc9cab1dd31a"},
  {"subject": "ProcInt.Powl.wellFormed_xor_pair",
   "kind": "axiomAudit",
   "hash": "d6636890a8bcdde54f07a59570bd24ae828f0facaabc184b7799545308a0d0de"},
  {"subject": "ProcInt.ProcessTree.language_leaf_silent",
   "kind": "axiomAudit",
   "hash": "8bcb017906324b5f5d5a84523a8439f53e6914fe4e767115088a624c08aef060"},
  {"subject": "ProcInt.ProcessTree.language_seq_assoc",
   "kind": "axiomAudit",
   "hash": "bcde5b1d2009ecd93c45934871041c0a4a308e88e333c002322bda205595ce38"},
  {"subject": "ProcInt.ProcessTree.mem_language_seq_leaf",
   "kind": "axiomAudit",
   "hash": "7712fce48164f7d5e15e57086da7f1169a5fff9bc0effddc801c39a2a5367052"},
  {"subject": "ProcInt.Reach.trans",
   "kind": "axiomAudit",
   "hash": "72b9150a774d41da7ad71653d45bed36087074b4a69dcd7d0058df4e48fb367e"},
  {"subject": "ProcInt.StochasticPetriNet.fireProb_le_one",
   "kind": "axiomAudit",
   "hash": "4371e2bd1186c0ba12ee657665c162973338c8df4308631366f520b98db254aa"},
  {"subject": "ProcInt.StochasticPetriNet.fireProb_sum",
   "kind": "axiomAudit",
   "hash": "cd8720253e9ad6d3cbaee49b04e9f06d4fb4781a5cb2dbdf23c02eb267e83cad"},
  {"subject": "ProcInt.Trace.activities_append",
   "kind": "axiomAudit",
   "hash": "08e6447090d1c530d4eb1e30c48ba2128d6d6c463af5df5c1520e51daffc3776"},
  {"subject": "ProcInt.Trace.activities_length",
   "kind": "axiomAudit",
   "hash": "8182237ff422945d83ed192c81fbd98f36d30cd0f685162b962e6ca39e8017a2"},
  {"subject": "ProcInt.Trace.monotone_append",
   "kind": "axiomAudit",
   "hash": "ea9f8f4aaab56c504a824002af3da1eb410498814d1a30ed98a7e8f71f54e482"},
  {"subject": "ProcInt.Trace.monotone_iff_pairwise",
   "kind": "axiomAudit",
   "hash": "1164c5b8a19c5ef95a270029c4fde2355789a71eebf735337e288486752f9cef"},
  {"subject": "ProcInt.Trace.monotone_nil",
   "kind": "axiomAudit",
   "hash": "73d2317e23b32a2529e30630fb8fa286661ba406c4820cd84514613296223675"},
  {"subject": "ProcInt.Trace.monotone_replicate",
   "kind": "axiomAudit",
   "hash": "5e0db221b165234bc1207c92ebdb7f733ac0077f16dfbbe45a177429ae708874"},
  {"subject": "ProcInt.Trace.monotone_singleton",
   "kind": "axiomAudit",
   "hash": "cbfbf9c4ab1f00cb878592e415fc8e43ab3d3fd778145379534deec95096bed4"},
  {"subject": "ProcInt.Trace.monotone_sublist",
   "kind": "axiomAudit",
   "hash": "a8c1686e632db045a58b6bc04c0b51cfa95124700f6d2c8d64e984e77b7f6f6f"},
  {"subject": "ProcInt.WfNet.Sound.enabled_of_transition",
   "kind": "axiomAudit",
   "hash": "e66d2f89390349aa4d42f3a7a246f34211c8ba8ffcaa122314c89f2de8995fba"},
  {"subject": "ProcInt.WfNet.Sound.reaches_final",
   "kind": "axiomAudit",
   "hash": "bbf8359ac9c106a24b2cb8cb7fdb586c47c2d2689fcb47bfd5d95e64d3a6c892"},
  {"subject": "ProcInt.WfNet.bounded_of_sound",
   "kind": "axiomAudit",
   "hash": "c7d1191818d69c62d77bb447d52c5283f1eb5be74081d362114cfd9ebd7f264c"},
  {"subject": "ProcInt.WfNet.finalMarking_sink",
   "kind": "axiomAudit",
   "hash": "cd8fe3a5563126949cbfe73b3f89fc8010d9f6114f2248d4eb739a3bb754a8e6"},
  {"subject": "ProcInt.WfNet.finalMarking_source",
   "kind": "axiomAudit",
   "hash": "c1a29f35a3626ced6d8b2395b22be81144a1eec7c38b4af6be36fdcb84d7ea0a"},
  {"subject": "ProcInt.WfNet.initialMarking_ne_finalMarking",
   "kind": "axiomAudit",
   "hash": "f196ef9c10be2acaec029a1c4fc89bdef7cc9a84c15b64ddf64087fb2302ed30"},
  {"subject": "ProcInt.WfNet.initialMarking_sink",
   "kind": "axiomAudit",
   "hash": "ede6b35ccebeb87cf7cff6f06f0277f4181668f60fb01f82b126c22e3571f995"},
  {"subject": "ProcInt.WfNet.initialMarking_source",
   "kind": "axiomAudit",
   "hash": "59835924f80b2318188664d0ffc4bba62671f2fa580c0dad4372904797302e6f"},
  {"subject": "ProcInt.WfNet.live_of_sound",
   "kind": "axiomAudit",
   "hash": "cbc058db866f7a1f3b9ba29232558f7d6e6ec9d6374ccd4cd6b4cec24de12c2c"},
  {"subject": "ProcInt.WfNet.not_flowEdge_from_sink",
   "kind": "axiomAudit",
   "hash": "793477afdce84bad63595591d0fa5d0079edcd369a831d80f5f5406f47b7ad97"},
  {"subject": "ProcInt.WfNet.not_flowEdge_to_source",
   "kind": "axiomAudit",
   "hash": "ae4d2ac2edd9285c985d5ddbffe1ce113d0f9d4e538f0b9ce5b62e57f6a54f71"},
  {"subject": "ProcInt.WfNet.proper_of_bounded",
   "kind": "axiomAudit",
   "hash": "ca0280071fc4501158439f500b8af52762747b4ff9e85613851a83fdcdb759b9"},
  {"subject": "ProcInt.WfNet.reaches_shortCircuit",
   "kind": "axiomAudit",
   "hash": "08ce49dc0673665f0da8fd2af894dda68fd894d38b53e68216887a2c99847c38"},
  {"subject": "ProcInt.WfNet.shortCircuit_enabled_inl",
   "kind": "axiomAudit",
   "hash": "e1c47084ed9f0c0a8847667a30e602e68e82d3e1cc0b11a394355105eb9d1d63"},
  {"subject": "ProcInt.WfNet.shortCircuit_enabled_star",
   "kind": "axiomAudit",
   "hash": "e5adee2bfa5ee0d9e797a9bc9f702b2998e05f84378f624789d42dffec9c78bc"},
  {"subject": "ProcInt.WfNet.shortCircuit_fire_star",
   "kind": "axiomAudit",
   "hash": "866b722c0389717cb82129e3a3e42f294cf15ef292ff2b82e42e7f3ee3b72e05"},
  {"subject": "ProcInt.WfNet.shortCircuit_post_inl",
   "kind": "axiomAudit",
   "hash": "cedf538c993604f0578844ca16e390b3419285f037f60e312ab8575de0988c37"},
  {"subject": "ProcInt.WfNet.shortCircuit_post_inr",
   "kind": "axiomAudit",
   "hash": "da92d86ae157f10a502204e4fa5a59ae7505776632fb19ed4c5873c0f14f0439"},
  {"subject": "ProcInt.WfNet.shortCircuit_pre_inl",
   "kind": "axiomAudit",
   "hash": "43341610371db7b939d6882a1ed7d3707bea7fb3dc53e3c3f88bbbb4ee4ad4eb"},
  {"subject": "ProcInt.WfNet.shortCircuit_pre_inr",
   "kind": "axiomAudit",
   "hash": "644372be86240c4055511bd411dbce2227c8b9e0cfd5fdc685ea0da14482e721"},
  {"subject": "ProcInt.WfNet.shortCircuit_reaches_project",
   "kind": "axiomAudit",
   "hash": "e28cdbfbf049fe7508a4f91f4d62c8f58f7665ff03b684df5f3b5a5d6df5a9bc"},
  {"subject": "ProcInt.WfNet.shortCircuit_seq_split",
   "kind": "axiomAudit",
   "hash": "1f0a072a067f6a366d25a403348998015c4c8331d3578b354468d9e67c0d684d"},
  {"subject": "ProcInt.WfNet.shortCircuit_step_inl",
   "kind": "axiomAudit",
   "hash": "9e9fe022690f33c4996cc2ae839eb503da69e0a7181c1b622d6b59303448701c"},
  {"subject": "ProcInt.WfNet.shortCircuit_step_star",
   "kind": "axiomAudit",
   "hash": "2eea7d633a7c15a265eacee5544fb737ee0f5fc9a397aa99574b3261713c0da7"},
  {"subject": "ProcInt.WfNet.sound_iff_shortCircuit_live_bounded",
   "kind": "axiomAudit",
   "hash": "90dbe18e54d8185e62a19321c2f7c73c777622ccbfed92609acf388f2192534c"},
  {"subject": "ProcInt.WfNet.sound_of_live_bounded",
   "kind": "axiomAudit",
   "hash": "5e5acc5c05ae2a8d57a63fd856ebfdff2cd0f009ea5a896aa51ef068a5a303eb"},
  {"subject": "ProcInt.XesLifecycleTransition.asString_injective",
   "kind": "axiomAudit",
   "hash": "71601c01fd5405c8d6d1c5e6779517860ab9e7d23684698bc331704f1da78973"},
  {"subject": "ProcInt.XesLifecycleTransition.asString_parse",
   "kind": "axiomAudit",
   "hash": "92fd3a7019afad5bbe1adca7e4dec751dc510b1ed6afcd23c9027b832f1a6660"},
  {"subject": "ProcInt.XesLifecycleTransition.parse_asString",
   "kind": "axiomAudit",
   "hash": "21e7862f125126b9dd18fec3c04ae9b60dde7bf6e712162098b2760f15d9f5ce"},
  {"subject": "ProcInt.alignmentCost_append",
   "kind": "axiomAudit",
   "hash": "63285024b43819c0f629a652f23fc10b743e9cd9b10305a5f4162af6df74c5ea"},
  {"subject": "ProcInt.alignmentCost_zero_iff_all_costfree",
   "kind": "axiomAudit",
   "hash": "ed4a3dbd73dee227e13616cee5d812a9c42742480a51a64c5dcfb15a16b6c228"},
  {"subject": "ProcInt.archived_only_deletes",
   "kind": "axiomAudit",
   "hash": "fccb2a6cade9bf8827f4e49df1edb003351a2a4c14b27ae6a80bf9d7ab5909d6"},
  {"subject": "ProcInt.archived_terminal",
   "kind": "axiomAudit",
   "hash": "dc936e2f63ee97b10ba55d07f717a82df0888c49bb533a756847b5394c536478"},
  {"subject": "ProcInt.arity_one_or_two",
   "kind": "axiomAudit",
   "hash": "0ec2dbddb013250794f326c50738bbdbaac69ff8db39ff13b3861d1eda178a79"},
  {"subject": "ProcInt.bpmnMinimal_wellFormed",
   "kind": "axiomAudit",
   "hash": "7e52af2a1a3af41ee7aa13f4c38599eb2d4cc74d15d9c91df058f84ef37c8f23"},
  {"subject": "ProcInt.bpmn_empty_not_wellFormed",
   "kind": "axiomAudit",
   "hash": "0acb76d8cfc93cf0157ab4c420a23b0164eed5f5c87ca70fd6d674775ac9f15f"},
  {"subject": "ProcInt.cell_dim",
   "kind": "axiomAudit",
   "hash": "ed313be2153352622aa8131a385d5b9eddf376b7eecb1869e6efacfc03449eb9"},
  {"subject": "ProcInt.cell_subset",
   "kind": "axiomAudit",
   "hash": "3b09c2e05b1faa70841fe3ca2fb5572d4753d998375f5ad637e8236f44c3752c"},
  {"subject": "ProcInt.cell_subset_slice",
   "kind": "axiomAudit",
   "hash": "c179b0635ef4ca152ee7c5ce66cfd8ac112758aa83d1c195a02b2ad4281399ec"},
  {"subject": "ProcInt.combinedScore_uniform",
   "kind": "axiomAudit",
   "hash": "5334ea0489994df289ef07286d89b0bb7b55465872d2e707157fd5325402d60a"},
  {"subject": "ProcInt.correlated_cons",
   "kind": "axiomAudit",
   "hash": "4592bd3dfd75f73cb1365840317c4475cb08fc3c95c0c28db2bbeaebf915d19d"},
  {"subject": "ProcInt.correlated_empty",
   "kind": "axiomAudit",
   "hash": "4609116bafc91eae2b5a7c73201c644e1463aed0eafe9a2f792dfe49819b6f63"},
  {"subject": "ProcInt.deleted_terminal",
   "kind": "axiomAudit",
   "hash": "a4491c57c61b222a3b5286f2cc18b7b9e2d4e929e79ca6932bc118ec83c89762"},
  {"subject": "ProcInt.dependencyMeasure_antisymm",
   "kind": "axiomAudit",
   "hash": "e32fdced8b5556553f7c30127740485c1c4accf11d250ee9ad020cfa084269b9"},
  {"subject": "ProcInt.dependencyMeasure_lt_one",
   "kind": "axiomAudit",
   "hash": "d1ba659250cbdefe74edea86881c8fb6678dceb4f99b219b572c911e4fee979d"},
  {"subject": "ProcInt.dependencyMeasure_self",
   "kind": "axiomAudit",
   "hash": "b6b607fa1edc87850991c8207d6324e53d9a14eb1996cc0a643052741fed0211"},
  {"subject": "ProcInt.dfgOfTrace_edges_length",
   "kind": "axiomAudit",
   "hash": "a583b89c0a5cdd27138eede9ece729a3500f8ba642dcf078a20579c3cddc2f50"},
  {"subject": "ProcInt.dfgOfTrace_freq_one",
   "kind": "axiomAudit",
   "hash": "8c0cdba7d53fe75c9432829e615c8218a8ff7c74239202cdc318fb3b95ac28f3"},
  {"subject": "ProcInt.dfgOfTrace_nil",
   "kind": "axiomAudit",
   "hash": "5c26080139e97a44617b997fc2e5164a9aab8d05a0dc7fc748c7ec2c0e9fa05d"},
  {"subject": "ProcInt.empty_length",
   "kind": "axiomAudit",
   "hash": "0754ac77586483cd2f51bd389f4993aee847279f300f8fd379b8e3e057630eb1"},
  {"subject": "ProcInt.existence_append",
   "kind": "axiomAudit",
   "hash": "0b123dba8594ad8600920d5192ffc211388c3059d566475daddb27d4de7b3203"},
  {"subject": "ProcInt.f1_le_one",
   "kind": "axiomAudit",
   "hash": "eb0d964a6977baf7babc75ec3a4355ec25a644979b3bd14f2de0845962a2fb2d"},
  {"subject": "ProcInt.f1_nonneg",
   "kind": "axiomAudit",
   "hash": "a06a9d3ac945779258e736db80faafcbd124df8007b633cd9ae32c503ae79cd2"},
  {"subject": "ProcInt.fitness_le_one",
   "kind": "axiomAudit",
   "hash": "01c12dfd07cca4ffdcb357ca4ee0f3f33166291da9e8d4b353f38a26da7ccdfe"},
  {"subject": "ProcInt.fitness_mem_unitInterval",
   "kind": "axiomAudit",
   "hash": "8e9a70184a9afd70620f58c1e7dc8eeaa862ea54ec2bcf3ececc35442286e671"},
  {"subject": "ProcInt.fitness_nonneg",
   "kind": "axiomAudit",
   "hash": "d093a5e16c139fa5db912b8c1e47026937395f9513d3fb6078a3f75590ee03b7"},
  {"subject": "ProcInt.fitness_perfect",
   "kind": "axiomAudit",
   "hash": "bce1aa0274ca16b0e36df18548c4afcbcb2f3d9a7834302055be79bb18ae0535"},
  {"subject": "ProcInt.happensBefore_irrefl",
   "kind": "axiomAudit",
   "hash": "e46118937a8799d35a471d1933f6bf0f7c1d98f31c6c93191564a4a7754110ac"},
  {"subject": "ProcInt.happensBefore_trans",
   "kind": "axiomAudit",
   "hash": "d2822055415723569f4acbba3bb922a2b2f71bb421fe3f29cc9f4374db66eef5"},
  {"subject": "ProcInt.length_of_mem_interleavings",
   "kind": "axiomAudit",
   "hash": "70d10926a6760df133cb7d18fa813b4077ada6a2f90b6777ffba448487813064"},
  {"subject": "ProcInt.lifecycleStep_irrefl",
   "kind": "axiomAudit",
   "hash": "2ef064adf9739c2e53590c5861626febded3c015f885b75d0aa32ddea1351817"},
  {"subject": "ProcInt.linked_nil",
   "kind": "axiomAudit",
   "hash": "a3d7052a9f687a087c1e348b060471c30294280895e296895894e52dd9df3ced"},
  {"subject": "ProcInt.linked_singleton",
   "kind": "axiomAudit",
   "hash": "c8d40a4e972cf8e47e07565b0712ab7d1764e0f41869bc01a9cee239c234216c"},
  {"subject": "ProcInt.linked_tail",
   "kind": "axiomAudit",
   "hash": "3884637476f3a67bef09497c9b02d7472458c1ed6b47d6a26fa841b9f7c50141"},
  {"subject": "ProcInt.logProjection_length_le",
   "kind": "axiomAudit",
   "hash": "a8c695dc354e9c2d1055da8af3d23b3232c817edafbea5b8a9eefa26b2d743ad"},
  {"subject": "ProcInt.neg_one_lt_dependencyMeasure",
   "kind": "axiomAudit",
   "hash": "37cd6bab7e1e00fd943e3f0f87b345228c1d60b4824ff41c4109f7a111cd3ce5"},
  {"subject": "ProcInt.no_transition_to_created",
   "kind": "axiomAudit",
   "hash": "76a478175d64d2859d10e1ea8169f1debd2567301446e82423a275543d69cf9c"},
  {"subject": "ProcInt.notCoexistence_comm",
   "kind": "axiomAudit",
   "hash": "9c3e6ace0301fdf1613217729c25e321bbbefe9f325942816ca732072ecb6c51"},
  {"subject": "ProcInt.oneSubRatio_le_one",
   "kind": "axiomAudit",
   "hash": "9b07d3aa6cbb41d115aefb0e8552d9fa8c334843df7cd30799539a27afbfdf1a"},
  {"subject": "ProcInt.oneSubRatio_nonneg",
   "kind": "axiomAudit",
   "hash": "3a5d2268cf719a62b3887e5ee747af70148e8ad0c383ceaf9ceeff43f3dd61af"},
  {"subject": "ProcInt.precedence_concrete",
   "kind": "axiomAudit",
   "hash": "5fcb96b098e95fa276f7aa8c618d0216255f81c7f13c0af72d5794da061deb80"},
  {"subject": "ProcInt.push_bounded",
   "kind": "axiomAudit",
   "hash": "65314918da88982a73ee0c43b9e5a29f0d16aee5bce6c075e52a5973f9a8f814"},
  {"subject": "ProcInt.push_not_full",
   "kind": "axiomAudit",
   "hash": "092b18a4ea577c770c7066fd829ca04ad91debda8d06d4455da78541b7697860"},
  {"subject": "ProcInt.response_concrete",
   "kind": "axiomAudit",
   "hash": "03224816e24ea18ca81d3b8bc41cdead7f090f395fb8d52eb6ef0161b504da43"},
  {"subject": "ProcInt.seqLang_assoc",
   "kind": "axiomAudit",
   "hash": "715cd2cf0867d7dfb48f68c1b62711b5689552b8ef9af6d0e49bbc1451129659"},
  {"subject": "ProcInt.sojourn_self",
   "kind": "axiomAudit",
   "hash": "cacb7517e00e73779dd86061d6af5b0b49245be3e82905b4386f5ea5f4dab7d6"},
  {"subject": "ProcInt.succession_imp_response",
   "kind": "axiomAudit",
   "hash": "a68b5bc63297de48595e7593281c84901bc17b990b8ad28b0bcb1ebb1a1317eb"},
  {"subject": "ProcInt.uniformWeights_normalized",
   "kind": "axiomAudit",
   "hash": "59c74b924fb8f6218773680e56cb0be417f1fb6149b2230b678ddb374a132788"},
  {"subject": "ProcInt.unitRat_le_one",
   "kind": "axiomAudit",
   "hash": "a99a85101c8c8eea713700e33a93654fe5aa515f7cac03ea5f8115cd5fe55020"},
  {"subject": "ProcInt.unitRat_nonneg",
   "kind": "axiomAudit",
   "hash": "95c24c5b3b62b21a9e56a2455ee12124c4bc578384b216a75d57acd4cf64f143"},
  {"subject": "ProcInt.weighSum_add",
   "kind": "axiomAudit",
   "hash": "8998c51216c4a509f4f07c6eb876256ed107553e531353f74d758795e81f8edb"},
  {"subject": "ProcInt.wellPosed_prefixLen_pos",
   "kind": "axiomAudit",
   "hash": "b9bc746cf6d391aa66206a8654631c52a6cd09bc8b0b8b76a679c1b30b4bd6fb"},
  {"subject": "ProcInt.Fixtures.Negative",
   "kind": "negativeFixture",
   "hash": "26e33222471138df4f69c9475362dbe83a38d4aa8a8837eb7b9ef3d55f425f5e"},
  {"subject": "ProcInt.Fixtures.Positive",
   "kind": "negativeFixture",
   "hash": "2428699465a7341d1e3cd4404481a91c7642d55f628c2727f552d5df6b3dcbca"},
  {"subject": "procint",
   "kind": "buildReceipt",
   "hash": "152e0b1935f1f0d36709dcc428d4258ebe8c39963a270c4fd997c633912ca8c3"},
  {"subject": "mfact",
   "kind": "buildReceipt",
   "hash": "9ee3ea19c2737f650b814d9ddcf653d583f0c312a6f4e9af3fa514a776bc0ba2"}],
 "artifacts":
 [{"proven": false,
   "name": "ProcInt.AlgorithmSpec",
   "hash": "b9a5d216f4ea5e3e321764cc3bde3fa856ba0659d6a10899c38bb49993d0a848",
   "axioms": []},
  {"proven": false,
   "name": "ProcInt.AnalysisContext",
   "hash": "32bbac7d4df204e3683dcec4680dbaaeb78c376a633ef8745b7372931843eefb",
   "axioms": []},
  {"proven": false,
   "name": "ProcInt.BpmnEdge",
   "hash": "4ea24331ae5cfea6e187b268b83801e9b211a02d35e567c431220009fc9f7d80",
   "axioms": []},
  {"proven": false,
   "name": "ProcInt.BpmnNode",
   "hash": "70c3165a3d00cca23be684d19b62e5e6e1506f1b48222bcb23e5d0198c8d1ec6",
   "axioms": []},
  {"proven": false,
   "name": "ProcInt.BpmnNode.isEnd",
   "hash": "3d5886c746fc0a544317e79d5f794af1d10e779e6ab6a7f8ece28842a19f8794",
   "axioms": []},
  {"proven": false,
   "name": "ProcInt.BpmnNode.isStart",
   "hash": "b424083c71b608e2d643fd3f6428d2235db29f5bed31e91c10d1f117058eb2b3",
   "axioms": []},
  {"proven": false,
   "name": "ProcInt.BpmnNodeKind",
   "hash": "1116148252712506ef3de5f61e9073bdfeadc337d2ad852584c57441d034a190",
   "axioms": []},
  {"proven": false,
   "name": "ProcInt.BpmnProcess",
   "hash": "93fb1ad82545efa970d235919e56529b13e04bd0077cd507438154c1d6431a50",
   "axioms": []},
  {"proven": false,
   "name": "ProcInt.BpmnProcess.WellFormed",
   "hash": "ae7bea3b04a6fa5062be854770b46f05f69b0b49a5a7456f8314f44794eacb84",
   "axioms": []},
  {"proven": false,
   "name": "ProcInt.BranchingProcess",
   "hash": "bf3c3d97145d88b85cbd4c23f64457b3505a98efe1a87540d2dc66004f14f3c3",
   "axioms": []},
  {"proven": false,
   "name": "ProcInt.BranchingProcess.isUnfoldingOf_statement",
   "hash": "f6c9751ef212f21f94a4266ccc94cd95dbf5825d1a0fa807cf2a2e40e6a7e612",
   "axioms": []},
  {"proven": false,
   "name": "ProcInt.BreedSpec",
   "hash": "183c4e49078260f144a7fd6199cc5c4cc0ce965793f13e01658e2ee11832f55b",
   "axioms": []},
  {"proven": false,
   "name": "ProcInt.CardBound",
   "hash": "6ce73178e2809b37bc6e6f6602ad45cac218386068e94c4a56240976e5728686",
   "axioms": []},
  {"proven": false,
   "name": "ProcInt.CardBound.Admits",
   "hash": "e693e97342f6b6298915e6c35489346f5af7ce0bcbf53cbd6f755b4baa5828a8",
   "axioms": []},
  {"proven": false,
   "name": "ProcInt.CardBound.Widens",
   "hash": "afe6d8abff1d5459d9d8e74da0865517c965a9f41285741a91733252babe7d4d",
   "axioms": []},
  {"proven": true,
   "name": "ProcInt.CardBound.admits_max",
   "hash": "9030874f4ce1acb7735571b22ef48f9c90ffe260e0f23586b642752dc400c702",
   "axioms": []},
  {"proven": true,
   "name": "ProcInt.CardBound.admits_min",
   "hash": "009cf28063b35beb5e256151d08cd116f5c58c4419541b613dc820247bba910c",
   "axioms": []},
  {"proven": true,
   "name": "ProcInt.CardBound.admits_of_widens",
   "hash": "a49e11d59b1c9b659fc6075e802e7ed2e1c9137f2f0695f583c43555f9868be0",
   "axioms": []},
  {"proven": false,
   "name": "ProcInt.CardBound.instDecidableAdmits",
   "hash": "bf2033daf5f68c8cd392b5722b09a8bd038bab35a0820dc42172b49a50c3088c",
   "axioms": []},
  {"proven": true,
   "name": "ProcInt.CardBound.sat_cardObjects_iff",
   "hash": "30fa94e203bd0b553ceefe4226516a486d00d7ab532936c243ec22ac14693e30",
   "axioms": []},
  {"proven": true,
   "name": "ProcInt.CardBound.widens_refl",
   "hash": "97333e5dfac65052dc5d13d736ef995479bd02682ec4bc7d71e428e1f9e4ad1c",
   "axioms": []},
  {"proven": true,
   "name": "ProcInt.CardBound.widens_trans",
   "hash": "3539ae872266c12203d33b460cda86dd3226e8f9e9888b360216a4b8a5f78977",
   "axioms": []},
  {"proven": false,
   "name": "ProcInt.CausalBinding",
   "hash": "f2d44bd90c35a902d8770084c7b44ea512d856c37ba22a67a3af4a1766059eff",
   "axioms": []},
  {"proven": false,
   "name": "ProcInt.CausalChain",
   "hash": "3634fe5b41a8fc26a2db689a49f3db31eb6595efa2815a43c675929f74ec2baf",
   "axioms": []},
  {"proven": false,
   "name": "ProcInt.CausalChain.Consistent",
   "hash": "b4a6f6b2a7553fae78fc6458c3b6e7284446cc4c8a81d99d8d5173b449db4911",
   "axioms": []},
  {"proven": false,
   "name": "ProcInt.CausalConsistency",
   "hash": "6597b9613af84cd660227ed5e3727d0d52175e185c63cc9d97ddc4da40f9fe25",
   "axioms": []},
  {"proven": false,
   "name": "ProcInt.CausalLink",
   "hash": "7376dcce65e574d0654090997a3f61e7cc5991db2fc54e8187f62b0b80ed4f34",
   "axioms": []},
  {"proven": false,
   "name": "ProcInt.CausalNet",
   "hash": "bbddb33c1348cb4adc7fbf92b6304786b648f5125f5a71c9ef85089c561fd97b",
   "axioms": []},
  {"proven": false,
   "name": "ProcInt.CausalNet.ScoresValid",
   "hash": "13028507b1fc94fe0f323386735aa0054ac6ad80871b406f011581ab0e0c42ee",
   "axioms": []},
  {"proven": false,
   "name": "ProcInt.ChoiceGraph",
   "hash": "4cf67ddc79cebe7184fbfe48243198c2b7c71f701558ccd9991fc8caa1c577a3",
   "axioms": []},
  {"proven": false,
   "name": "ProcInt.ChoiceGraph.HasEmptyPath",
   "hash": "a8f492bfa0b18874db66b1d5c7009a8913799eb83040a2535f142cd7a9dd9860",
   "axioms": []},
  {"proven": false,
   "name": "ProcInt.ChoiceGraph.Valid",
   "hash": "fc9a0c5377383b9e925a4d14f2e771d2b8ac76ea26bf3aea2094b4c8de661ba6",
   "axioms": []},
  {"proven": false,
   "name": "ProcInt.ChoiceGraph.minimal",
   "hash": "3ed5f958fd4be11b27e8ccf31b28f5c5e877545b8197f099d3ade874e6132a8e",
   "axioms": []},
  {"proven": true,
   "name": "ProcInt.ChoiceGraph.minimal_hasEmptyPath",
   "hash": "d93f0574267f8aed4f6ac6d9e7ce3f29f21c1502174b5a33aa23c7008ab465d1",
   "axioms": ["propext"]},
  {"proven": true,
   "name": "ProcInt.ChoiceGraph.minimal_valid",
   "hash": "55e24ab384e4231417918f8d455a0e325e4604773ab0328f7c5a7ff5d1f3dc92",
   "axioms": ["propext", "Classical.choice", "Quot.sound"]},
  {"proven": false,
   "name": "ProcInt.ChoiceGraphNode",
   "hash": "8edda4916af68a1bd3660857f0dd9fee1ae59888e80b7a1b54896044ff9064fc",
   "axioms": []},
  {"proven": false,
   "name": "ProcInt.ColoredMarking",
   "hash": "6e3f4bf35bb7db158f1e727c413b6f008f592addd5edd7dff3976080220da687",
   "axioms": []},
  {"proven": false,
   "name": "ProcInt.CorrelatedLog",
   "hash": "a2d91b3e694d9e3e495a4b7a04e1992457eb6c7ee0b171ad9dd65e7441c19863",
   "axioms": []},
  {"proven": false,
   "name": "ProcInt.CorrelatedLog.Correlated",
   "hash": "22cf3a1fc1fe9db98e91f29c369ba7fdea9e6b084167a25add97ccd700dae76e",
   "axioms": []},
  {"proven": false,
   "name": "ProcInt.CorrelationKey",
   "hash": "f4a66dc812c7886a3857c269fd98e93f1bbf73b854b47be0353c09fc68c66a7f",
   "axioms": []},
  {"proven": false,
   "name": "ProcInt.CorrelationSchema",
   "hash": "8a469d6198498dfccea85a8cfe07377841fc2f0f5df4df679e79dd4212696da2",
   "axioms": []},
  {"proven": false,
   "name": "ProcInt.CubeDimensionKind",
   "hash": "5cdf2a9beb37807cf25d9582bad53d7e005400e6fac9705e1c31b720f7c7fc7f",
   "axioms": []},
  {"proven": false,
   "name": "ProcInt.DeclareConstraint",
   "hash": "512ba288383006c17b5eeb425a52a078f62e803ddcda93a5d9b3bbb52f0f0799",
   "axioms": []},
  {"proven": false,
   "name": "ProcInt.DeclareConstraint.Satisfies",
   "hash": "0e6e45a1e5247f76d4387f936a162e1d3c32a4951e88eb8dc2e0dfd7d1cbf2e0",
   "axioms": []},
  {"proven": false,
   "name": "ProcInt.DeclareTemplate",
   "hash": "7ea0a4be5b9f3889608e38d6c3f3f7727e4c88a034cee99583bfdc1ccdd58688",
   "axioms": []},
  {"proven": false,
   "name": "ProcInt.DeclareTemplate.arity",
   "hash": "9df9d3ac4941ee6ef1bdd3fd8d315145a2143eeb0d30273b6097381a7955fe07",
   "axioms": []},
  {"proven": false,
   "name": "ProcInt.Dfg",
   "hash": "6c02c504b2af8622a42d185d9df68e422216f62ac6122e9b1f2cdb8f5b0d60df",
   "axioms": []},
  {"proven": false,
   "name": "ProcInt.Dfg.nodes",
   "hash": "271b6fb700507ae046edfc293c232316a04792b1f9e053ed84205bb4daab95b6",
   "axioms": []},
  {"proven": false,
   "name": "ProcInt.Dfg.weight",
   "hash": "02871767960c9a99f2918b40804aa5e2f1e4ea7f3aa7e0bbab293811f54d9e20",
   "axioms": []},
  {"proven": false,
   "name": "ProcInt.Event",
   "hash": "1bf5ec4fe42fc940f5710f6f6fe7ce62eaa9caae258bf493249918e7373918dd",
   "axioms": []},
  {"proven": false,
   "name": "ProcInt.Event.simple",
   "hash": "e6c1a4a121bcf4d570a8a2eacb10281b5da0bb677bb4b7bc9906a8427bda9102",
   "axioms": []},
  {"proven": true,
   "name": "ProcInt.Event.simple_activity",
   "hash": "21e76757c90daabd84636cd921a995c816918d2d2a06478d710150c346e0f5c0",
   "axioms": []},
  {"proven": true,
   "name": "ProcInt.Event.simple_lifecycle",
   "hash": "3a89f6fca66eb8e5192f9274b997ce62731eb6c9add7a42a1e4408ff3e1b3800",
   "axioms": []},
  {"proven": true,
   "name": "ProcInt.Event.simple_resource",
   "hash": "78b4e3bfdca96126bdbf9016d370db47808cdf29b443b09ace8b15cfd69e176b",
   "axioms": []},
  {"proven": true,
   "name": "ProcInt.Event.simple_timestamp",
   "hash": "7f1dd5f324329c7c668834f2e8f8dcea72632184b4bb44ac5eb7ba1605e88b88",
   "axioms": []},
  {"proven": false,
   "name": "ProcInt.EventLog",
   "hash": "78aff71abb92a35f9316a764ac60a45b50ffa99bf59e4926e137b6b36cc93887",
   "axioms": []},
  {"proven": false,
   "name": "ProcInt.EventLog.eventCount",
   "hash": "629ebd0b4c03ee9ba8b9e9f38936499a7a0850236d92df6a03ebafc989f78bd9",
   "axioms": []},
  {"proven": true,
   "name": "ProcInt.EventLog.eventCount_append",
   "hash": "e0393d797ecfe8afaa3c72fc7a1031ca7b55d0f416a176ebd237a81abb1d3617",
   "axioms": ["propext"]},
  {"proven": true,
   "name": "ProcInt.EventLog.eventCount_cons",
   "hash": "cb3ae2e4675d536ce5a2395ddaf0b9880e987d03599b8c5064a61b384729c2ae",
   "axioms": ["propext"]},
  {"proven": true,
   "name": "ProcInt.EventLog.eventCount_eq_zero",
   "hash": "1db7cd57e4944153653184af5ef7a8998d37524b306d1f66da8f1812c1fc02f3",
   "axioms": ["propext", "Quot.sound"]},
  {"proven": true,
   "name": "ProcInt.EventLog.eventCount_nil",
   "hash": "757c6b1dc768fc0ec35fb0b1a03739ea9646be88166a0fcb39561f79f9838529",
   "axioms": ["propext"]},
  {"proven": false,
   "name": "ProcInt.EventLog.wellFormed",
   "hash": "8d4b67d04dd4f4e1e0128c88c61df25ea9566a53673cca2951d6e3a7062a8bd6",
   "axioms": []},
  {"proven": true,
   "name": "ProcInt.EventLog.wellFormed_append",
   "hash": "ece2199b2e4363699f050ea9317f13283fe069987d9fc5d11bc32838d00fa78f",
   "axioms": ["propext", "Quot.sound"]},
  {"proven": true,
   "name": "ProcInt.EventLog.wellFormed_cons",
   "hash": "524f9c87abdcb7d96367fcfbd577f89a720667a27052931940b2b7834ddadce9",
   "axioms": ["propext", "Quot.sound"]},
  {"proven": true,
   "name": "ProcInt.EventLog.wellFormed_nil",
   "hash": "21dbcec81148614b74cbeef113f3a40e8cb19abed970468124b6ae0760b63ea5",
   "axioms": []},
  {"proven": true,
   "name": "ProcInt.EventLog.wellFormed_sublist",
   "hash": "afc2963ee89023835b166d0b431aea07d619e484f0445de891cdf0b334a2e12d",
   "axioms": []},
  {"proven": false,
   "name": "ProcInt.EventWindow",
   "hash": "74d6b05dc5c82e2d9e09ba878e932ccac7d094882bba0688c87ac1cae6f2f81c",
   "axioms": []},
  {"proven": false,
   "name": "ProcInt.EventWindow.empty",
   "hash": "841bfcf6a0e19d5b227b084321db1f73b37b26ba36e1e3f6f8254f9d09cef105",
   "axioms": []},
  {"proven": false,
   "name": "ProcInt.EventWindow.push",
   "hash": "a12b30bb49093c635d7c5e87a85cf4d0776cccfca8d2ce50a44715583a380326",
   "axioms": []},
  {"proven": false,
   "name": "ProcInt.HappensBefore",
   "hash": "f75fc2304e0795adfe655f2401504fbf8ad1f27f28d1c95dfdb9c37d3597e98b",
   "axioms": []},
  {"proven": false,
   "name": "ProcInt.IsAlignment",
   "hash": "c2dfb1de101e2caffd31df0899c067ded514866c86bf0885a566bc87dd974637",
   "axioms": []},
  {"proven": false,
   "name": "ProcInt.IsCompleteAlignment",
   "hash": "35bc22938889b48dbf1faf63484088b49cb4db6168b6ed84c6f888ccdea0cca9",
   "axioms": []},
  {"proven": false,
   "name": "ProcInt.LifecyclePhase",
   "hash": "4fe3edd56d546fefa1dd3bac75725e56890217a07962d5364ddd508856a3511a",
   "axioms": []},
  {"proven": false,
   "name": "ProcInt.LifecycleStep",
   "hash": "d1cbdf42fa4a5a69edde6b867e145a081aa62c275c19a04f3d5d7304276b2630",
   "axioms": []},
  {"proven": false,
   "name": "ProcInt.LifecycleTransition",
   "hash": "7d0865cb925b20cba2a667bbbe57a3be9eb2e06cdfa568e433121eb6f2983f1a",
   "axioms": []},
  {"proven": false,
   "name": "ProcInt.LifecycledObject",
   "hash": "86cd8acc4d49b3d412b84c82ed55a6cb28f4d8cfdaa41e441e92845cd91715cf",
   "axioms": []},
  {"proven": false,
   "name": "ProcInt.LoopLang",
   "hash": "2cc1ccbbdb01dc9f52c951fc9d94dd3adf113f1923b0b0b08fb39f6603a2c982",
   "axioms": []},
  {"proven": false,
   "name": "ProcInt.Marking",
   "hash": "89d74dc401e9be33bc82a98a467fb3f511bafa35a0bcc1887a966759e5ff598d",
   "axioms": []},
  {"proven": true,
   "name": "ProcInt.Marking.exists_le_of_support_subset",
   "hash": "78f73aedb140a110f157a41d4fbda1153a7aa7f56df873f4516d278453d6be11",
   "axioms": ["propext", "Classical.choice", "Quot.sound"]},
  {"proven": false,
   "name": "ProcInt.Marking.toInt",
   "hash": "46b425ae1d1f9fa35f34e9c41c60972e3aa6d59befe8978ee0c3308ed75d1273",
   "axioms": []},
  {"proven": true,
   "name": "ProcInt.Marking.toInt_injective",
   "hash": "ab0e102c9dfc751882694c0b2653f6e845fa6bdea1d74e85badb55069d63b4be",
   "axioms": ["propext", "Classical.choice", "Quot.sound"]},
  {"proven": false,
   "name": "ProcInt.Move",
   "hash": "49c0caf5c6e73668cfb5b52aaf24a452aeff896029390a243eb8893e3ae2f222",
   "axioms": []},
  {"proven": false,
   "name": "ProcInt.Move.cost",
   "hash": "bdc8a18950eca3bf8c8ddd52f44d6983849367ab828cc2783a82f3517c1d9b2e",
   "axioms": []},
  {"proven": true,
   "name": "ProcInt.Move.cost_eq_zero_iff",
   "hash": "d718fe475aba30913e109f7bc73f507b029306ba91e19b45bbc065aff872f5e7",
   "axioms": ["propext"]},
  {"proven": true,
   "name": "ProcInt.Move.cost_le_one",
   "hash": "eae60b3814ac2cf76633d9d944e6c8e1691ff53ceca8320bba563c3f53053d28",
   "axioms": ["propext"]},
  {"proven": false,
   "name": "ProcInt.Move.isCostFree",
   "hash": "cf756d522c6ca5a806a5190591a17fdebd863f2234b4f6e28fb80fd44efed84e",
   "axioms": []},
  {"proven": false,
   "name": "ProcInt.OCEL",
   "hash": "e0ab6d7c0381710c9a8bfb8450a306126c596b165f2530bc283ce4d74d7b00a9",
   "axioms": []},
  {"proven": false,
   "name": "ProcInt.OCEL.Interacts",
   "hash": "f8ec6f67a47025fd4ab8fad5ebbfd1b6c7a1b339a859358c52c903d1bff0a024",
   "axioms": []},
  {"proven": false,
   "name": "ProcInt.OCEL.IsLifecycle",
   "hash": "62812102f9769abf9e97a7b65bdcb7a2a02fc2980851b4f3b7b73e8230e01c27",
   "axioms": []},
  {"proven": false,
   "name": "ProcInt.OCEL.TimeOrdered",
   "hash": "2fef6a4bb14453167033e19253a79b0f4338aca08806c167489824286d08e6d8",
   "axioms": []},
  {"proven": false,
   "name": "ProcInt.OCEL.e2oProj",
   "hash": "85318d922edda4cc0bc22718ad5a966c6df505b3510b18947130a83cb7b5c495",
   "axioms": []},
  {"proven": true,
   "name": "ProcInt.OCEL.e2oProj_length",
   "hash": "9ecbfa3d128706ad264ca7c8ef7b32b7ee21d441271be9b1cdf3beef9d21c7cb",
   "axioms": ["propext"]},
  {"proven": false,
   "name": "ProcInt.OCEL.eventsOf",
   "hash": "15ebce7c5dfd6733687c19fa38cfbec9fef88b9e3761fb102c715bb6378ea61f",
   "axioms": []},
  {"proven": true,
   "name": "ProcInt.OCEL.eventsOf_length_le",
   "hash": "538eadd09b8ad3096c644648264ba45c13f83b29898b282774dcba8302b957f0",
   "axioms": ["propext"]},
  {"proven": true,
   "name": "ProcInt.OCEL.interacts_self",
   "hash": "f8a4e6b2076d988c6a180da32d4063b48a5d353f6c0439ef98ec8feaac794978",
   "axioms": []},
  {"proven": true,
   "name": "ProcInt.OCEL.interacts_symm",
   "hash": "6a3ce4ca2a01b8b5c177777755054ab82dd064c4da671c99b316ecd07e736ca1",
   "axioms": []},
  {"proven": true,
   "name": "ProcInt.OCEL.mem_objectsOf",
   "hash": "d831ba8398bf54cda7b8a1e7fd09075354363a2947ed607e61f7b2d621895361",
   "axioms": ["propext", "Quot.sound"]},
  {"proven": false,
   "name": "ProcInt.OCEL.o2oProj",
   "hash": "2aa87441b8b23844677a38834b60b3766f5d4ce1e0948af0f74da28564239e27",
   "axioms": []},
  {"proven": false,
   "name": "ProcInt.OCEL.objectsOf",
   "hash": "6562466a23c958350a5976612f0cc0cd1f4aac040514bde47d012881e3aba252",
   "axioms": []},
  {"proven": true,
   "name": "ProcInt.OCEL.objectsOf_length_le",
   "hash": "5550e69d412e2a579eee55de53b942309c3d8b246d55013b183048e3dac37b34",
   "axioms": ["propext"]},
  {"proven": true,
   "name": "ProcInt.OCEL.timeOrdered_nil",
   "hash": "ef32764b47b58dceb2893fce1b7d3e73b04aeb005545ec9b78768bb5fd1853ed",
   "axioms": []},
  {"proven": true,
   "name": "ProcInt.OCEL.timeOrdered_singleton",
   "hash": "3c37e002306b32b67099d0c72ba2f0f5607ac93f89f2bdd96c2fb3f892a22915",
   "axioms": ["propext", "Quot.sound"]},
  {"proven": false,
   "name": "ProcInt.OCPN",
   "hash": "b69dfb5a2bf9da0ef1d94c06bb047e50e258d700573ceae5dfa8d98e5648b583",
   "axioms": []},
  {"proven": false,
   "name": "ProcInt.OCPN.Adjacent",
   "hash": "260d3d33de2806d6dd2a68b05cf0b9c16f4b5d4e0e60ee2dc0a3b82908580d96",
   "axioms": []},
  {"proven": false,
   "name": "ProcInt.OCPN.Conforms",
   "hash": "b190e813b3ccf6e20860c930e97c02c34500efbfe5c2d1aee899e69ffe053361",
   "axioms": []},
  {"proven": false,
   "name": "ProcInt.OCPN.WellFormed",
   "hash": "04e1d7a42772c4ed7deddfd841fa3bc81bf29e3240ea151c5f001dcaf7af5637",
   "axioms": []},
  {"proven": true,
   "name": "ProcInt.OCPN.conforms_add",
   "hash": "c96f6ca5980f0b93995e183d8e856ee75a68f0fff2b612a70bf1e8cbdc35e955",
   "axioms": ["propext", "Quot.sound"]},
  {"proven": true,
   "name": "ProcInt.OCPN.conforms_of_le",
   "hash": "77dd2f927223c2115b1ffd54ec9bd284d497b05d4c6fbdee5fc0b73ea79111aa",
   "axioms": ["propext", "Quot.sound"]},
  {"proven": false,
   "name": "ProcInt.ObjectLifecyclePhase",
   "hash": "7137d10f9e98e5e1500960e0be1bff7a3a5bd4b7e9ac50a89815ee238442b669",
   "axioms": []},
  {"proven": false,
   "name": "ProcInt.OccurrenceNet",
   "hash": "6406852a97d03a6b8cf38fed921bf473e037d599ff26722ce6a5a87d8377c9ac",
   "axioms": []},
  {"proven": false,
   "name": "ProcInt.OccurrenceNet.Acyclic",
   "hash": "45669d24fe9800ec56f9f039c883ddb326b630c8841eae48d15dc172fad3b13e",
   "axioms": []},
  {"proven": false,
   "name": "ProcInt.OccurrenceNet.Causality",
   "hash": "62b4943f3e0bc481cff9744099706b06b51d5f353ea66c8c1c5e99e69449bc46",
   "axioms": []},
  {"proven": false,
   "name": "ProcInt.OccurrenceNet.Flow",
   "hash": "c4ab57567e333ea665689a634583ac995f04d502150ff9e827a65cff1c8c2855",
   "axioms": []},
  {"proven": false,
   "name": "ProcInt.OccurrenceNet.NoBackwardConflict",
   "hash": "945a461e254ce0810f94b5586e3bcd9b119fa2b40b650abaf9b4d63764ada4ed",
   "axioms": []},
  {"proven": true,
   "name": "ProcInt.OccurrenceNet.acyclic_no_self_flow",
   "hash": "1d4674c4d2122cca77cbe577e75e85d375d8008ce247583aebb986928ca64f12",
   "axioms": ["propext"]},
  {"proven": true,
   "name": "ProcInt.OccurrenceNet.causality_trans",
   "hash": "762bc1e3baf8cfb02f8880f6e66cce7b92bf0204b89fcb38e14a7b75d0ed220a",
   "axioms": ["propext"]},
  {"proven": true,
   "name": "ProcInt.OccurrenceNet.flow_causality",
   "hash": "2db57a26d5d00cdbdb423b3db12928a3db03e2d5d5793cc883a8fb3160ad81ef",
   "axioms": ["propext"]},
  {"proven": true,
   "name": "ProcInt.OccurrenceNet.flow_irrefl",
   "hash": "377b8d8a57e8d6bc9ddc952767c007169441c9aea403955bc4dddc0b54661904",
   "axioms": ["propext"]},
  {"proven": false,
   "name": "ProcInt.OcpqPredicate",
   "hash": "b0c1d5720110c7a4bd66e3b3c8687087f492336ba257ec93322a3e992ee76e4e",
   "axioms": []},
  {"proven": false,
   "name": "ProcInt.OcpqPredicate.Sat",
   "hash": "a910ed970247ecf3c0466363fe19280c851ac20357ce263ff7ef893a45277498",
   "axioms": []},
  {"proven": false,
   "name": "ProcInt.OcpqPredicate.instDecidableSat",
   "hash": "08255000859640882533561c3310a4b4c6c85b6b4aa7e0beceda1d7b34bf5d1a",
   "axioms": []},
  {"proven": true,
   "name": "ProcInt.OcpqPredicate.sat_e2oRel_iff",
   "hash": "53777dad6fd271b79429cb527edd4fc53a931cb3407b074a24d520bc22d104f5",
   "axioms": []},
  {"proven": true,
   "name": "ProcInt.OcpqPredicate.sat_e2oRel_mem",
   "hash": "4c93b8ed722eda0d19c88faa2734667426d5464c18561dc9e62ead66a62b4b81",
   "axioms": ["propext", "Quot.sound"]},
  {"proven": false,
   "name": "ProcInt.PddlAction",
   "hash": "aeb35fd42430966ec396cb3332c465f2d3b4703cb307748b74625f333c2d4190",
   "axioms": []},
  {"proven": false,
   "name": "ProcInt.PddlAction.applicable",
   "hash": "1ff4e48c2dadd79f50904a4742161924c684d13f59fa68a5cb31f04c8a6529b9",
   "axioms": []},
  {"proven": false,
   "name": "ProcInt.PddlAction.apply",
   "hash": "f031f8656e29a3b1d820f711d8d0a36309d6f43b70d9e7827a4b54e5fbc4ff9f",
   "axioms": []},
  {"proven": false,
   "name": "ProcInt.PddlAction.mem_add_mem_apply",
   "hash": "78ccbd98a9daeb2c9f37df55ad32341e9459e7a71c871889e45fa30a2b6d8366",
   "axioms": []},
  {"proven": false,
   "name": "ProcInt.PddlPlan",
   "hash": "b4f377af9337339b151c2725c8f38fcd6f5aca052179c68709eb05cc8fef7dba",
   "axioms": []},
  {"proven": false,
   "name": "ProcInt.PddlPlan.valid",
   "hash": "503b78a3099603c27f80b563953e53b3839406fb085b21a81a5a55c4af9afa00",
   "axioms": []},
  {"proven": false,
   "name": "ProcInt.PddlPlan.validCheck",
   "hash": "898a7f926a29d7be887f21a72893b53c8845c29ed123e29980c5ef1b860b471f",
   "axioms": []},
  {"proven": false,
   "name": "ProcInt.PerspectiveWeights",
   "hash": "ff42bb5b36755702ae76d55cb99a01598e46d40add6186d10de688e24c384af5",
   "axioms": []},
  {"proven": false,
   "name": "ProcInt.PerspectiveWeights.Normalized",
   "hash": "c5125e14102794e351974a04c2f5c74d90f5fa2f826b531648e40672560dffac",
   "axioms": []},
  {"proven": false,
   "name": "ProcInt.PetriNet",
   "hash": "dcb4e6a8861aa11893addcaf67d2b596d8bd5b269a349a1582dfdd82b2b0d2a8",
   "axioms": []},
  {"proven": false,
   "name": "ProcInt.PetriNet.Bounded",
   "hash": "4a61e0d18056a76fac72d2e3822be0950e2cbe4b0738f29e50efb02293d40163",
   "axioms": []},
  {"proven": false,
   "name": "ProcInt.PetriNet.Enabled",
   "hash": "ddcfe34c5b612a8b952aa66b54f7fd748e943d63c429f1a4029be2ca21c1e3de",
   "axioms": []},
  {"proven": false,
   "name": "ProcInt.PetriNet.FiringSeq",
   "hash": "a3fe25614ca0e44261740d6d1457907cda1333b0a5945e3ae4cb2c5f3488e550",
   "axioms": []},
  {"proven": true,
   "name": "ProcInt.PetriNet.FiringSeq.append_singleton_inv",
   "hash": "e8f9cd1efb5117ddbe06ce5806eb8c6a1189bde9af1e3b1610048d313b07e039",
   "axioms": ["propext", "Classical.choice", "Quot.sound"]},
  {"proven": true,
   "name": "ProcInt.PetriNet.FiringSeq.deterministic",
   "hash": "6fc49a37cc9476f940b04f626ad3cdcbb90a8238b5eb67f7c59ddb2ae69c1f11",
   "axioms": ["propext", "Classical.choice", "Quot.sound"]},
  {"proven": true,
   "name": "ProcInt.PetriNet.FiringSeq.nil_inv",
   "hash": "149826a20e037f58409425617f11c690d1ca12ba16f3582688482d1bc9d01865",
   "axioms": ["propext", "Classical.choice", "Quot.sound"]},
  {"proven": true,
   "name": "ProcInt.PetriNet.FiringSeq.snoc",
   "hash": "3d4c6fb147aa49da7dbef9803a2dc493de7c29c3145b120429a127a11cc58dcf",
   "axioms": ["propext", "Classical.choice", "Quot.sound"]},
  {"proven": true,
   "name": "ProcInt.PetriNet.FiringSeq.split",
   "hash": "f1c59419ef1dec6140a71376c1a0bb92513a5742e6881a1c59541fdb8c6e47f8",
   "axioms": ["propext", "Classical.choice", "Quot.sound"]},
  {"proven": true,
   "name": "ProcInt.PetriNet.FiringSeq.trans",
   "hash": "6cac421bb3075077ae03b5eb14d182cfa68d144ba24458bd2c797da21f9c0d95",
   "axioms": ["propext", "Classical.choice", "Quot.sound"]},
  {"proven": false,
   "name": "ProcInt.PetriNet.FlowEdge",
   "hash": "5b4b6c984f9594e22fd7953cc7c1cdfe2c006460b772c95b9f5f82724a416a21",
   "axioms": []},
  {"proven": false,
   "name": "ProcInt.PetriNet.IsPInvariant",
   "hash": "208db4b2ca30dc88d3212d799feb3921ca5eb9f862dd2152ef08f2e5029c0b4a",
   "axioms": []},
  {"proven": false,
   "name": "ProcInt.PetriNet.IsTInvariantSeq",
   "hash": "2549743671d45913699530dc15b93363c4ee38545d3dfe9c734bc78676d4f3ed",
   "axioms": []},
  {"proven": false,
   "name": "ProcInt.PetriNet.Live",
   "hash": "e706eb26dafb100fd25c57ea5cfa3e49b164850d918eb9f8c4bc1d0464fd9292",
   "axioms": []},
  {"proven": false,
   "name": "ProcInt.PetriNet.Reaches",
   "hash": "7e7bc1b8eae5830a647148631e2cbf293c3c40ca2224ce3dfde0353f6f116dc3",
   "axioms": []},
  {"proven": false,
   "name": "ProcInt.PetriNet.Run",
   "hash": "0bc5561318b9a5c732d20dcdc65ad15e0842b072e1b76dc56979bc40a4807d2a",
   "axioms": []},
  {"proven": false,
   "name": "ProcInt.PetriNet.Run.bot",
   "hash": "309647ca5f4468de4afdaea535ae3d008f0424ee981e963b72a0070427365ceb",
   "axioms": []},
  {"proven": true,
   "name": "ProcInt.PetriNet.Run.bot_val",
   "hash": "47b5b020fc508924724d8097ea529d39269d956b58afb4ef1e7253c63cb571dd",
   "axioms": ["propext", "Classical.choice", "Quot.sound"]},
  {"proven": true,
   "name": "ProcInt.PetriNet.Run.covBy_iff_length_succ",
   "hash": "3f14780f760bc130f55c82246b367b33bde60305c67120dcedb32f1e91292695",
   "axioms": ["propext", "Classical.choice", "Quot.sound"]},
  {"proven": false,
   "name": "ProcInt.PetriNet.Run.coverTransition",
   "hash": "5396adda6315f095ed2a5aa1641bde7b675b52fe15d4709671531a7f7f92321c",
   "axioms": []},
  {"proven": true,
   "name": "ProcInt.PetriNet.Run.coverTransition_spec",
   "hash": "a1f5c479972322b3e87947ccfdf723fff2e1fe259f9e0c5f70923c88faeb287e",
   "axioms": ["propext", "Classical.choice", "Quot.sound"]},
  {"proven": false,
   "name": "ProcInt.PetriNet.Run.endMarking",
   "hash": "54ac70e18abec7ed9f807b60a798a9e441b114b9a93a804c3fef80531ad83fb5",
   "axioms": []},
  {"proven": true,
   "name": "ProcInt.PetriNet.Run.endMarking_bot",
   "hash": "8f8ab703a55d6fe3e5dfac354d0f7f5eefc669fc5af7bead5ada8fbf9a7968ea",
   "axioms": ["propext", "Classical.choice", "Quot.sound"]},
  {"proven": true,
   "name": "ProcInt.PetriNet.Run.endMarking_eq_get",
   "hash": "c5a7ccd5e43b71496afb6a11416efe3fe43e67f1b3ede16dfa2ac279c3616f32",
   "axioms": ["propext", "Classical.choice", "Quot.sound"]},
  {"proven": true,
   "name": "ProcInt.PetriNet.Run.endMarking_eq_getElem",
   "hash": "fed3eb10f7e2223e192607f126cec84380391d8d6dfb8318e0c4ca230768cd72",
   "axioms": ["propext", "Classical.choice", "Quot.sound"]},
  {"proven": true,
   "name": "ProcInt.PetriNet.Run.endMarking_eq_getElem'",
   "hash": "17d2a69999a9deae04d3d8f8498a8cd5db7990c9c35de11671769c835dea7f7c",
   "axioms": ["propext", "Classical.choice", "Quot.sound"]},
  {"proven": true,
   "name": "ProcInt.PetriNet.Run.endMarking_eq_of_firingSeq",
   "hash": "7074df768be46f107c55fac9c41e109a161882fc79d698886869991ba868f0d0",
   "axioms": ["propext", "Classical.choice", "Quot.sound"]},
  {"proven": true,
   "name": "ProcInt.PetriNet.Run.endMarking_pairwise",
   "hash": "35e077b2e5684304513ba86a3893c6b5172ec5cd3e761c4f62d811760121b40c",
   "axioms": ["propext", "Classical.choice", "Quot.sound"]},
  {"proven": true,
   "name": "ProcInt.PetriNet.Run.endMarking_spec",
   "hash": "276ee00d4933b8f90e971bdf815043fa623ccfc05f5606f0020c1b29c2ed3164",
   "axioms": ["propext", "Classical.choice", "Quot.sound"]},
  {"proven": true,
   "name": "ProcInt.PetriNet.Run.finite_setOf_covBy",
   "hash": "cd0fbe66e6be84917f9ad506f4dd7153991c66290d5defc96d1ecd85f0ed2afd",
   "axioms": ["propext", "Classical.choice", "Quot.sound"]},
  {"proven": false,
   "name": "ProcInt.PetriNet.Run.instIsStronglyAtomic",
   "hash": "f3f255e35be01c3ec48b23ffdbee5d780454b7749f9169b5f96dc2c3ed3fb45c",
   "axioms": []},
  {"proven": false,
   "name": "ProcInt.PetriNet.Run.instOrderBot",
   "hash": "dd1f4715c64ebdd098b8c4c0a1b7ed3493a52d09a803e0a81dedf039bb213783",
   "axioms": []},
  {"proven": false,
   "name": "ProcInt.PetriNet.Run.instPartialOrder",
   "hash": "cee787f759c21421dd319c7a6520539544f52a0d2ae273403f34203d423c9831",
   "axioms": []},
  {"proven": false,
   "name": "ProcInt.PetriNet.Run.instWellFoundedLT",
   "hash": "984400858cf8008bcbd4b7893eb4b03beacfadf99e2bb1c539daf4d842df65cd",
   "axioms": []},
  {"proven": true,
   "name": "ProcInt.PetriNet.Run.isRun_of_prefix",
   "hash": "733cff57239c9c04f9aad2387c57e95590d6860d38f2d578877fd4e122008ff8",
   "axioms": ["propext", "Classical.choice", "Quot.sound"]},
  {"proven": true,
   "name": "ProcInt.PetriNet.Run.le_iff",
   "hash": "a88d728415d37a38591f90933bb1a28123dce4c01b286958765af374402ccb5c",
   "axioms": ["propext", "Classical.choice", "Quot.sound"]},
  {"proven": true,
   "name": "ProcInt.PetriNet.Run.length_lt_of_lt",
   "hash": "db69d210975b91bae6896aa7222c54d67474b40aa83b6d8f518b523260d39455",
   "axioms": ["propext", "Classical.choice", "Quot.sound"]},
  {"proven": true,
   "name": "ProcInt.PetriNet.Run.lt_take_succ_lt",
   "hash": "962c3aeac39dc672d3580e1d0ae4ccd531c13404ebf8a8d12e2531efce351552",
   "axioms": ["propext", "Classical.choice", "Quot.sound"]},
  {"proven": true,
   "name": "ProcInt.PetriNet.Run.lt_wf",
   "hash": "be0a505e11e0792d7d710ef56d24d69c76b9bbe1691a860af279a195499601c3",
   "axioms": ["propext", "Classical.choice", "Quot.sound"]},
  {"proven": true,
   "name": "ProcInt.PetriNet.Run.reaches_endMarking",
   "hash": "2a851e8bd073c2862f43d42763440b53e6aca4d6f8f6a332d5acc3cf136cdde2",
   "axioms": ["propext", "Classical.choice", "Quot.sound"]},
  {"proven": false,
   "name": "ProcInt.PetriNet.Run.takeRun",
   "hash": "f3aed0de467d1808a96f60cb034deb1528b03298d710e03ef4e5109fe2397d4e",
   "axioms": []},
  {"proven": true,
   "name": "ProcInt.PetriNet.Run.takeRun_val",
   "hash": "7d1dd09a1d61d13d0b1d224755675ad06a162d43d47fe2c7c3aec0df938ac995",
   "axioms": ["propext", "Classical.choice", "Quot.sound"]},
  {"proven": false,
   "name": "ProcInt.PetriNet.Step",
   "hash": "13b62fbd3f66b25134555c457af40516ab51ba2ae8c3a35e278302ffa50b56bd",
   "axioms": []},
  {"proven": true,
   "name": "ProcInt.PetriNet.bounded_of_finite_reach",
   "hash": "25a1a58ecaaeb897842bd514e0936f96d2d358d43eca11e5f4211dd6b0ceabb0",
   "axioms": ["propext", "Classical.choice", "Quot.sound"]},
  {"proven": false,
   "name": "ProcInt.PetriNet.change",
   "hash": "0e2362881f15d8cca31f54fdc46fa97620e5352cee1d58e857e5595c9e1324f2",
   "axioms": []},
  {"proven": true,
   "name": "ProcInt.PetriNet.enabled_mono",
   "hash": "4ef18f9c85cfbc4abdd34ababa29afaa61325345cdff90fec5384b4c065b4eca",
   "axioms": ["propext", "Quot.sound"]},
  {"proven": true,
   "name": "ProcInt.PetriNet.exists_infinite_injective_run",
   "hash": "ba24f97dc6aa4b035426fff2336f2f4346ab2c066b824b5aaafabbf608cdf5ab",
   "axioms": ["propext", "Classical.choice", "Quot.sound"]},
  {"proven": true,
   "name": "ProcInt.PetriNet.exists_run_endMarking_eq",
   "hash": "93fe82f90124aa9b6804b110e377a3dca2681d02b910da5bac205a3468e14f11",
   "axioms": ["propext", "Classical.choice", "Quot.sound"]},
  {"proven": false,
   "name": "ProcInt.PetriNet.fire",
   "hash": "144b97e9b2e87b3a66408aac1deeb502f86b41103fb92002864c1714080aecf8",
   "axioms": []},
  {"proven": true,
   "name": "ProcInt.PetriNet.fire_add_pre",
   "hash": "9df613e34c8341a6c8bb1f1fd1f90b103bd48159742737202fc51a8915bdca06",
   "axioms": ["propext", "Classical.choice", "Quot.sound"]},
  {"proven": true,
   "name": "ProcInt.PetriNet.fire_pre_self",
   "hash": "8748a289ea6739087748de683784c5606fe21e2c99023345f53ae850c4208a35",
   "axioms": ["propext", "Classical.choice", "Quot.sound"]},
  {"proven": true,
   "name": "ProcInt.PetriNet.firingSeq_reaches",
   "hash": "6a51f91bbff0815b54f25b5e2c6548fdd35110c9f5bb82446634e91807819508",
   "axioms": ["propext", "Classical.choice", "Quot.sound"]},
  {"proven": true,
   "name": "ProcInt.PetriNet.firingSeq_support_subset",
   "hash": "216326c25196bfb5dfb86dadc13577bc5dd1ce7779ccdae5a6b74d5ed332f41f",
   "axioms": ["propext", "Classical.choice", "Quot.sound"]},
  {"proven": true,
   "name": "ProcInt.PetriNet.flowEdge_inl_inr",
   "hash": "20717d65f26ba3aa0eadc17ea91428dd4d77a6a959f2786bd1d80dd2d0778f35",
   "axioms": ["propext", "Quot.sound"]},
  {"proven": true,
   "name": "ProcInt.PetriNet.flowEdge_inr_inl",
   "hash": "100b22b4d3d66d5ede501b263c930d31ae1fd6103c7c3670175d0b9d3ece8af3",
   "axioms": ["propext", "Quot.sound"]},
  {"proven": true,
   "name": "ProcInt.PetriNet.flowEdge_irrefl",
   "hash": "0b74045b48c481a9f5cd34fd7e91d2b26f9a7a0130db953309d26318e57d1c2c",
   "axioms": ["propext", "Quot.sound"]},
  {"proven": true,
   "name": "ProcInt.PetriNet.infinite_run_of_unbounded",
   "hash": "987b486d907c13f14ac263bca4428d8e2e94dabc0a949ef1c2249fce0369de12",
   "axioms": ["propext", "Classical.choice", "Quot.sound"]},
  {"proven": false,
   "name": "ProcInt.PetriNet.markingSeq",
   "hash": "b7b6a01142257153c2cf7c991325b5ebf0d9634ec722887e634292a1e2262130",
   "axioms": []},
  {"proven": true,
   "name": "ProcInt.PetriNet.markingSeq_cons",
   "hash": "af97e588a14663cbaaa4f47c2bf3f0599eab390cc4366aec4ef06307680196d3",
   "axioms": ["propext", "Classical.choice", "Quot.sound"]},
  {"proven": true,
   "name": "ProcInt.PetriNet.markingSeq_length",
   "hash": "6d150e4cff23e8774696d896c10a71f4b0a50b187db82d6492adbe33a29fef73",
   "axioms": ["propext", "Classical.choice", "Quot.sound"]},
  {"proven": true,
   "name": "ProcInt.PetriNet.markingSeq_nil",
   "hash": "915c9a8447ec5fca8b44f04562e89a93ed356c713fd329a3d0738afb7bcb3ae1",
   "axioms": ["propext", "Classical.choice", "Quot.sound"]},
  {"proven": true,
   "name": "ProcInt.PetriNet.markingSeq_take",
   "hash": "350a1822e9be6b78f87bd45ea591f0409df993c5b226a01c6afd59593df3f28f",
   "axioms": ["propext", "Classical.choice", "Quot.sound"]},
  {"proven": false,
   "name": "ProcInt.PetriNet.markingTrace",
   "hash": "d263b808a69a1558c39556640974c6c5087a36dab9080e494094349c2a1b9950",
   "axioms": []},
  {"proven": true,
   "name": "ProcInt.PetriNet.markingTrace_length",
   "hash": "cef7ea58e681efad2f8e481d1516d83b504926f5f66ed9bc41c421f6b62c2f58",
   "axioms": ["propext", "Classical.choice", "Quot.sound"]},
  {"proven": true,
   "name": "ProcInt.PetriNet.markingTrace_prefix_of_prefix",
   "hash": "ece703a05819037de7886163e646fd824b5fba25e47d5aef0b9057b30f9640cd",
   "axioms": ["propext", "Classical.choice", "Quot.sound"]},
  {"proven": true,
   "name": "ProcInt.PetriNet.markingTrace_take",
   "hash": "b8283f0aeda1d686a293575c9c9e1276080807a7be64b8ea503e8f4e570df903",
   "axioms": ["propext", "Classical.choice", "Quot.sound"]},
  {"proven": true,
   "name": "ProcInt.PetriNet.not_flowEdge_inl_inl",
   "hash": "9ff18a4c5161cda3b776112e0c453fecb6e8df5895bef3a7ce958ee39b89bcb6",
   "axioms": ["propext", "Quot.sound"]},
  {"proven": true,
   "name": "ProcInt.PetriNet.not_flowEdge_inr_inr",
   "hash": "b19c71d2f68f5bd12875d09bbc1abf3d89b241d11ffd8855aab14531f8c2ff21",
   "axioms": ["propext", "Quot.sound"]},
  {"proven": true,
   "name": "ProcInt.PetriNet.pInvariant_reaches",
   "hash": "e291d2f50c08b19e8f1a02b706e9299670c404e8029a01e9aa524138fc0188e2",
   "axioms": ["propext", "Classical.choice", "Quot.sound"]},
  {"proven": true,
   "name": "ProcInt.PetriNet.pInvariant_step",
   "hash": "da860b6ad699d243257cfffeb0a07256ea6e6fb1c0f7b41894a25e920ef8c747",
   "axioms": ["propext", "Classical.choice", "Quot.sound"]},
  {"proven": true,
   "name": "ProcInt.PetriNet.reaches_add",
   "hash": "761a75a980dcbb57177f69956d8874bff0c80282a0571089ab1edda339313065",
   "axioms": ["propext", "Classical.choice", "Quot.sound"]},
  {"proven": true,
   "name": "ProcInt.PetriNet.reaches_firingSeq",
   "hash": "df3df55ab6417152821f45fb0b7a4da954d5771e6b2937ebc72d3ce76fe8b544",
   "axioms": ["propext", "Classical.choice", "Quot.sound"]},
  {"proven": true,
   "name": "ProcInt.PetriNet.reaches_repetitionFree",
   "hash": "ba84d083b9af41a6cc2c8c27af0c34364cf85769820374d5166d76d6bb9f36ad",
   "axioms": ["propext", "Classical.choice", "Quot.sound"]},
  {"proven": true,
   "name": "ProcInt.PetriNet.stateEquation_seq",
   "hash": "3fe8c43811172bc1da5a3386c9b7462e6f1bd3d5e9a8fbf22af6c4203278a1c7",
   "axioms": ["propext", "Classical.choice", "Quot.sound"]},
  {"proven": true,
   "name": "ProcInt.PetriNet.stateEquation_step",
   "hash": "01d1da3e574df8519e7f9163ab0252fe4707edbe6b850a0439748c22e6162b66",
   "axioms": ["propext", "Classical.choice", "Quot.sound"]},
  {"proven": true,
   "name": "ProcInt.PetriNet.step_add",
   "hash": "0d64f0d6612325ce61a1d426917b267418ac95b86a72a6d86e96b4e5a772066d",
   "axioms": ["propext", "Classical.choice", "Quot.sound"]},
  {"proven": true,
   "name": "ProcInt.PetriNet.step_deterministic",
   "hash": "1d4bb0b588cdc4c84a83d0b3317a3f5418dbc9f2c9d5adef275cdeb2c1abf248",
   "axioms": ["propext", "Classical.choice", "Quot.sound"]},
  {"proven": true,
   "name": "ProcInt.PetriNet.step_pre_self",
   "hash": "0ed56881f1b2bb5ba3b699aed6369965ac0fe318a9b41e1b3bafb69633066732",
   "axioms": ["propext", "Classical.choice", "Quot.sound"]},
  {"proven": true,
   "name": "ProcInt.PetriNet.tInvariant_reproduces",
   "hash": "0e64bc1ce973e955521bdc1f154a13b7002ec45aad43eb80eb65863524d2dec2",
   "axioms": ["propext", "Classical.choice", "Quot.sound"]},
  {"proven": true,
   "name": "ProcInt.PetriNet.unbounded_self_cover",
   "hash": "e929708b705b284055a5527a72591b69a4b942aa1c7e0d9093aee02954f8d151",
   "axioms": ["propext", "Classical.choice", "Quot.sound"]},
  {"proven": false,
   "name": "ProcInt.Powl",
   "hash": "a971a8314f78278b9926602636c0fd192da0cff0dea63a7abcd22ac7da304cc8",
   "axioms": []},
  {"proven": false,
   "name": "ProcInt.Powl.WellFormed",
   "hash": "069766f7a628f1a7eda872dd257d3ffc8eb6ff58989077e29469bfc6fa4d433e",
   "axioms": []},
  {"proven": true,
   "name": "ProcInt.Powl.WellFormed.xor_length",
   "hash": "5930a9a83e4597967c9ddc9623bad82f8c3247ef5f9f98789440e426e894fdc4",
   "axioms": []},
  {"proven": true,
   "name": "ProcInt.Powl.wellFormed_loop_atoms",
   "hash": "e8fe8c8f527bfc59958da88a51f89cdcbc198482907e5badf26cab63ebf8e3c4",
   "axioms": []},
  {"proven": true,
   "name": "ProcInt.Powl.wellFormed_po_emptyPrec",
   "hash": "4d8108857f06e142500298fee47e66c6debd95ac7b983d36cf80dc9cab1dd31a",
   "axioms": ["propext"]},
  {"proven": true,
   "name": "ProcInt.Powl.wellFormed_xor_pair",
   "hash": "d6636890a8bcdde54f07a59570bd24ae828f0facaabc184b7799545308a0d0de",
   "axioms": ["propext"]},
  {"proven": false,
   "name": "ProcInt.Precedence",
   "hash": "8841a14b5015e1e6f9d7726712c1fc56f1e2c9a8c9886dca3e1ef7f6c54c24be",
   "axioms": []},
  {"proven": false,
   "name": "ProcInt.PredictionHorizon",
   "hash": "7d338f114268ed3c8abd5480310e18aaa1c94d59b8060f0471bd8bae95292c6e",
   "axioms": []},
  {"proven": false,
   "name": "ProcInt.PredictionProblem",
   "hash": "963aa0613c1f92e34cb7780845115e6a3bd9bd849ed288b9d568a5a2e5e08034",
   "axioms": []},
  {"proven": false,
   "name": "ProcInt.PredictionProblem.WellPosed",
   "hash": "6a14a9a39a9f81786b2c2d5ba5bb8d5dcaeda2500480430d912647949318a537",
   "axioms": []},
  {"proven": false,
   "name": "ProcInt.PredictionProblem.prefixLen",
   "hash": "d798c3440dcb1cec3d2b4a940f7032bd17a3f42740f2b8b175772a053b0861b3",
   "axioms": []},
  {"proven": false,
   "name": "ProcInt.PredictionTarget",
   "hash": "e77e428e8274ae1d57cdbbfa249c6b5188015526d4b6a1ac4ac561e7eebef878",
   "axioms": []},
  {"proven": false,
   "name": "ProcInt.ProcessCube",
   "hash": "a2d497bd9031036acc2569978338d0378290f4c687d182d8c0dad32c0f8f6de7",
   "axioms": []},
  {"proven": false,
   "name": "ProcInt.ProcessCube.cell",
   "hash": "dffd4f5a0225d692e6fd5b0a36d667ecc8b7d2718334f1fa8319ae6605c71b7a",
   "axioms": []},
  {"proven": false,
   "name": "ProcInt.ProcessCube.slice",
   "hash": "42a3483e2f64418b058c5b7e2cad6a627a789521b56d33e6dcab65c9d57feed2",
   "axioms": []},
  {"proven": false,
   "name": "ProcInt.ProcessPerspective",
   "hash": "bc5a57f9400e64e5de3793738174184b79e41e3953d8e084e62346b44ddf54a1",
   "axioms": []},
  {"proven": false,
   "name": "ProcInt.ProcessTree",
   "hash": "c2bceb6e3a1247e8c2d09096d545c578f75967cdfd9096c5cdd2103facb4abf0",
   "axioms": []},
  {"proven": false,
   "name": "ProcInt.ProcessTree.language",
   "hash": "298b290f395bd0a5df0e9661c3c20b2f341fe7dd3277b37500650129d59ad844",
   "axioms": []},
  {"proven": true,
   "name": "ProcInt.ProcessTree.language_leaf_silent",
   "hash": "8bcb017906324b5f5d5a84523a8439f53e6914fe4e767115088a624c08aef060",
   "axioms": ["propext", "Classical.choice", "Quot.sound"]},
  {"proven": true,
   "name": "ProcInt.ProcessTree.language_seq_assoc",
   "hash": "bcde5b1d2009ecd93c45934871041c0a4a308e88e333c002322bda205595ce38",
   "axioms": ["propext", "Classical.choice", "Quot.sound"]},
  {"proven": true,
   "name": "ProcInt.ProcessTree.mem_language_seq_leaf",
   "hash": "7712fce48164f7d5e15e57086da7f1169a5fff9bc0effddc801c39a2a5367052",
   "axioms": ["propext", "Classical.choice", "Quot.sound"]},
  {"proven": false,
   "name": "ProcInt.QualityProfile",
   "hash": "207cac03e7c19c45d176e5694fad1ac3dacf5b490de12e3966b58e6803931f58",
   "axioms": []},
  {"proven": false,
   "name": "ProcInt.QualityProfile.perfect",
   "hash": "8ace369b58bda007b56eceff6513cf0e2fd087efac998393212598f82b605633",
   "axioms": []},
  {"proven": false,
   "name": "ProcInt.Reach",
   "hash": "2629b80b163325b679680141071b5e0f75bff31c06c96c3e8c038e9c0fc31ca1",
   "axioms": []},
  {"proven": true,
   "name": "ProcInt.Reach.trans",
   "hash": "72b9150a774d41da7ad71653d45bed36087074b4a69dcd7d0058df4e48fb367e",
   "axioms": []},
  {"proven": false,
   "name": "ProcInt.ReplayCounts",
   "hash": "f906d8e76f3c55d335360a6a20a5f2eaa689382b0a0b98eff9d6a20459e45f28",
   "axioms": []},
  {"proven": false,
   "name": "ProcInt.ReplayCounts.fitnessUnit",
   "hash": "19916d413fec709425e75b34f6e767550ef6e6a40bd8c7de66fd8ea51c71495c",
   "axioms": []},
  {"proven": false,
   "name": "ProcInt.Response",
   "hash": "42442bf7779464d5582e2405119676ed479e2976c303723f5ad318fbc98dba86",
   "axioms": []},
  {"proven": false,
   "name": "ProcInt.StochasticPetriNet",
   "hash": "7c7010b9132ccd04e333f21cfc851c2b29df4e06b4d89359f0202d5468382047",
   "axioms": []},
  {"proven": false,
   "name": "ProcInt.StochasticPetriNet.choiceWeight",
   "hash": "21adde7e7f2bbf9f5d24b1e33f82131c0d6093f0811a61111eeed8682f88b097",
   "axioms": []},
  {"proven": false,
   "name": "ProcInt.StochasticPetriNet.fireProb",
   "hash": "8a741668589b579f6ece2bb07db857a0073918107eadcd60f12bd516c107434a",
   "axioms": []},
  {"proven": true,
   "name": "ProcInt.StochasticPetriNet.fireProb_le_one",
   "hash": "4371e2bd1186c0ba12ee657665c162973338c8df4308631366f520b98db254aa",
   "axioms": ["propext", "Classical.choice", "Quot.sound"]},
  {"proven": true,
   "name": "ProcInt.StochasticPetriNet.fireProb_sum",
   "hash": "cd8720253e9ad6d3cbaee49b04e9f06d4fb4781a5cb2dbdf23c02eb267e83cad",
   "axioms": ["propext", "Classical.choice", "Quot.sound"]},
  {"proven": false,
   "name": "ProcInt.TemporalOrder",
   "hash": "d89cbc5f8f8b151412bd3bb31298b988c63d1b352734283ce0b44306eee3691d",
   "axioms": []},
  {"proven": false,
   "name": "ProcInt.TemporalProfile",
   "hash": "36aeb0aacb68d31fe42e8033fceb32e93595ff4caa22be682dc726e398a1564f",
   "axioms": []},
  {"proven": false,
   "name": "ProcInt.TimedEvent",
   "hash": "b5461c35cc2e04ecabe1d4c87348cd853e0557248c35b2f1e4357740d7561ea6",
   "axioms": []},
  {"proven": false,
   "name": "ProcInt.Trace",
   "hash": "9b80105dd9ffddbb9e7723109729c85e581f22748bd6abaef79077b3a087fc4b",
   "axioms": []},
  {"proven": false,
   "name": "ProcInt.Trace.Monotone",
   "hash": "ee9ae823a3995447f41039dd0b9ea1050477ad097ff3c91554af8d35197c3438",
   "axioms": []},
  {"proven": false,
   "name": "ProcInt.Trace.activities",
   "hash": "f9cd3d04f72c29735915ed9a40fe55d3d39c213c40782933604daba11730f972",
   "axioms": []},
  {"proven": true,
   "name": "ProcInt.Trace.activities_append",
   "hash": "08e6447090d1c530d4eb1e30c48ba2128d6d6c463af5df5c1520e51daffc3776",
   "axioms": ["propext"]},
  {"proven": true,
   "name": "ProcInt.Trace.activities_length",
   "hash": "8182237ff422945d83ed192c81fbd98f36d30cd0f685162b962e6ca39e8017a2",
   "axioms": ["propext"]},
  {"proven": true,
   "name": "ProcInt.Trace.monotone_append",
   "hash": "ea9f8f4aaab56c504a824002af3da1eb410498814d1a30ed98a7e8f71f54e482",
   "axioms": ["propext", "Classical.choice", "Quot.sound"]},
  {"proven": true,
   "name": "ProcInt.Trace.monotone_iff_pairwise",
   "hash": "1164c5b8a19c5ef95a270029c4fde2355789a71eebf735337e288486752f9cef",
   "axioms": ["propext", "Classical.choice", "Quot.sound"]},
  {"proven": true,
   "name": "ProcInt.Trace.monotone_nil",
   "hash": "73d2317e23b32a2529e30630fb8fa286661ba406c4820cd84514613296223675",
   "axioms": ["propext"]},
  {"proven": true,
   "name": "ProcInt.Trace.monotone_replicate",
   "hash": "5e0db221b165234bc1207c92ebdb7f733ac0077f16dfbbe45a177429ae708874",
   "axioms": ["propext", "Classical.choice", "Quot.sound"]},
  {"proven": true,
   "name": "ProcInt.Trace.monotone_singleton",
   "hash": "cbfbf9c4ab1f00cb878592e415fc8e43ab3d3fd778145379534deec95096bed4",
   "axioms": ["propext"]},
  {"proven": true,
   "name": "ProcInt.Trace.monotone_sublist",
   "hash": "a8c1686e632db045a58b6bc04c0b51cfa95124700f6d2c8d64e984e77b7f6f6f",
   "axioms": ["propext", "Classical.choice", "Quot.sound"]},
  {"proven": false,
   "name": "ProcInt.TransitionKind",
   "hash": "d57e0db9a240bdf84c370f9625afcd3f2622dfffdcad0dad0ce570628a3c65e0",
   "axioms": []},
  {"proven": false,
   "name": "ProcInt.UnfoldingPrefix",
   "hash": "486c102054c8ac9328b87b0805eecc72c704110af51dabd9e4cfe3fddd575b3f",
   "axioms": []},
  {"proven": false,
   "name": "ProcInt.UnitRat",
   "hash": "5aaf820b4c26973eb8b6e4e8bc4c34e36d9de6ca363b2842327807ec69ca9fef",
   "axioms": []},
  {"proven": false,
   "name": "ProcInt.UnitRat.one",
   "hash": "4abd79e061f4ef503793196e46a408e73ff03f472f4e15a13312e5c03662a1c3",
   "axioms": []},
  {"proven": false,
   "name": "ProcInt.UnitRat.zero",
   "hash": "04cfa83e833c14540de83db6d0cae721a3825c71fbe7017c25c0be88d03c8378",
   "axioms": []},
  {"proven": false,
   "name": "ProcInt.WfNet",
   "hash": "30c0368bfb8675577b7f20f7181c49e3a0135b97f507f4bb6cf2d88b615f46d6",
   "axioms": []},
  {"proven": false,
   "name": "ProcInt.WfNet.Sound",
   "hash": "55760b8ed4a0b3536d9bb98233ad4a8b278dcbf1d9485bddedbda6d453679a7e",
   "axioms": []},
  {"proven": true,
   "name": "ProcInt.WfNet.Sound.enabled_of_transition",
   "hash": "e66d2f89390349aa4d42f3a7a246f34211c8ba8ffcaa122314c89f2de8995fba",
   "axioms": ["propext", "Classical.choice", "Quot.sound"]},
  {"proven": true,
   "name": "ProcInt.WfNet.Sound.reaches_final",
   "hash": "bbf8359ac9c106a24b2cb8cb7fdb586c47c2d2689fcb47bfd5d95e64d3a6c892",
   "axioms": ["propext", "Classical.choice", "Quot.sound"]},
  {"proven": true,
   "name": "ProcInt.WfNet.bounded_of_sound",
   "hash": "c7d1191818d69c62d77bb447d52c5283f1eb5be74081d362114cfd9ebd7f264c",
   "axioms": ["propext", "Classical.choice", "Quot.sound"]},
  {"proven": false,
   "name": "ProcInt.WfNet.finalMarking",
   "hash": "8cfccc6c4fae0e9372363feb11c6d765f8f93264f0049f9e090be6149791dffe",
   "axioms": []},
  {"proven": true,
   "name": "ProcInt.WfNet.finalMarking_sink",
   "hash": "cd8fe3a5563126949cbfe73b3f89fc8010d9f6114f2248d4eb739a3bb754a8e6",
   "axioms": ["propext", "Classical.choice", "Quot.sound"]},
  {"proven": true,
   "name": "ProcInt.WfNet.finalMarking_source",
   "hash": "c1a29f35a3626ced6d8b2395b22be81144a1eec7c38b4af6be36fdcb84d7ea0a",
   "axioms": ["propext", "Classical.choice", "Quot.sound"]},
  {"proven": false,
   "name": "ProcInt.WfNet.initialMarking",
   "hash": "e991a15e0361ebd66dee9c4928d8989dc346ff3e1086d37894ca269546e64d0e",
   "axioms": []},
  {"proven": true,
   "name": "ProcInt.WfNet.initialMarking_ne_finalMarking",
   "hash": "f196ef9c10be2acaec029a1c4fc89bdef7cc9a84c15b64ddf64087fb2302ed30",
   "axioms": ["propext", "Classical.choice", "Quot.sound"]},
  {"proven": true,
   "name": "ProcInt.WfNet.initialMarking_sink",
   "hash": "ede6b35ccebeb87cf7cff6f06f0277f4181668f60fb01f82b126c22e3571f995",
   "axioms": ["propext", "Classical.choice", "Quot.sound"]},
  {"proven": true,
   "name": "ProcInt.WfNet.initialMarking_source",
   "hash": "59835924f80b2318188664d0ffc4bba62671f2fa580c0dad4372904797302e6f",
   "axioms": ["propext", "Classical.choice", "Quot.sound"]},
  {"proven": true,
   "name": "ProcInt.WfNet.live_of_sound",
   "hash": "cbc058db866f7a1f3b9ba29232558f7d6e6ec9d6374ccd4cd6b4cec24de12c2c",
   "axioms": ["propext", "Classical.choice", "Quot.sound"]},
  {"proven": true,
   "name": "ProcInt.WfNet.not_flowEdge_from_sink",
   "hash": "793477afdce84bad63595591d0fa5d0079edcd369a831d80f5f5406f47b7ad97",
   "axioms": ["propext", "Quot.sound"]},
  {"proven": true,
   "name": "ProcInt.WfNet.not_flowEdge_to_source",
   "hash": "ae4d2ac2edd9285c985d5ddbffe1ce113d0f9d4e538f0b9ce5b62e57f6a54f71",
   "axioms": ["propext", "Quot.sound"]},
  {"proven": true,
   "name": "ProcInt.WfNet.proper_of_bounded",
   "hash": "ca0280071fc4501158439f500b8af52762747b4ff9e85613851a83fdcdb759b9",
   "axioms": ["propext", "Classical.choice", "Quot.sound"]},
  {"proven": true,
   "name": "ProcInt.WfNet.reaches_shortCircuit",
   "hash": "08ce49dc0673665f0da8fd2af894dda68fd894d38b53e68216887a2c99847c38",
   "axioms": ["propext", "Classical.choice", "Quot.sound"]},
  {"proven": false,
   "name": "ProcInt.WfNet.shortCircuit",
   "hash": "3f8541f30f966b20cfa07835579bee3db16721a1ef81a7a9ebe2c6683084b211",
   "axioms": []},
  {"proven": true,
   "name": "ProcInt.WfNet.shortCircuit_enabled_inl",
   "hash": "e1c47084ed9f0c0a8847667a30e602e68e82d3e1cc0b11a394355105eb9d1d63",
   "axioms": ["propext", "Classical.choice", "Quot.sound"]},
  {"proven": true,
   "name": "ProcInt.WfNet.shortCircuit_enabled_star",
   "hash": "e5adee2bfa5ee0d9e797a9bc9f702b2998e05f84378f624789d42dffec9c78bc",
   "axioms": ["propext", "Classical.choice", "Quot.sound"]},
  {"proven": true,
   "name": "ProcInt.WfNet.shortCircuit_fire_star",
   "hash": "866b722c0389717cb82129e3a3e42f294cf15ef292ff2b82e42e7f3ee3b72e05",
   "axioms": ["propext", "Classical.choice", "Quot.sound"]},
  {"proven": true,
   "name": "ProcInt.WfNet.shortCircuit_post_inl",
   "hash": "cedf538c993604f0578844ca16e390b3419285f037f60e312ab8575de0988c37",
   "axioms": ["propext", "Classical.choice", "Quot.sound"]},
  {"proven": true,
   "name": "ProcInt.WfNet.shortCircuit_post_inr",
   "hash": "da92d86ae157f10a502204e4fa5a59ae7505776632fb19ed4c5873c0f14f0439",
   "axioms": ["propext", "Classical.choice", "Quot.sound"]},
  {"proven": true,
   "name": "ProcInt.WfNet.shortCircuit_pre_inl",
   "hash": "43341610371db7b939d6882a1ed7d3707bea7fb3dc53e3c3f88bbbb4ee4ad4eb",
   "axioms": ["propext", "Classical.choice", "Quot.sound"]},
  {"proven": true,
   "name": "ProcInt.WfNet.shortCircuit_pre_inr",
   "hash": "644372be86240c4055511bd411dbce2227c8b9e0cfd5fdc685ea0da14482e721",
   "axioms": ["propext", "Classical.choice", "Quot.sound"]},
  {"proven": true,
   "name": "ProcInt.WfNet.shortCircuit_reaches_project",
   "hash": "e28cdbfbf049fe7508a4f91f4d62c8f58f7665ff03b684df5f3b5a5d6df5a9bc",
   "axioms": ["propext", "Classical.choice", "Quot.sound"]},
  {"proven": true,
   "name": "ProcInt.WfNet.shortCircuit_seq_split",
   "hash": "1f0a072a067f6a366d25a403348998015c4c8331d3578b354468d9e67c0d684d",
   "axioms": ["propext", "Classical.choice", "Quot.sound"]},
  {"proven": true,
   "name": "ProcInt.WfNet.shortCircuit_step_inl",
   "hash": "9e9fe022690f33c4996cc2ae839eb503da69e0a7181c1b622d6b59303448701c",
   "axioms": ["propext", "Classical.choice", "Quot.sound"]},
  {"proven": true,
   "name": "ProcInt.WfNet.shortCircuit_step_star",
   "hash": "2eea7d633a7c15a265eacee5544fb737ee0f5fc9a397aa99574b3261713c0da7",
   "axioms": ["propext", "Classical.choice", "Quot.sound"]},
  {"proven": true,
   "name": "ProcInt.WfNet.sound_iff_shortCircuit_live_bounded",
   "hash": "90dbe18e54d8185e62a19321c2f7c73c777622ccbfed92609acf388f2192534c",
   "axioms": ["propext", "Classical.choice", "Quot.sound"]},
  {"proven": false,
   "name": "ProcInt.WfNet.sound_iff_shortCircuit_live_bounded_statement",
   "hash": "c81355752e00d15f63632d821d2d7551980c67ceec396e2664122c9f7bc0d0f7",
   "axioms": []},
  {"proven": true,
   "name": "ProcInt.WfNet.sound_of_live_bounded",
   "hash": "5e5acc5c05ae2a8d57a63fd856ebfdff2cd0f009ea5a896aa51ef068a5a303eb",
   "axioms": ["propext", "Classical.choice", "Quot.sound"]},
  {"proven": false,
   "name": "ProcInt.XesAttribute",
   "hash": "d001cd770a4856173f3633cdfe3ba7ea814265543ac1161a831dfb58f7a0e7e6",
   "axioms": []},
  {"proven": false,
   "name": "ProcInt.XesClassifier",
   "hash": "ec8a427946d53cbae8c55a749cbb5cb202c13bbc8e77981da0b0388811e478da",
   "axioms": []},
  {"proven": false,
   "name": "ProcInt.XesLifecycleTransition",
   "hash": "0d51f5acb4339d26001516d5d3e4dcc427b79dcda04f1465ab901e1a9765ec9b",
   "axioms": []},
  {"proven": false,
   "name": "ProcInt.XesLifecycleTransition.asString",
   "hash": "d05a1a6a6e42b01ce4ce84dd94d4625b04e3b9f165f2acbbda80a1e6069938cf",
   "axioms": []},
  {"proven": true,
   "name": "ProcInt.XesLifecycleTransition.asString_injective",
   "hash": "71601c01fd5405c8d6d1c5e6779517860ab9e7d23684698bc331704f1da78973",
   "axioms": ["propext"]},
  {"proven": true,
   "name": "ProcInt.XesLifecycleTransition.asString_parse",
   "hash": "92fd3a7019afad5bbe1adca7e4dec751dc510b1ed6afcd23c9027b832f1a6660",
   "axioms": ["propext"]},
  {"proven": false,
   "name": "ProcInt.XesLifecycleTransition.parse",
   "hash": "1b8c559490a4aeb03073f08f218ffec1c1c75808fb56dfba82e8bf9418f8f843",
   "axioms": []},
  {"proven": true,
   "name": "ProcInt.XesLifecycleTransition.parse_asString",
   "hash": "21e7862f125126b9dd18fec3c04ae9b60dde7bf6e712162098b2760f15d9f5ce",
   "axioms": []},
  {"proven": false,
   "name": "ProcInt.XesValue",
   "hash": "17ff5ddee819ea0acb5be508800759f00ee58ed01a736ea497d4c42688d7c30a",
   "axioms": []},
  {"proven": false,
   "name": "ProcInt.alignmentCost",
   "hash": "f486d8fa111042e6112ce8cafa30150b4a337723b768ad242e1d1af422840615",
   "axioms": []},
  {"proven": true,
   "name": "ProcInt.alignmentCost_append",
   "hash": "63285024b43819c0f629a652f23fc10b743e9cd9b10305a5f4162af6df74c5ea",
   "axioms": ["propext"]},
  {"proven": true,
   "name": "ProcInt.alignmentCost_zero_iff_all_costfree",
   "hash": "ed4a3dbd73dee227e13616cee5d812a9c42742480a51a64c5dcfb15a16b6c228",
   "axioms": ["propext", "Quot.sound"]},
  {"proven": true,
   "name": "ProcInt.archived_only_deletes",
   "hash": "fccb2a6cade9bf8827f4e49df1edb003351a2a4c14b27ae6a80bf9d7ab5909d6",
   "axioms": []},
  {"proven": true,
   "name": "ProcInt.archived_terminal",
   "hash": "dc936e2f63ee97b10ba55d07f717a82df0888c49bb533a756847b5394c536478",
   "axioms": []},
  {"proven": true,
   "name": "ProcInt.arity_one_or_two",
   "hash": "0ec2dbddb013250794f326c50738bbdbaac69ff8db39ff13b3861d1eda178a79",
   "axioms": ["propext"]},
  {"proven": false,
   "name": "ProcInt.bpmnMinimal",
   "hash": "13645d429309dde22236228bfb8eb5a467cb6467070a2b5fc04a9917bfc8a75d",
   "axioms": []},
  {"proven": true,
   "name": "ProcInt.bpmnMinimal_wellFormed",
   "hash": "7e52af2a1a3af41ee7aa13f4c38599eb2d4cc74d15d9c91df058f84ef37c8f23",
   "axioms": ["propext", "Classical.choice", "Quot.sound"]},
  {"proven": true,
   "name": "ProcInt.bpmn_empty_not_wellFormed",
   "hash": "0acb76d8cfc93cf0157ab4c420a23b0164eed5f5c87ca70fd6d674775ac9f15f",
   "axioms": ["propext", "Quot.sound"]},
  {"proven": true,
   "name": "ProcInt.cell_dim",
   "hash": "ed313be2153352622aa8131a385d5b9eddf376b7eecb1869e6efacfc03449eb9",
   "axioms": ["propext"]},
  {"proven": true,
   "name": "ProcInt.cell_subset",
   "hash": "3b09c2e05b1faa70841fe3ca2fb5572d4753d998375f5ad637e8236f44c3752c",
   "axioms": ["propext"]},
  {"proven": true,
   "name": "ProcInt.cell_subset_slice",
   "hash": "c179b0635ef4ca152ee7c5ce66cfd8ac112758aa83d1c195a02b2ad4281399ec",
   "axioms": ["propext"]},
  {"proven": false,
   "name": "ProcInt.combinedScore",
   "hash": "def3b590296f901cecec35ca580522b0adc0c7bc9a172e6c6d5939af7e2eebee",
   "axioms": []},
  {"proven": true,
   "name": "ProcInt.combinedScore_uniform",
   "hash": "5334ea0489994df289ef07286d89b0bb7b55465872d2e707157fd5325402d60a",
   "axioms": ["propext", "Classical.choice", "Quot.sound"]},
  {"proven": true,
   "name": "ProcInt.correlated_cons",
   "hash": "4592bd3dfd75f73cb1365840317c4475cb08fc3c95c0c28db2bbeaebf915d19d",
   "axioms": ["propext"]},
  {"proven": true,
   "name": "ProcInt.correlated_empty",
   "hash": "4609116bafc91eae2b5a7c73201c644e1463aed0eafe9a2f792dfe49819b6f63",
   "axioms": []},
  {"proven": false,
   "name": "ProcInt.crownJewel_status",
   "hash": "f2a8bc8a2ac646138add2f101864f6200196c6340c2c1a5fdf305f5743759917",
   "axioms": []},
  {"proven": true,
   "name": "ProcInt.deleted_terminal",
   "hash": "a4491c57c61b222a3b5286f2cc18b7b9e2d4e929e79ca6932bc118ec83c89762",
   "axioms": []},
  {"proven": false,
   "name": "ProcInt.dependencyMeasure",
   "hash": "99267eb0365db921565877b0eaf559d9b772a4513c3e46c2b6cee594d81291e7",
   "axioms": []},
  {"proven": true,
   "name": "ProcInt.dependencyMeasure_antisymm",
   "hash": "e32fdced8b5556553f7c30127740485c1c4accf11d250ee9ad020cfa084269b9",
   "axioms": ["propext", "Classical.choice", "Quot.sound"]},
  {"proven": true,
   "name": "ProcInt.dependencyMeasure_lt_one",
   "hash": "d1ba659250cbdefe74edea86881c8fb6678dceb4f99b219b572c911e4fee979d",
   "axioms": ["propext", "Classical.choice", "Quot.sound"]},
  {"proven": true,
   "name": "ProcInt.dependencyMeasure_self",
   "hash": "b6b607fa1edc87850991c8207d6324e53d9a14eb1996cc0a643052741fed0211",
   "axioms": ["propext", "Classical.choice", "Quot.sound"]},
  {"proven": false,
   "name": "ProcInt.dfgOfTrace",
   "hash": "f8f9fc433dc0aedc90a7fb2d99608f1d9d97210beaa4882a745445181e78dd00",
   "axioms": []},
  {"proven": true,
   "name": "ProcInt.dfgOfTrace_edges_length",
   "hash": "a583b89c0a5cdd27138eede9ece729a3500f8ba642dcf078a20579c3cddc2f50",
   "axioms": ["propext", "Classical.choice", "Quot.sound"]},
  {"proven": true,
   "name": "ProcInt.dfgOfTrace_freq_one",
   "hash": "8c0cdba7d53fe75c9432829e615c8218a8ff7c74239202cdc318fb3b95ac28f3",
   "axioms": ["propext", "Quot.sound"]},
  {"proven": true,
   "name": "ProcInt.dfgOfTrace_nil",
   "hash": "5c26080139e97a44617b997fc2e5164a9aab8d05a0dc7fc748c7ec2c0e9fa05d",
   "axioms": []},
  {"proven": true,
   "name": "ProcInt.empty_length",
   "hash": "0754ac77586483cd2f51bd389f4993aee847279f300f8fd379b8e3e057630eb1",
   "axioms": []},
  {"proven": false,
   "name": "ProcInt.example_fitness_perfect",
   "hash": "6acde8d40806f68f5a36a488047d22acc46570484f4dacb3b0b5a5dcf8a82378",
   "axioms": []},
  {"proven": false,
   "name": "ProcInt.example_replaycounts_missing_gt_consumed",
   "hash": "8cb58c17489afea9f88469a04cda2b4886794b2bc9adbae0def69f5b950792b9",
   "axioms": []},
  {"proven": false,
   "name": "ProcInt.example_trace_monotone",
   "hash": "8a22105f2966dcd294a6bd06cb56144b128a500c2cefea2109aef0a4aff5a26b",
   "axioms": []},
  {"proven": false,
   "name": "ProcInt.example_trace_nonmonotone",
   "hash": "c27f9725d6f8c59d367bfeb3947d833ede2230ce963332a720e64f897efedbc2",
   "axioms": []},
  {"proven": true,
   "name": "ProcInt.existence_append",
   "hash": "0b123dba8594ad8600920d5192ffc211388c3059d566475daddb27d4de7b3203",
   "axioms": []},
  {"proven": false,
   "name": "ProcInt.f1",
   "hash": "ff74d4e1e4626840fcd6c18975106d996e1ba033399189edb422ec97b1d40732",
   "axioms": []},
  {"proven": true,
   "name": "ProcInt.f1_le_one",
   "hash": "eb0d964a6977baf7babc75ec3a4355ec25a644979b3bd14f2de0845962a2fb2d",
   "axioms": ["propext", "Classical.choice", "Quot.sound"]},
  {"proven": true,
   "name": "ProcInt.f1_nonneg",
   "hash": "a06a9d3ac945779258e736db80faafcbd124df8007b633cd9ae32c503ae79cd2",
   "axioms": ["propext", "Classical.choice", "Quot.sound"]},
  {"proven": false,
   "name": "ProcInt.fitness",
   "hash": "9bc36a34f132984091b767b22639c92b0a653d83fb6d9b8172b5e022ccf7fb74",
   "axioms": []},
  {"proven": true,
   "name": "ProcInt.fitness_le_one",
   "hash": "01c12dfd07cca4ffdcb357ca4ee0f3f33166291da9e8d4b353f38a26da7ccdfe",
   "axioms": ["propext", "Classical.choice", "Quot.sound"]},
  {"proven": true,
   "name": "ProcInt.fitness_mem_unitInterval",
   "hash": "8e9a70184a9afd70620f58c1e7dc8eeaa862ea54ec2bcf3ececc35442286e671",
   "axioms": ["propext", "Classical.choice", "Quot.sound"]},
  {"proven": true,
   "name": "ProcInt.fitness_nonneg",
   "hash": "d093a5e16c139fa5db912b8c1e47026937395f9513d3fb6078a3f75590ee03b7",
   "axioms": ["propext", "Classical.choice", "Quot.sound"]},
  {"proven": true,
   "name": "ProcInt.fitness_perfect",
   "hash": "bce1aa0274ca16b0e36df18548c4afcbcb2f3d9a7834302055be79bb18ae0535",
   "axioms": ["propext", "Classical.choice", "Quot.sound"]},
  {"proven": true,
   "name": "ProcInt.happensBefore_irrefl",
   "hash": "e46118937a8799d35a471d1933f6bf0f7c1d98f31c6c93191564a4a7754110ac",
   "axioms": []},
  {"proven": true,
   "name": "ProcInt.happensBefore_trans",
   "hash": "d2822055415723569f4acbba3bb922a2b2f71bb421fe3f29cc9f4374db66eef5",
   "axioms": []},
  {"proven": false,
   "name": "ProcInt.instCoeUnitRatRat",
   "hash": "4943b6dfd90ae10cd74c942328c2700ea769d749a4355fb81a98f5af574a95e9",
   "axioms": []},
  {"proven": false,
   "name": "ProcInt.interleavings",
   "hash": "426c8787889c25665ffdc965531c6896180f742396d5a29f6d83055cf8bfb600",
   "axioms": []},
  {"proven": true,
   "name": "ProcInt.length_of_mem_interleavings",
   "hash": "70d10926a6760df133cb7d18fa813b4077ada6a2f90b6777ffba448487813064",
   "axioms": ["propext", "Classical.choice", "Quot.sound"]},
  {"proven": true,
   "name": "ProcInt.lifecycleStep_irrefl",
   "hash": "2ef064adf9739c2e53590c5861626febded3c015f885b75d0aa32ddea1351817",
   "axioms": []},
  {"proven": false,
   "name": "ProcInt.linked",
   "hash": "8345bfccf0b04a041bef540a6fc2ac9eb17c408b2d8508b1c2641a714b03e11d",
   "axioms": []},
  {"proven": true,
   "name": "ProcInt.linked_nil",
   "hash": "a3d7052a9f687a087c1e348b060471c30294280895e296895894e52dd9df3ced",
   "axioms": []},
  {"proven": true,
   "name": "ProcInt.linked_singleton",
   "hash": "c8d40a4e972cf8e47e07565b0712ab7d1764e0f41869bc01a9cee239c234216c",
   "axioms": []},
  {"proven": true,
   "name": "ProcInt.linked_tail",
   "hash": "3884637476f3a67bef09497c9b02d7472458c1ed6b47d6a26fa841b9f7c50141",
   "axioms": []},
  {"proven": false,
   "name": "ProcInt.logProjection",
   "hash": "0b543da393ed34c1fedfb586793f417a1fcf8cbda99df02f58a539d8f4e6d0f5",
   "axioms": []},
  {"proven": true,
   "name": "ProcInt.logProjection_length_le",
   "hash": "a8c695dc354e9c2d1055da8af3d23b3232c817edafbea5b8a9eefa26b2d743ad",
   "axioms": ["propext"]},
  {"proven": false,
   "name": "ProcInt.modelProjection",
   "hash": "221f1d179b6a76c82bc00fcbc9203699b65efa6afa82bd301715f1fac5cf672a",
   "axioms": []},
  {"proven": true,
   "name": "ProcInt.neg_one_lt_dependencyMeasure",
   "hash": "37cd6bab7e1e00fd943e3f0f87b345228c1d60b4824ff41c4109f7a111cd3ce5",
   "axioms": ["propext", "Classical.choice", "Quot.sound"]},
  {"proven": true,
   "name": "ProcInt.no_transition_to_created",
   "hash": "76a478175d64d2859d10e1ea8169f1debd2567301446e82423a275543d69cf9c",
   "axioms": []},
  {"proven": true,
   "name": "ProcInt.notCoexistence_comm",
   "hash": "9c3e6ace0301fdf1613217729c25e321bbbefe9f325942816ca732072ecb6c51",
   "axioms": []},
  {"proven": false,
   "name": "ProcInt.ocelOracle",
   "hash": "18c442567754a80d066bb603621fba77349862b61dc4ecb6e3f03cf022e85a6e",
   "axioms": []},
  {"proven": true,
   "name": "ProcInt.oneSubRatio_le_one",
   "hash": "9b07d3aa6cbb41d115aefb0e8552d9fa8c334843df7cd30799539a27afbfdf1a",
   "axioms": ["propext", "Classical.choice", "Quot.sound"]},
  {"proven": true,
   "name": "ProcInt.oneSubRatio_nonneg",
   "hash": "3a5d2268cf719a62b3887e5ee747af70148e8ad0c383ceaf9ceeff43f3dd61af",
   "axioms": ["propext", "Classical.choice", "Quot.sound"]},
  {"proven": true,
   "name": "ProcInt.precedence_concrete",
   "hash": "5fcb96b098e95fa276f7aa8c618d0216255f81c7f13c0af72d5794da061deb80",
   "axioms": ["propext", "Quot.sound"]},
  {"proven": true,
   "name": "ProcInt.push_bounded",
   "hash": "65314918da88982a73ee0c43b9e5a29f0d16aee5bce6c075e52a5973f9a8f814",
   "axioms": ["propext", "Quot.sound"]},
  {"proven": true,
   "name": "ProcInt.push_not_full",
   "hash": "092b18a4ea577c770c7066fd829ca04ad91debda8d06d4455da78541b7697860",
   "axioms": ["propext", "Quot.sound"]},
  {"proven": true,
   "name": "ProcInt.response_concrete",
   "hash": "03224816e24ea18ca81d3b8bc41cdead7f090f395fb8d52eb6ef0161b504da43",
   "axioms": ["propext", "Quot.sound"]},
  {"proven": false,
   "name": "ProcInt.seqLang",
   "hash": "13d067b5782d9f11a779b2444846fcf138de0d90c5f5258d510d9c3065815f8e",
   "axioms": []},
  {"proven": true,
   "name": "ProcInt.seqLang_assoc",
   "hash": "715cd2cf0867d7dfb48f68c1b62711b5689552b8ef9af6d0e49bbc1451129659",
   "axioms": ["propext", "Quot.sound"]},
  {"proven": false,
   "name": "ProcInt.seqNet",
   "hash": "e2d88d19e4b4deaa2578ed48ee2ead6499f880df4d24f1db1b2abd59c7b56114",
   "axioms": []},
  {"proven": false,
   "name": "ProcInt.sojourn",
   "hash": "b9cbae5c8b02ec51ca4bf60919ec574c2b3a8ed796ffb4788ea1e994825ee120",
   "axioms": []},
  {"proven": true,
   "name": "ProcInt.sojourn_self",
   "hash": "cacb7517e00e73779dd86061d6af5b0b49245be3e82905b4386f5ea5f4dab7d6",
   "axioms": []},
  {"proven": true,
   "name": "ProcInt.succession_imp_response",
   "hash": "a68b5bc63297de48595e7593281c84901bc17b990b8ad28b0bcb1ebb1a1317eb",
   "axioms": []},
  {"proven": false,
   "name": "ProcInt.testSurface",
   "hash": "b72bef8f85cb3bbb1a71beca4b27e7b9140d8217e5455eca8e1fdeb6e0116670",
   "axioms": []},
  {"proven": false,
   "name": "ProcInt.test_fitness_oracles",
   "hash": "5ee23386f34c357e5abad15dea4f39b431afb5df67be3a521057ecaf9b472acf",
   "axioms": []},
  {"proven": false,
   "name": "ProcInt.test_model_oracles",
   "hash": "a0f47a12b4b956c145edc152164835d87842deac48996fae220efc80059e43ea",
   "axioms": []},
  {"proven": false,
   "name": "ProcInt.test_ocel_projections",
   "hash": "d9976636ab19f97f4b9c88ff4d0aa47cbef77c0383696f776b6fe02b7d9676d2",
   "axioms": []},
  {"proven": false,
   "name": "ProcInt.test_perfect_alignment",
   "hash": "f99d767a61f2e5b848796323a6b00ca1de856fec0bad3d241ca68353d05690c0",
   "axioms": []},
  {"proven": false,
   "name": "ProcInt.test_seqNet_enabled",
   "hash": "42bfcda1accae0c9ca0ed3ec0eb4c84a774f9e0620af0122584ba59d0ab58ce3",
   "axioms": []},
  {"proven": false,
   "name": "ProcInt.test_trace_oracles",
   "hash": "b4533508d50478c8113db80118397dd1cc2116012ecffcc3ea42e71154861cd8",
   "axioms": []},
  {"proven": false,
   "name": "ProcInt.uniformWeights",
   "hash": "602b42afa6ecba46018b1775b1e0a04e141eeb018e02acbb8dce0855470827ca",
   "axioms": []},
  {"proven": true,
   "name": "ProcInt.uniformWeights_normalized",
   "hash": "59c74b924fb8f6218773680e56cb0be417f1fb6149b2230b678ddb374a132788",
   "axioms": ["propext", "Classical.choice", "Quot.sound"]},
  {"proven": true,
   "name": "ProcInt.unitRat_le_one",
   "hash": "a99a85101c8c8eea713700e33a93654fe5aa515f7cac03ea5f8115cd5fe55020",
   "axioms": ["propext", "Quot.sound"]},
  {"proven": true,
   "name": "ProcInt.unitRat_nonneg",
   "hash": "95c24c5b3b62b21a9e56a2455ee12124c4bc578384b216a75d57acd4cf64f143",
   "axioms": ["propext", "Quot.sound"]},
  {"proven": false,
   "name": "ProcInt.weighSum",
   "hash": "4d125ce0b778d80bbd23b600c3f5d92be99758c75b8e626489e5d3cc81e561e6",
   "axioms": []},
  {"proven": true,
   "name": "ProcInt.weighSum_add",
   "hash": "8998c51216c4a509f4f07c6eb876256ed107553e531353f74d758795e81f8edb",
   "axioms": ["propext", "Classical.choice", "Quot.sound"]},
  {"proven": true,
   "name": "ProcInt.wellPosed_prefixLen_pos",
   "hash": "b9bc746cf6d391aa66206a8654631c52a6cd09bc8b0b8b76a679c1b30b4bd6fb",
   "axioms": ["propext", "Classical.choice", "Quot.sound"]}]}
certified: v26.7.7 (proven 197/388, objection type uninhabited)
=== Negative control 1: gates.json with sorryFree=false ===
gate failure: sorryFree=false axiomsClean=true fixturesPass=true evidenceComplete=true
exit=1
=== Negative control 2: malformed manifest JSON ===
refusal: malformed JSON in <scratch>/manifest_bad.json: offset 200: unexpected end of input
exit=2
