info: docbuild: no previous manifest, creating one from scratch
info: leanprover/doc-gen4: cloning https://github.com/leanprover/doc-gen4
info: leanprover/doc-gen4: checking out revision '0bc516c1b9db83658d6475c40d9b1ed71219b921'
info: toolchain not updated; already up-to-date
info: leansqlite: cloning https://github.com/leanprover/leansqlite
info: leansqlite: checking out revision '0be4df908d1a8e75b58961041e2b4973692623df'
info: UnicodeBasic: cloning https://github.com/fgdorais/lean4-unicode-basic
info: UnicodeBasic: checking out revision 'a2e430a4c9d3ad24078b8581fe0162fc5b0c9a6c'
info: BibtexQuery: cloning https://github.com/dupuisf/BibtexQuery
info: BibtexQuery: checking out revision '5d31b64fb703c5d77f6ef4d1fb958f9bdf1ea539'
info: MD4Lean: cloning https://github.com/acmepjz/md4lean
info: MD4Lean: checking out revision '6a3fb240133bcb7e1a066fdc784b3fdc304e3fc5'
info: mathlib: running post-update hooks
✔ [3/8] Built leansqlite/leansqlite.o (932ms)
✔ [4/8] Built leansqlite/shathree.o (932ms)
✔ [5/8] Built leansqlite/sqlite.o (1.7s)
✔ [6/78] Built leansqlite/leansqlite.static (380ms)
✔ [14/91] Built leansqlite.static:shared (176ms)
✔ [16/97] Built MD4Lean/md4c.static (864ms)
✔ [19/119] Built md4c.static:shared (130ms)
✔ [21/119] Built UnicodeBasic.CharacterDatabase (529ms)
✔ [22/119] Built UnicodeBasic/UnicodeCLib (724ms)
✔ [24/156] Built UnicodeBasic.Hangul (565ms)
✔ [26/193] Built SQLite.FFI (895ms)
✔ [27/193] Built UnicodeBasic.Hangul:c.o (274ms)
✔ [30/193] Built UnicodeBasic.CharacterDatabase:c.o (410ms)
✔ [31/193] Built UnicodeBasic.Hangul:dynlib (150ms)
✔ [32/193] Built BibtexQuery.String (625ms)
✔ [33/193] Built DocGen4.Process.Hierarchy:c.o (353ms)
✔ [34/193] Built DocGen4.Helpers:c.o (303ms)
✔ [35/193] Built DocGen4.Output.SourceLinker:c.o (207ms)
✔ [36/193] Built SQLite.FFI:c.o (202ms)
✔ [37/193] Built UnicodeBasic.CharacterDatabase:dynlib (159ms)
✔ [38/193] Built BibtexQuery.ParsecExtra (734ms)
✔ [39/193] Built BibtexQuery.Xml (640ms)
✔ [40/275] Built SQLite.FFI:dynlib (136ms)
✔ [41/275] Built UnicodeBasic.Types (1.3s)
✔ [42/275] Built DocGen4.Process.Attributes:c.o (535ms)
✔ [43/275] Built BibtexQuery.Xml:c.o (140ms)
✔ [122/548] Built BibtexQuery.String:c.o (283ms)
✔ [395/793] Built BibtexQuery.Entry (458ms)
✔ [646/921] Built DocGen4.Output.ToHtmlFormat:c.o (847ms)
✔ [647/921] Built BibtexQuery.ParsecExtra:c.o (443ms)
✔ [768/1073] Built MD4Lean (1.1s)
✔ [921/1407] Built BibtexQuery.Entry:c.o (235ms)
✔ [1259/1727] Built SQLite.Blob.Classes (1.9s)
✔ [1886/2329] Built BibtexQuery.Parser (627ms)
✔ [2187/2429] Built UnicodeBasic.Types:c.o (942ms)
✔ [2188/2429] Built MD4Lean:c.o (563ms)
✔ [2285/2662] Built UnicodeBasic.Types:dynlib (103ms)
✔ [2286/2662] Built MD4Lean:shared (98ms)
✔ [2520/2916] Built SQLite.LowLevel (1.1s)
✔ [3220/3629] Built SQLite.Blob.Classes:c.o (674ms)
✔ [3221/3629] Built BibtexQuery.Parser:c.o (530ms)
✔ [3492/3899] Built SQLite.Blob.Classes:dynlib (102ms)
✔ [3493/3899] Built SQLite.LowLevel:c.o (406ms)
✔ [3765/4188] Built SQLite.LowLevel:dynlib (103ms)
✔ [7930/8389] Built UnicodeBasic.TableLookup (1.8s)
✔ [8671/15924] Built SQLite.Blob.Deriving (2.1s)
✔ [8672/15924] Built UnicodeBasic.TableLookup:c.o (655ms)
✔ [8673/16385] Built UnicodeBasic.TableLookup:dynlib (106ms)
✔ [8674/17172] Built Cli.Basic (4.4s)
✔ [8676/17397] Built Cli.Extensions (453ms)
✔ [8677/17397] Built SQLite.Blob.Deriving:c.o (866ms)
✔ [8678/17397] Built SQLite.Blob.Deriving:dynlib (113ms)
✔ [8679/17397] Built UnicodeBasic (890ms)
✔ [8680/17397] Built Cli (342ms)
✔ [8681/17397] Built Cli.Extensions:c.o (416ms)
✔ [8682/17397] Built Cli:c.o (97ms)
✔ [8683/17397] Built UnicodeBasic:c.o (351ms)
✔ [8684/17397] Built UnicodeBasic:shared (105ms)
✔ [8685/17397] Built SQLite.Blob.Instances (1.1s)
✔ [8686/17397] Built Cli.Basic:c.o (2.3s)
✔ [8687/17397] Built BibtexQuery.TexDiacritics (1.5s)
✔ [8688/17397] Built SQLite.Blob.Instances:c.o (1.1s)
✔ [8689/17397] Built SQLite.Blob.Instances:dynlib (107ms)
✔ [8690/17397] Built BibtexQuery.Name (632ms)
✔ [8691/17397] Built SQLite.Blob (601ms)
✔ [8692/17397] Built BibtexQuery.TexDiacritics:c.o (947ms)
✔ [8693/17397] Built BibtexQuery.Name:c.o (414ms)
✔ [8694/17397] Built SQLite.Blob:c.o (103ms)
✔ [8695/17397] Built SQLite.Blob:dynlib (106ms)
✔ [8696/17397] Built BibtexQuery.Format (960ms)
✔ [8697/17397] Built SQLite.QueryParam (1.0s)
✔ [8698/17397] Built SQLite.QueryResult (1.2s)
✔ [8699/17397] Built SQLite.QueryParam:c.o (120ms)
✔ [8700/17397] Built SQLite.QueryParam:dynlib (104ms)
✔ [8701/17397] Built BibtexQuery.Format:c.o (842ms)
✔ [8702/17397] Built SQLite.QueryResult:c.o (184ms)
✔ [8703/17397] Built SQLite.QueryResult:dynlib (104ms)
✔ [8704/17397] Built SQLite.Interpolation (1.1s)
✔ [8705/17397] Built SQLite.Interpolation:c.o (213ms)
✔ [8706/17397] Built SQLite.Interpolation:dynlib (103ms)
✔ [8707/17397] Built SQLite.QueryResult.Deriving (1.5s)
✔ [8708/17397] Built SQLite.QueryResult.Deriving:c.o (643ms)
✔ [8709/17397] Built SQLite.QueryResult.Deriving:dynlib (107ms)
✔ [8710/17397] Built SQLite (1.0s)
✔ [8711/17397] Built SQLite:c.o (104ms)
✔ [8712/17397] Built SQLite:shared (108ms)
✔ [8713/17397] Built DocGen4.RenderedCode (4.8s)
✔ [8714/17397] Built DocGen4.RenderedCode:c.o (582ms)
✔ [8715/17397] Built DocGen4.DB.Schema (1.5s)
✔ [8716/17397] Built DocGen4.Process.Base (1.6s)
✔ [8717/17397] Built DocGen4.Process.Base:c.o (159ms)
✔ [8718/17397] Built DocGen4.DB.Schema:c.o (230ms)
✔ [8719/17397] Built DocGen4.Process.NameInfo (1.5s)
✔ [8720/17397] Built DocGen4.Process.NameInfo:c.o (323ms)
✔ [8721/17397] Built DocGen4.Process.AxiomInfo (1.5s)
✔ [8722/17397] Built DocGen4.Process.TheoremInfo (1.4s)
✔ [8723/17397] Built DocGen4.Process.InductiveInfo (1.5s)
✔ [8724/17397] Built DocGen4.Process.OpaqueInfo (1.6s)
✔ [8725/17397] Built DocGen4.Process.DefinitionInfo (1.6s)
✔ [8726/17397] Built DocGen4.Process.StructureInfo (1.6s)
✔ [8727/17397] Built DocGen4.Process.AxiomInfo:c.o (174ms)
✔ [8728/17397] Built DocGen4.Process.TheoremInfo:c.o (132ms)
✔ [8729/17397] Built DocGen4.Process.OpaqueInfo:c.o (130ms)
✔ [8730/17397] Built DocGen4.Process.InductiveInfo:c.o (127ms)
✔ [8731/17397] Built DocGen4.Process.DefinitionInfo:c.o (202ms)
✔ [8732/17397] Built DocGen4.Process.StructureInfo:c.o (246ms)
✔ [8733/17397] Built DocGen4.Process.ClassInfo (1.3s)
✔ [8734/17397] Built DocGen4.Process.InstanceInfo (1.4s)
✔ [8735/17397] Built DocGen4.Process.ClassInfo:c.o (122ms)
✔ [8736/17397] Built DocGen4.Process.InstanceInfo:c.o (221ms)
✔ [8737/17397] Built DocGen4.Process.DocInfo (1.3s)
✔ [8738/17397] Built DocGen4.Process.DocInfo:c.o (268ms)
✔ [8739/17397] Built DocGen4.Process.Analyze (1.6s)
✔ [8740/17397] Built DocGen4.Process.Analyze:c.o (572ms)
✔ [8741/17397] Built DocGen4.Process (1.3s)
✔ [8742/17397] Built DocGen4.Process:c.o (165ms)
✔ [8743/17397] Built DocGen4.Load (1.4s)
✔ [8744/17397] Built DocGen4.Load:c.o (184ms)
✔ [8745/17397] Built DocGen4.Output.Base (1.7s)
✔ [8746/17397] Built DocGen4.DB.VersoDocString (2.1s)
✔ [8747/17397] Built DocGen4.Output.Base:c.o (396ms)
✔ [8748/17397] Built DocGen4.Output.Arg (1.4s)
✔ [8749/17397] Built DocGen4.Output.Navbar (1.5s)
✔ [8750/17397] Built DocGen4.Output.Arg:c.o (110ms)
✔ [8751/17397] Built DocGen4.Output.Navbar:c.o (213ms)
✔ [8752/17397] Built DocGen4.DB.VersoDocString:c.o (1.6s)
✔ [8753/17397] Built DocGen4.DB.Read (2.1s)
✔ [8754/17397] Built DocGen4.Output.Template (1.5s)
✔ [8755/17397] Built DocGen4.Output.Template:c.o (336ms)
✔ [8756/17397] Built DocGen4.Output.NotFound (1.0s)
✔ [8757/17397] Built DocGen4.Output.Index (2.1s)
✔ [8758/17397] Built DocGen4.Output.Find (2.2s)
✔ [8759/17397] Built DocGen4.Output.References (2.1s)
✔ [8760/17397] Built DocGen4.Output.Search (2.0s)
✔ [8761/17397] Built DocGen4.Output.Index:c.o (190ms)
✔ [8762/17397] Built DocGen4.Output.NotFound:c.o (328ms)
✔ [8763/17397] Built DocGen4.Output.Search:c.o (257ms)
✔ [8764/17397] Built DocGen4.DB.Read:c.o (2.8s)
✔ [8765/17397] Built DocGen4.Output.Find:c.o (139ms)
✔ [8766/17397] Built DocGen4.Output.References:c.o (249ms)
✔ [8767/17397] Built DocGen4.DB (3.2s)
✔ [8768/17397] Built DocGen4.Output.DocString (2.9s)
✔ [8769/17397] Built DocGen4.Output.Bibtex (1.8s)
✔ [8770/17397] Built DocGen4.Output.DocString:c.o (965ms)
✔ [8771/17397] Built DocGen4.Output.Bibtex:c.o (215ms)
✔ [8772/17397] Built DocGen4.DB:c.o (1.6s)
✔ [8773/17397] Built DocGen4.Output.Definition (1.7s)
✔ [8774/17397] Built DocGen4.Output.Inductive (1.8s)
✔ [8775/17397] Built DocGen4.Output.Structure (1.9s)
✔ [8776/17397] Built DocGen4.Output.Definition:c.o (191ms)
✔ [8777/17397] Built DocGen4.Output.Inductive:c.o (199ms)
✔ [8778/17397] Built DocGen4.Output.Structure:c.o (195ms)
✔ [8779/17397] Built DocGen4.Output.Instance (1.6s)
✔ [8780/17397] Built DocGen4.Output.Instance:c.o (108ms)
✔ [8781/17397] Built DocGen4.Output.Class (1.6s)
✔ [8782/17397] Built DocGen4.Output.FoundationalTypes (1.7s)
✔ [8783/17397] Built DocGen4.Output.Class:c.o (123ms)
✔ [8784/17397] Built DocGen4.Output.FoundationalTypes:c.o (202ms)
✔ [8785/17397] Built DocGen4.Output.ClassInductive (1.4s)
✔ [8786/17397] Built DocGen4.Output.ClassInductive:c.o (106ms)
✔ [8787/17397] Built DocGen4.Output.Module (1.7s)
✔ [8788/17397] Built DocGen4.Output.Module:c.o (301ms)
✔ [8789/17397] Built DocGen4.Output.Tactics (1.5s)
✔ [8790/17397] Built DocGen4.Output.Tactics:c.o (167ms)
✔ [8791/17397] Built DocGen4.Output.ToJson (1.7s)
✔ [8792/17397] Built DocGen4.Output.ToJson:c.o (524ms)
✔ [8793/17397] Built DocGen4.Output (1.8s)
✔ [8794/17397] Built DocGen4.Output:c.o (665ms)
✔ [8795/17397] Built DocGen4 (1.4s)
✔ [8796/17397] Built DocGen4:c.o (107ms)
✔ [8797/17397] Built Main (1.6s)
✔ [8798/17397] Built Main:c.o (382ms)
✔ [8799/17397] Built «doc-gen4»:exe (1.5s)
ℹ [8800/17397] Built «doc-gen4»/bibPrepass (2.1s)
info: stdout:
INFO: reference page disabled
ℹ [8801/17397] Built «doc-gen4»/coreDocs (411s)
info: stdout:
WARNING: Failed to calculate equational lemmata for Std.Time.DateTime.weekday: (deterministic) timeout at `whnf`, maximum number of heartbeats (200000) has been reached

Note: Use `set_option maxHeartbeats <num>` to set the limit.(invalid MessageData.lazy, missing context)
WARNING: Failed to calculate equational lemmata for Std.Time.PlainDateTime.weekday: (deterministic) timeout at `whnf`, maximum number of heartbeats (200000) has been reached

Note: Use `set_option maxHeartbeats <num>` to set the limit.(invalid MessageData.lazy, missing context)
info: stdout:
WARNING: Failed to calculate equational lemmata for Lean.Elab.Command.elabElabRulesAux: (deterministic) timeout at `whnf`, maximum number of heartbeats (200000) has been reached

Note: Use `set_option maxHeartbeats <num>` to set the limit.(invalid MessageData.lazy, missing context)
WARNING: Failed to calculate equational lemmata for Lean.Elab.ConfigEval.ensureEvalTerm: (deterministic) timeout at `whnf`, maximum number of heartbeats (200000) has been reached

Note: Use `set_option maxHeartbeats <num>` to set the limit.(invalid MessageData.lazy, missing context)
WARNING: Failed to calculate equational lemmata for Lean.Meta.simpHaveTelescope: failed to generate equational theorem for `Lean.Meta.simpHaveTelescope`
m : Type → Type
inst : Monad m
inst_1 : MonadLiftT Lean.MetaM m
inst_2 : MonadControlT Lean.MetaM m
inst_3 : Lean.Meta.MonadSimp m
e : Lean.Expr
⊢ (do
      let info ← liftM (Lean.Meta.getHaveTelescopeInfo e)
      if (!info.haveInfo.isEmpty) = true then do
          let __x ← liftM (info.computeFixedUsed true)
          let r ← Lean.Meta.simpHaveTelescopeAux✝ info __x.fst __x.snd e 0 (Array.mkEmpty info.haveInfo.size)
          liftM (Lean.Meta.SimpHaveResult.toResult✝ info.level e r true)
        else
          panicWithPosWithDecl "Lean.Meta.HaveTelescope" "Lean.Meta.simpHaveTelescope" 456 2
            ("assertion violation: " ++ "!info.haveInfo.isEmpty\n  ")) =
    do
    let info ← liftM (Lean.Meta.getHaveTelescopeInfo e)
    if (!info.haveInfo.isEmpty) = true then do
        let __x ← liftM (info.computeFixedUsed false)
        let r ← Lean.Meta.simpHaveTelescopeAux✝ info __x.fst __x.snd e 0 (Array.mkEmpty info.haveInfo.size)
        liftM (Lean.Meta.SimpHaveResult.toResult✝ info.level e r true)
      else
        panicWithPosWithDecl "Lean.Meta.HaveTelescope" "Lean.Meta.simpHaveTelescope" 456 2
          ("assertion violation: " ++ "!info.haveInfo.isEmpty\n  ")
WARNING: Failed to calculate equational lemmata for Lean.Doc.leanRole: (deterministic) timeout at `whnf`, maximum number of heartbeats (200000) has been reached

Note: Use `set_option maxHeartbeats <num>` to set the limit.(invalid MessageData.lazy, missing context)
WARNING: Failed to calculate equational lemmata for Lean.PrettyPrinter.Delaborator.SubExpr.withBoundedAppFnArgs: failed to generate equational theorem for `Lean.PrettyPrinter.Delaborator.SubExpr.withBoundedAppFnArgs`
  no progress at goal
  α : Type
  m : Type → Type
  inst✝² : Monad m
  inst✝¹ : MonadReaderOf Lean.SubExpr m
  inst✝ : MonadWithReaderOf Lean.SubExpr m
  maxArgs : Nat
  xf : m α
  xa : α → m α
  r : Nat.below maxArgs :=
    (Nat.brecOn.go maxArgs (Lean.PrettyPrinter.Delaborator.SubExpr.withBoundedAppFnArgs._f xf xa)).2
  ⊢ (do
        let __do_lift ← Lean.PrettyPrinter.Delaborator.SubExpr.getExpr
        (match (motive := (maxArgs : Nat) → Lean.Expr → Nat.rec PUnit (fun n n_ih => m α ×' n_ih) maxArgs → m α)
              maxArgs, __do_lift with
            | maxArgs'.succ, fn.app arg => fun x => do
              let acc ← Lean.PrettyPrinter.Delaborator.SubExpr.withAppFn x.1
              Lean.PrettyPrinter.Delaborator.SubExpr.withAppArg (xa acc)
            | x, x_1 => fun x => xf)
            r) =
      do
      let __do_lift ← Lean.PrettyPrinter.Delaborator.SubExpr.getExpr
      match maxArgs, __do_lift with
        | maxArgs'.succ, fn.app arg => do
          let acc ←
            Lean.PrettyPrinter.Delaborator.SubExpr.withAppFn
                (Lean.PrettyPrinter.Delaborator.SubExpr.withBoundedAppFnArgs maxArgs' xf xa)
          Lean.PrettyPrinter.Delaborator.SubExpr.withAppArg (xa acc)
        | x, x_1 => xf
WARNING: Failed to calculate equational lemmata for Lean.Elab.ConfigEval.ConfigItem.throwInvalidOption: (deterministic) timeout at `isDefEq`, maximum number of heartbeats (200000) has been reached

Note: Use `set_option maxHeartbeats <num>` to set the limit.(invalid MessageData.lazy, missing context)
WARNING: Failed to calculate equational lemmata for Lean.Elab.ConfigEval.ensureEvalExpr: (deterministic) timeout at `isDefEq`, maximum number of heartbeats (200000) has been reached

Note: Use `set_option maxHeartbeats <num>` to set the limit.(invalid MessageData.lazy, missing context)
WARNING: Failed to calculate equational lemmata for Lean.Elab.Term.mkCoe: (deterministic) timeout at `whnf`, maximum number of heartbeats (200000) has been reached

Note: Use `set_option maxHeartbeats <num>` to set the limit.(invalid MessageData.lazy, missing context)
WARNING: Failed to calculate equational lemmata for Lean.Elab.ConfigEval.evalMetaEval: (deterministic) timeout at `isDefEq`, maximum number of heartbeats (200000) has been reached

Note: Use `set_option maxHeartbeats <num>` to set the limit.(invalid MessageData.lazy, missing context)
WARNING: Failed to calculate equational lemmata for Lean.Elab.ConfigEval.ConfigItem.throwCannotSetOption: (deterministic) timeout at `isDefEq`, maximum number of heartbeats (200000) has been reached

Note: Use `set_option maxHeartbeats <num>` to set the limit.(invalid MessageData.lazy, missing context)
WARNING: Failed to calculate equational lemmata for Lean.Meta.Grind.pushNot: (deterministic) timeout at `whnf`, maximum number of heartbeats (200000) has been reached

Note: Use `set_option maxHeartbeats <num>` to set the limit.(invalid MessageData.lazy, missing context)
WARNING: Failed to calculate equational lemmata for Lean.Meta.Grind.Arith.isInterpretedTerm: (deterministic) timeout at `whnf`, maximum number of heartbeats (200000) has been reached

Note: Use `set_option maxHeartbeats <num>` to set the limit.(invalid MessageData.lazy, missing context)
WARNING: Failed to calculate equational lemmata for Lean.Server.Completion.dotIdCompletion: (deterministic) timeout at `whnf`, maximum number of heartbeats (200000) has been reached

Note: Use `set_option maxHeartbeats <num>` to set the limit.(invalid MessageData.lazy, missing context)
WARNING: Failed to calculate equational lemmata for Lean.CodeAction.holeCodeActionProvider: failed to generate equality theorems for `match` expression `_private.Lean.Server.CodeActions.Provider.0.Lean.CodeAction.holeCodeActionProvider.match_7`
case isTrue
motive✝ : Array (Lean.Elab.ContextInfo × Lean.Elab.TermInfo) → Sort u_1
x✝¹ : Array (Lean.Elab.ContextInfo × Lean.Elab.TermInfo)
h_1✝ : (ctx : Lean.Elab.ContextInfo) → (info : Lean.Elab.TermInfo) → motive✝ #[(ctx, info)]
h_2✝ : (x : Array (Lean.Elab.ContextInfo × Lean.Elab.TermInfo)) → motive✝ x
x✝ : ∀ (ctx : Lean.Elab.ContextInfo) (info : Lean.Elab.TermInfo), x✝¹ = #[(ctx, info)] → False
h✝ : x✝¹.size = 1
⊢ (⋯ ▸ fun h => ⋯ ▸ Prod.casesOn (x✝¹.getLit 0 ⋯ ⋯) fun fst snd => h_1✝ fst snd) ⋯ = h_2✝ x✝¹
WARNING: Failed to calculate equational lemmata for Lean.Elab.Tactic.evalGrindCore: (deterministic) timeout at `whnf`, maximum number of heartbeats (200000) has been reached

Note: Use `set_option maxHeartbeats <num>` to set the limit.(invalid MessageData.lazy, missing context)
WARNING: Failed to calculate equational lemmata for Lean.Meta.Tactic.TryThis.addRewriteSuggestion: (deterministic) timeout at `isDefEq`, maximum number of heartbeats (200000) has been reached

Note: Use `set_option maxHeartbeats <num>` to set the limit.(invalid MessageData.lazy, missing context)
WARNING: Failed to calculate equational lemmata for Lean.Elab.ConfigEval.deriveEvalExprUsingMetaEval: (deterministic) timeout at `whnf`, maximum number of heartbeats (200000) has been reached

Note: Use `set_option maxHeartbeats <num>` to set the limit.(invalid MessageData.lazy, missing context)
ℹ [8802/17571] Ran Qq:srcUri.github
info: Found git remote for Qq at https://github.com/leanprover-community/quote4 @ f46324995fca5f0483b742e4eb4daec7f4ee50d2
ℹ [8804/17571] Ran aesop:srcUri.github
info: Found git remote for aesop at https://github.com/leanprover-community/aesop @ e3cb2f741431ce31bf73549fb52316a57368b06f
ℹ [8805/17571] Ran Qq:srcUri.github
info: Found git remote for Qq at https://github.com/leanprover-community/quote4 @ f46324995fca5f0483b742e4eb4daec7f4ee50d2
ℹ [8806/17571] Ran plausible:srcUri.github
info: Found git remote for plausible at https://github.com/leanprover-community/plausible @ 63045536fe95024e6c18fc7b48e03f506701c5bc
ℹ [8814/17571] Ran LeanSearchClient:srcUri.github
info: Found git remote for LeanSearchClient at https://github.com/leanprover-community/LeanSearchClient @ c5d5b8fe6e5158def25cd28eb94e4141ad97c843
ℹ [8816/17571] Ran importGraph:srcUri.github
info: Found git remote for importGraph at https://github.com/leanprover-community/import-graph @ 5c7542ed018c78194f1e2b903eaf6a792b74c03d
ℹ [8818/17571] Ran batteries:srcUri.github
info: Found git remote for batteries at https://github.com/leanprover-community/batteries @ fa08db58b30eb033edcdab331bba000827f9f785
ℹ [8819/17571] Ran batteries:srcUri.github
info: Found git remote for batteries at https://github.com/leanprover-community/batteries @ fa08db58b30eb033edcdab331bba000827f9f785
ℹ [8823/17575] Ran mathlib:srcUri.github
info: Found git remote for mathlib at https://github.com/leanprover-community/mathlib4 @ fabf563a7c95a166b8d7b6efca11c8b4dc9d911f
ℹ [8824/17575] Ran aesop:srcUri.github
info: Found git remote for aesop at https://github.com/leanprover-community/aesop @ e3cb2f741431ce31bf73549fb52316a57368b06f
ℹ [8825/17575] Ran plausible:srcUri.github
info: Found git remote for plausible at https://github.com/leanprover-community/plausible @ 63045536fe95024e6c18fc7b48e03f506701c5bc
ℹ [8826/17575] Ran aesop:srcUri.github
info: Found git remote for aesop at https://github.com/leanprover-community/aesop @ e3cb2f741431ce31bf73549fb52316a57368b06f
ℹ [8828/17575] Ran proofwidgets:srcUri.github
info: Found git remote for proofwidgets at https://github.com/leanprover-community/ProofWidgets4 @ 24b0d9dc081c5423f8eec7e866c441e5184f29d9
ℹ [8829/17575] Ran aesop:srcUri.github
info: Found git remote for aesop at https://github.com/leanprover-community/aesop @ e3cb2f741431ce31bf73549fb52316a57368b06f
ℹ [8830/17575] Ran aesop:srcUri.github
info: Found git remote for aesop at https://github.com/leanprover-community/aesop @ e3cb2f741431ce31bf73549fb52316a57368b06f
ℹ [8832/17575] Ran plausible:srcUri.github
info: Found git remote for plausible at https://github.com/leanprover-community/plausible @ 63045536fe95024e6c18fc7b48e03f506701c5bc
ℹ [8833/17575] Ran aesop:srcUri.github
info: Found git remote for aesop at https://github.com/leanprover-community/aesop @ e3cb2f741431ce31bf73549fb52316a57368b06f
ℹ [8838/17575] Ran aesop:srcUri.github
info: Found git remote for aesop at https://github.com/leanprover-community/aesop @ e3cb2f741431ce31bf73549fb52316a57368b06f
ℹ [8842/17575] Ran aesop:srcUri.github
info: Found git remote for aesop at https://github.com/leanprover-community/aesop @ e3cb2f741431ce31bf73549fb52316a57368b06f
ℹ [8881/17575] Ran batteries:srcUri.github
info: Found git remote for batteries at https://github.com/leanprover-community/batteries @ fa08db58b30eb033edcdab331bba000827f9f785
ℹ [8887/17575] Ran batteries:srcUri.github
info: Found git remote for batteries at https://github.com/leanprover-community/batteries @ fa08db58b30eb033edcdab331bba000827f9f785
ℹ [8894/17575] Ran batteries:srcUri.github
info: Found git remote for batteries at https://github.com/leanprover-community/batteries @ fa08db58b30eb033edcdab331bba000827f9f785
ℹ [8909/17575] Ran batteries:srcUri.github
info: Found git remote for batteries at https://github.com/leanprover-community/batteries @ fa08db58b30eb033edcdab331bba000827f9f785
✔ [8980/17575] Built batteries/Batteries.Tactic.Trans:docInfo (7.8s)
✔ [8981/17575] Built batteries/Batteries.Data.Stream:docInfo (9.4s)
✔ [8982/17575] Built batteries/Batteries.Data.String.AsciiCasing:docInfo (8.0s)
✔ [8983/17575] Built batteries/Batteries.Data.String.Legacy:docInfo (6.0s)
✔ [8984/17575] Built batteries/Batteries.Lean.Expr:docInfo (9.8s)
✔ [8985/17575] Built batteries/Batteries.Lean.HashSet:docInfo (9.8s)
✔ [8986/17575] Built batteries/Batteries.Lean.IO.Process:docInfo (7.5s)
✔ [8987/17575] Built batteries/Batteries.Lean.LawfulMonad:docInfo (9.8s)
✔ [8988/17575] Built batteries/Batteries.Lean.LawfulMonadLift:docInfo (7.1s)
✔ [8989/17575] Built batteries/Batteries.Lean.Meta.Expr:docInfo (7.5s)
✔ [8990/17575] Built batteries/Batteries.Lean.PersistentHashMap:docInfo (9.4s)
✔ [8991/17575] Built batteries/Batteries.Lean.Meta.Inaccessible:docInfo (6.4s)
✔ [8992/17575] Built batteries/Batteries.Lean.MonadBacktrack:docInfo (8.8s)
✔ [8993/17575] Built batteries/Batteries.Lean.Meta.UnusedNames:docInfo (6.3s)
✔ [8994/17575] Built batteries/Batteries.Tactic.Instances:docInfo (6.5s)
✔ [8995/17575] Built batteries/Batteries.Tactic.Lemma:docInfo (8.3s)
✔ [8996/17575] Built batteries/Batteries.Tactic.PermuteGoals:docInfo (8.6s)
✔ [8997/17575] Built batteries/Batteries.Tactic.PrintDependents:docInfo (8.6s)
✔ [8998/17575] Built batteries/Batteries.Tactic.ShowUnused:docInfo (8.0s)
✔ [8999/17575] Built batteries/Batteries.Tactic.SqueezeScope:docInfo (6.1s)
✔ [9000/17575] Built batteries/Batteries.Util.Cache:docInfo (9.8s)
✔ [9001/17575] Built batteries/Batteries.Util.ExtendedBinder:docInfo (9.4s)
✔ [9002/17575] Built batteries/Batteries.Util.Pickle:docInfo (7.3s)
✔ [9003/17575] Built mathlib/Mathlib.Tactic.Linter.DirectoryDependency:docInfo (6.4s)
✔ [9004/17575] Built importGraph/ImportGraph.Imports.ImportGraph:docInfo (7.7s)
✔ [9005/17575] Built importGraph/ImportGraph.Lean.Environment:docInfo (8.8s)
✔ [9006/17575] Built importGraph/ImportGraph.Graph.TransitiveClosure:docInfo (9.0s)
✔ [9007/17575] Built aesop/Aesop.Script.Tactic:docInfo (8.3s)
✔ [9008/17575] Built aesop/Aesop.Script.GoalWithMVars:docInfo (8.0s)
✔ [9009/17575] Built aesop/Aesop.Nanos:docInfo (5.0s)
✔ [9010/17575] Built aesop/Aesop.Index.DiscrTreeConfig:docInfo (7.0s)
✔ [9011/17575] Built aesop/Aesop.Rule.Name:docInfo (6.6s)
✔ [9012/17575] Built aesop/Aesop.Options.Public:docInfo (7.8s)
✔ [9013/17575] Built aesop/Aesop.Script.OptimizeSyntax:docInfo (9.6s)
✔ [9014/17575] Built aesop/Aesop.Forward.LevelIndex:docInfo (6.4s)
✔ [9015/17575] Built aesop/Aesop.Forward.PremiseIndex:docInfo (7.8s)
✔ [9016/17575] Built aesop/Aesop.Percent:docInfo (6.4s)
✔ [9017/17575] Built aesop/Aesop.Forward.SlotIndex:docInfo (8.6s)
✔ [9018/17575] Built aesop/Aesop.Util.UnionFind:docInfo (5.0s)
✔ [9019/17575] Built aesop/Aesop.ElabM:docInfo (8.8s)
✔ [9020/17575] Built aesop/Aesop.Util.Tactic:docInfo (7.1s)
✔ [9021/17575] Built aesop/Aesop.Util.Unfold:docInfo (8.4s)
✔ [9022/17575] Built aesop/Aesop.Util.OrderedHashSet:docInfo (6.5s)
✔ [9023/17575] Built aesop/Aesop.RuleSet.Name:docInfo (8.3s)
✔ [9024/17575] Built aesop/Aesop.Search.Expansion.Simp:docInfo (9.5s)
✔ [9025/17575] Built aesop/Aesop.Exception:docInfo (5.9s)
✔ [9026/17575] Built aesop/Aesop.Frontend.Basic:docInfo (6.7s)
✔ [9027/17575] Built Qq/Qq.ForLean.ReduceEval:docInfo (8.9s)
✔ [9028/17575] Built Qq/Qq.ForLean.ToExpr:docInfo (7.7s)
✔ [9029/17575] Built Qq/Qq.Typ:docInfo (9.2s)
✔ [9030/17575] Built Qq/Qq.ForLean.Do:docInfo (7.1s)
✔ [9031/17575] Built plausible/Plausible.Random:docInfo (5.9s)
✔ [9032/17575] Built plausible/Plausible.Shrinkable:docInfo (7.4s)
✔ [9033/17575] Built plausible/Plausible.Attr:docInfo (7.2s)
✔ [9034/17575] Built LeanSearchClient/LeanSearchClient.Basic:docInfo (6.6s)
✔ [9035/17575] Built proofwidgets/ProofWidgets.Compat:docInfo (6.7s)
✔ [9036/17575] Built proofwidgets/ProofWidgets.Util:docInfo (8.3s)
✔ [9037/17575] Built mathlib/Mathlib.Data.List.SplitOn:docInfo (6.9s)
✔ [9038/17598] Built batteries/Batteries.Util.LibraryNote:docInfo (13s)
✔ [9039/17598] Built batteries/Batteries.Tactic.Unreachable:docInfo (11s)
✔ [9040/17598] Built batteries/Batteries.Lean.TagAttribute:docInfo (13s)
✔ [9041/17598] Built batteries/Batteries.Tactic.Init:docInfo (11s)
✔ [9042/17598] Built batteries/Batteries.Tactic.SeqFocus:docInfo (11s)
✔ [9043/17598] Built batteries/Batteries.Tactic.Lint.Basic:docInfo (11s)
✔ [9044/17598] Built batteries/Batteries.Lean.Syntax:docInfo (11s)
✔ [9045/17598] Built batteries/Batteries.Classes.RatCast:docInfo (11s)
✔ [9046/17598] Built batteries/Batteries.Lean.EStateM:docInfo (12s)
✔ [9047/17598] Built batteries/Batteries.Lean.Except:docInfo (11s)
✔ [9048/17598] Built batteries/Batteries.CodeAction.Attr:docInfo (13s)
✔ [9049/17598] Built batteries/Batteries.Lean.Position:docInfo (13s)
✔ [9050/17598] Built batteries/Batteries.CodeAction.Deprecated:docInfo (12s)
✔ [9051/17598] Built batteries/Batteries.Control.Lemmas:docInfo (11s)
✔ [9052/17598] Built batteries/Batteries.Control.LawfulMonadState:docInfo (12s)
✔ [9053/17598] Built batteries/Batteries.Control.ForInStep.Basic:docInfo (13s)
✔ [9054/17598] Built batteries/Batteries.Data.Array.Init.Lemmas:docInfo (13s)
✔ [9055/17598] Built batteries/Batteries.Data.Array.Match:docInfo (11s)
✔ [9056/17598] Built batteries/Batteries.Data.Array.Merge:docInfo (10s)
✔ [9057/17598] Built batteries/Batteries.Data.Bool:docInfo (11s)
✔ [9058/17598] Built batteries/Batteries.Data.BinaryHeap.Basic:docInfo (13s)
✔ [9059/17598] Built batteries/Batteries.Data.BitVec.Basic:docInfo (11s)
✔ [9060/17598] Built batteries/Batteries.Data.Nat.Basic:docInfo (13s)
✔ [9061/17598] Built batteries/Batteries.Data.ByteArray:docInfo (12s)
✔ [9062/17598] Built batteries/Batteries.Data.ByteSlice:docInfo (13s)
✔ [9063/17598] Built batteries/Batteries.Tactic.OpenPrivate:docInfo (13s)
✔ [9064/17598] Built batteries/Batteries.Data.FloatArray:docInfo (11s)
✔ [9065/17598] Built batteries/Batteries.Lean.HashMap:docInfo (12s)
✔ [9066/17598] Built batteries/Batteries.Data.List.ArrayMap:docInfo (12s)
✔ [9067/17598] Built batteries/Batteries.Data.List.Init.Lemmas:docInfo (13s)
✔ [9068/17598] Built batteries/Batteries.Lean.System.IO:docInfo (13s)
✔ [9069/17598] Built batteries/Batteries.Data.NameSet:docInfo (12s)
✔ [9070/17598] Built batteries/Batteries.Data.Nat.Bitwise.Lemmas:docInfo (13s)
✔ [9071/17598] Built batteries/Batteries.Data.Random.MersenneTwister:docInfo (10s)
✔ [9072/17598] Built batteries/Batteries.Lean.Float:docInfo (13s)
✔ [9073/17598] Built batteries/Batteries.Data.RunningStats:docInfo (11s)
✔ [9074/17598] Built batteries/Batteries.Data.String.Basic:docInfo (11s)
✔ [9075/17598] Built batteries/Batteries.Util.Panic:docInfo (10s)
✔ [9076/17598] Built batteries/Batteries.Lean.NameMapAttribute:docInfo (10s)
✔ [9077/17598] Built batteries/Batteries.Lean.PersistentHashSet:docInfo (10s)
✔ [9078/17598] Built batteries/Batteries.Tactic.Case:docInfo (10s)
✔ [9079/17598] Built batteries/Batteries.Tactic.Congr:docInfo (12s)
✔ [9080/17598] Built batteries/Batteries.Tactic.NoMatch:docInfo (10s)
✔ [9081/17598] Built batteries/Batteries.Tactic.PrintOpaques:docInfo (13s)
✔ [9082/17598] Built aesop/Aesop.Check:docInfo (10s)
✔ [9083/17598] Built aesop/Aesop.RuleTac.RuleTerm:docInfo (696ms)
✔ [9084/17598] Built Qq/Qq.SortLocalDecls:docInfo (9.8s)
✔ [9085/17598] Built plausible/Plausible.Gen:docInfo (848ms)
✔ [9109/17616] Built batteries/Batteries.Tactic.Lint.Misc:docInfo (766ms)
✔ [9110/17616] Built batteries/Batteries.Tactic.Lint.TypeClass:docInfo (1.2s)
✔ [9111/17616] Built batteries/Batteries.Data.List.Matcher:docInfo (1.0s)
✔ [9112/17616] Built batteries/Batteries.Data.Random:docInfo (772ms)
✔ [9113/17616] Built batteries/Batteries.Data.String.Matcher:docInfo (775ms)
✔ [9114/17616] Built batteries/Batteries.Lean.Meta.DiscrTree:docInfo (922ms)
✔ [9115/17616] Built batteries/Batteries.Tactic.GeneralizeProofs:docInfo (1.2s)
✔ [9116/17616] Built mathlib/Mathlib.Tactic.Linter.Header:docInfo (1.2s)
✔ [9117/17616] Built importGraph/ImportGraph.Imports.Redundant:docInfo (1.2s)
✔ [9118/17616] Built importGraph/ImportGraph.Imports.RequiredModules:docInfo (852ms)
✔ [9119/17616] Built importGraph/ImportGraph.Tools.ImportDiff:docInfo (1.5s)
✔ [9120/17616] Built aesop/Aesop.Util.UnorderedArraySet:docInfo (1.2s)
✔ [9121/17616] Built aesop/Aesop.Options.Internal:docInfo (922ms)
✔ [9122/17616] Built aesop/Aesop.RuleTac.ElabRuleTerm:docInfo (927ms)
✔ [9123/17616] Built aesop/Aesop.Util.Tactic.Unfold:docInfo (1.1s)
✔ [9124/17616] Built aesop/Aesop.Constants:docInfo (1.1s)
✔ [9125/17616] Built aesop/Aesop.RuleSet.Filter:docInfo (920ms)
✔ [9126/17616] Built Qq/Qq.Macro:docInfo (1.7s)
✔ [9127/17616] Built plausible/Plausible.DeriveShrinkable:docInfo (1.2s)
✔ [9128/17616] Built LeanSearchClient/LeanSearchClient.Syntax:docInfo (1.4s)
✔ [9129/17616] Built proofwidgets/ProofWidgets.Component.Basic:docInfo (1.2s)
✔ [9130/17616] Built proofwidgets/ProofWidgets.Cancellable:docInfo (1.2s)
✔ [9149/17636] Built batteries/Batteries.Linter.UnreachableTactic:docInfo (1.0s)
✔ [9150/17636] Built batteries/BatteriesRecycling.MonadSatisfying.Basic:docInfo (857ms)
✔ [9151/17636] Built batteries/Batteries.Control.OptionT:docInfo (926ms)
✔ [9152/17636] Built batteries/Batteries.Control.ForInStep.Lemmas:docInfo (698ms)
✔ [9173/17646] Built proofwidgets/ProofWidgets.Component.Panel.Basic:docInfo (919ms)
✔ [9184/17668] Built batteries/Batteries.Classes.Cast:docInfo (1.1s)
✔ [9185/17668] Built batteries/Batteries.Lean.AttributeExtra:docInfo (1.2s)
✔ [9186/17668] Built batteries/Batteries.CodeAction.Basic:docInfo (1.1s)
✔ [9187/17668] Built batteries/Batteries.CodeAction.Misc:docInfo (1.8s)
✔ [9188/17668] Built batteries/Batteries.Tactic.Alias:docInfo (1.2s)
✔ [9189/17668] Built batteries/Batteries.Data.BinaryHeap:docInfo (838ms)
✔ [9190/17668] Built batteries/Batteries.Tactic.Lint.Simp:docInfo (1.3s)
✔ [9191/17668] Built batteries/Batteries.Tactic.Lint.Frontend:docInfo (3.0s)
✔ [9192/17668] Built batteries/Batteries.Data.Nat.Bitwise:docInfo (1.0s)
✔ [9193/17668] Built batteries/Batteries.Data.Rat.Float:docInfo (990ms)
✔ [9194/17668] Built batteries/Batteries.Lean.Json:docInfo (761ms)
✔ [9195/17668] Built batteries/Batteries.Lean.Meta.Simp:docInfo (1.1s)
✔ [9196/17668] Built batteries/Batteries.Tactic.HelpCmd:docInfo (1.1s)
✔ [9197/17668] Built mathlib/Mathlib.Lean.Linter:docInfo (850ms)
✔ [9198/17668] Built mathlib/Mathlib.Tactic.AdaptationNote:docInfo (1.0s)
✔ [9199/17668] Built mathlib/Mathlib.Tactic.Lemma:docInfo (853ms)
✔ [9200/17668] Built mathlib/Mathlib.Tactic.Linter.AuxLemma:docInfo (937ms)
✔ [9201/17668] Built mathlib/Mathlib.Tactic.Linter.DeprecatedSyntaxLinter:docInfo (938ms)
✔ [9202/17668] Built mathlib/Mathlib.Tactic.Linter.DocPrime:docInfo (1.0s)
✔ [9203/17668] Built mathlib/Mathlib.Tactic.Linter.DocString:docInfo (1.1s)
✔ [9204/17668] Built mathlib/Mathlib.Tactic.Linter.EmptyLine:docInfo (858ms)
✔ [9205/17668] Built mathlib/Mathlib.Tactic.Linter.GlobalAttributeIn:docInfo (1.2s)
✔ [9206/17668] Built mathlib/Mathlib.Tactic.Linter.HashCommandLinter:docInfo (1.1s)
✔ [9207/17668] Built mathlib/Mathlib.Tactic.Linter.FlexibleLinter:docInfo (1.2s)
✔ [9208/17668] Built mathlib/Mathlib.Tactic.Linter.Multigoal:docInfo (1.0s)
✔ [9209/17668] Built mathlib/Mathlib.Tactic.Linter.OldObtain:docInfo (920ms)
✔ [9210/17668] Built mathlib/Mathlib.Lean.Elab.Tactic.Meta:docInfo (1.2s)
✔ [9211/17668] Built mathlib/Mathlib.Lean.Expr.Basic:docInfo (1.8s)
✔ [9212/17668] Built mathlib/Mathlib.Lean.Environment:docInfo (1.1s)
✔ [9213/17668] Built mathlib/Mathlib.Tactic.Linter.PrivateModule:docInfo (1.2s)
✔ [9214/17668] Built mathlib/Mathlib.Tactic.Linter.TacticDocumentation:docInfo (1.3s)
✔ [9215/17668] Built mathlib/Mathlib.Tactic.Linter.UnusedTacticExtension:docInfo (984ms)
✔ [9216/17668] Built mathlib/Mathlib.Tactic.DeclarationNames:docInfo (904ms)
✔ [9217/17668] Built mathlib/Mathlib.Tactic.Linter.Whitespace:docInfo (1.1s)
✔ [9218/17668] Built mathlib/Mathlib.Tactic.MinImports:docInfo (1.3s)
✔ [9219/17668] Built mathlib/Mathlib.Util.ParseCommand:docInfo (1.4s)
✔ [9220/17668] Built mathlib/Mathlib.Tactic.TypeStar:docInfo (907ms)
✔ [9221/17668] Built importGraph/ImportGraph.Tools.MinImports:docInfo (905ms)
✔ [9222/17668] Built importGraph/ImportGraph.Tools.RedundantImports:docInfo (1.1s)
✔ [9223/17668] Built plausible/Plausible.Arbitrary:docInfo (764ms)
✔ [9224/17668] Built proofwidgets/ProofWidgets.Component.MakeEditLink:docInfo (855ms)
✔ [9247/17691] Built batteries/Batteries.Linter.UnnecessarySeqFocus:docInfo (1.1s)
✔ [9248/17691] Built batteries/Batteries.Util.ProofWanted:docInfo (1.1s)
✔ [9249/17691] Built batteries/Batteries.Classes.SatisfiesM:docInfo (1.0s)
✔ [9250/17691] Built batteries/Batteries.Control.AlternativeMonad:docInfo (697ms)
✔ [9251/17691] Built batteries/Batteries.Control.ForInStep:docInfo (698ms)
✔ [9252/17691] Built batteries/Batteries.Control.Monad:docInfo (992ms)
✔ [9253/17691] Built batteries/BatteriesRecycling.MonadSatisfying.Array:docInfo (860ms)
✔ [9254/17691] Built batteries/Batteries.Data.Array.Pairwise:docInfo (1.3s)
✔ [9255/17691] Built batteries/Batteries.Data.Nat.Lemmas:docInfo (993ms)
✔ [9256/17691] Built batteries/Batteries.Data.HashMap.Basic:docInfo (998ms)
✔ [9257/17691] Built batteries/BatteriesRecycling.MonadSatisfying.List:docInfo (1.0s)
✔ [9258/17691] Built batteries/Batteries.Data.Nat.Gcd:docInfo (1.4s)
✔ [9259/17691] Built batteries/Batteries.Data.Range.Lemmas:docInfo (1.3s)
✔ [9260/17691] Built batteries/Batteries.Data.Rat:docInfo (982ms)
✔ [9261/17691] Built batteries/Batteries.Data.UnionFind.Basic:docInfo (927ms)
✔ [9262/17691] Built batteries/BatteriesRecycling.MonadSatisfying.Lean:docInfo (1.0s)
✔ [9263/17691] Built batteries/Batteries.Lean.Util.EnvSearch:docInfo (928ms)
✔ [9264/17691] Built batteries/Batteries.Logic:docInfo (847ms)
✔ [9265/17691] Built batteries/Batteries.Tactic.Exact:docInfo (1.1s)
✔ [9266/17691] Built aesop/Aesop.Util.Basic:docInfo (1.3s)
✔ [9267/17691] Built Qq/Qq.Delab:docInfo (928ms)
✔ [9268/17691] Built Qq/Qq.Commands:docInfo (1.0s)
✔ [9269/17691] Built plausible/Plausible.ArbitraryFueled:docInfo (757ms)
✔ [9270/17691] Built LeanSearchClient/LeanSearchClient.LoogleSyntax:docInfo (1.1s)
✔ [9271/17691] Built proofwidgets/ProofWidgets.Data.Html:docInfo (1.0s)
✔ [9272/17691] Built mathlib/Mathlib.Tactic.Linter.CommandStart:docInfo (1.2s)
✔ [9296/17704] Built mathlib/Mathlib.Tactic.Linter.UnusedTactic:docInfo (1.1s)
✔ [9297/17704] Built mathlib/Mathlib.Tactic.Linter.Style:docInfo (1.3s)
✔ [9298/17704] Built mathlib/Mathlib.Lean.Expr:docInfo (1.1s)
✔ [9299/17704] Built proofwidgets/ProofWidgets.Component.RefreshComponent:docInfo (1.1s)
✔ [9300/17704] Built proofwidgets/ProofWidgets.Component.PenroseDiagram:docInfo (1.4s)
✔ [9301/17704] Built proofwidgets/ProofWidgets.Presentation.Expr:docInfo (923ms)
✔ [9302/17704] Built proofwidgets/ProofWidgets.Component.HtmlDisplay:docInfo (921ms)
✔ [9316/17723] Built batteries/Batteries.Data.List.Basic:docInfo (1.9s)
✔ [9317/17723] Built batteries/Batteries.Data.MLList.Basic:docInfo (769ms)
✔ [9318/17723] Built batteries/Batteries.Data.Array.Monadic:docInfo (612ms)
✔ [9319/17723] Built batteries/Batteries.Tactic.Lint:docInfo (845ms)
✔ [9320/17723] Built batteries/Batteries.Data.List.Monadic:docInfo (1.1s)
✔ [9321/17723] Built batteries/Batteries.Data.UnionFind.Lemmas:docInfo (924ms)
✔ [9322/17723] Built batteries/BatteriesRecycling.MonadSatisfying.Vector:docInfo (769ms)
✔ [9323/17723] Built batteries/Batteries.Lean.Meta.Basic:docInfo (926ms)
✔ [9324/17723] Built batteries/Batteries.Tactic.PrintPrefix:docInfo (923ms)
✔ [9325/17723] Built mathlib/Mathlib.Lean.ContextInfo:docInfo (995ms)
✔ [9326/17723] Built mathlib/Mathlib.Lean.Elab.InfoTree:docInfo (1.1s)
✔ [9327/17723] Built mathlib/Mathlib.Tactic.ExtractGoal:docInfo (993ms)
✔ [9328/17723] Built aesop/Aesop.Forward.Substitution:docInfo (995ms)
✔ [9329/17723] Built aesop/Aesop.RuleTac.Forward.Basic:docInfo (1.1s)
✔ [9330/17723] Built aesop/Aesop.EMap:docInfo (1.1s)
✔ [9331/17723] Built Qq/Qq.MetaM:docInfo (925ms)
✔ [9332/17723] Built mathlib/Mathlib.Tactic.Lift:docInfo (926ms)
✔ [9333/17723] Built plausible/Plausible.Sampleable:docInfo (1.1s)
✔ [9334/17723] Built LeanSearchClient/LeanSearchClient:docInfo (1.1s)
✔ [9335/17723] Built mathlib/Mathlib.Tactic.Linter.MinImports:docInfo (1.1s)
✔ [9336/17723] Built proofwidgets/ProofWidgets.Component.OfRpcMethod:docInfo (1.0s)
✔ [9337/17723] Built proofwidgets/ProofWidgets.Component.FilterDetails:docInfo (1.2s)
✔ [9338/17723] Built mathlib/Mathlib.Util.PrintSorries:docInfo (1.1s)
✔ [9339/17723] Built mathlib/Mathlib.Data.Ineq:docInfo (1.2s)
✔ [9359/17742] Built batteries/Batteries.Linter:docInfo (923ms)
✔ [9360/17742] Built batteries/Batteries.CodeAction.Match:docInfo (1.3s)
✔ [9361/17742] Built batteries/Batteries.Data.List.Lemmas:docInfo (1.1s)
✔ [9362/17742] Built batteries/Batteries.Data.AssocList:docInfo (1.1s)
✔ [9363/17742] Built batteries/Batteries.Data.Fin.OfBits:docInfo (1.4s)
✔ [9364/17742] Built batteries/Batteries.Data.Int:docInfo (993ms)
✔ [9365/17742] Built batteries/Batteries.Data.DList.Basic:docInfo (991ms)
✔ [9366/17742] Built batteries/Batteries.Data.Fin.Basic:docInfo (1.2s)
✔ [9367/17742] Built batteries/Batteries.Data.HashMap:docInfo (916ms)
✔ [9368/17742] Built batteries/Batteries.Data.MLList.IO:docInfo (1.0s)
✔ [9369/17742] Built batteries/Batteries.Data.Range:docInfo (1.1s)
✔ [9370/17742] Built batteries/Batteries.Data.UnionFind:docInfo (849ms)
✔ [9371/17742] Built batteries/Batteries.Data.Vector.Monadic:docInfo (924ms)
✔ [9372/17742] Built batteries/Batteries.Lean.SatisfiesM:docInfo (922ms)
✔ [9373/17742] Built mathlib/Mathlib.Tactic.Linter.UnusedInstancesInType:docInfo (1.1s)
✔ [9374/17742] Built mathlib/Mathlib.Tactic.TacticAnalysis:docInfo (1.1s)
✔ [9375/17742] Built mathlib/Mathlib.Tactic.Linter.Lint:docInfo (1.1s)
✔ [9376/17742] Built aesop/Aesop.Tracing:docInfo (1.1s)
✔ [9377/17742] Built aesop/Aesop.Script.CtorNames:docInfo (1.1s)
✔ [9378/17742] Built plausible/Plausible.Testable:docInfo (1.5s)
✔ [9379/17742] Built plausible/Plausible.Functions:docInfo (1.1s)
✔ [9380/17742] Built plausible/Plausible.DeriveArbitrary:docInfo (1.2s)
✔ [9400/17759] Built batteries/Batteries.Tactic.Basic:docInfo (1.2s)
✔ [9401/17759] Built batteries/Batteries.Control.Nondet.Basic:docInfo (929ms)
✔ [9402/17759] Built batteries/Batteries.Data.BitVec.Lemmas:docInfo (994ms)
✔ [9403/17759] Built batteries/Batteries.Data.Fin.Fold:docInfo (1.1s)
✔ [9404/17759] Built batteries/Batteries.Data.List.Pairwise:docInfo (1.2s)
✔ [9405/17759] Built batteries/Batteries.Data.MLList.Heartbeats:docInfo (776ms)
✔ [9406/17759] Built batteries/Batteries.Lean.Meta.InstantiateMVars:docInfo (775ms)
✔ [9407/17759] Built batteries/Batteries.Lean.Meta.SavedState:docInfo (925ms)
✔ [9408/17759] Built aesop/Aesop.Script.TacticState:docInfo (1.1s)
✔ [9409/17759] Built aesop/Aesop.Util.EqualUpToIds:docInfo (1.7s)
✔ [9410/17759] Built aesop/Aesop.Stats.Basic:docInfo (997ms)
✔ [9411/17759] Built aesop/Aesop.Index.Basic:docInfo (1.0s)
✔ [9412/17759] Built aesop/Aesop.RulePattern.Cache:docInfo (922ms)
✔ [9413/17759] Built aesop/Aesop.Util.Tactic.Ext:docInfo (1.2s)
✔ [9414/17759] Built Qq/Qq.Simp:docInfo (922ms)
ℹ [9415/17759] Built Qq/Qq.MatchImpl:docInfo (923ms)
info: stdout:
WARNING: Failed to calculate equational lemmata for Qq.Impl.mkIsDefEqResult: failed
WARNING: Failed to obtain information for: Qq.Impl.mkLambdaQ: failed
✔ [9416/17759] Built Qq/Qq.AssertInstancesCommute:docInfo (999ms)
✔ [9434/17765] Built batteries/Batteries.CodeAction:docInfo (1.1s)
✔ [9435/17765] Built batteries/Batteries.Data.Array.Lemmas:docInfo (1.1s)
✔ [9436/17765] Built batteries/Batteries.Data.List.Scan:docInfo (1.1s)
✔ [9437/17765] Built batteries/Batteries.Data.DList.Lemmas:docInfo (1.4s)
✔ [9438/17765] Built batteries/Batteries.Data.Fin.Lemmas:docInfo (1.2s)
✔ [9439/17765] Built batteries/Batteries.Data.List.Count:docInfo (1.2s)
✔ [9440/17765] Built batteries/Batteries.Data.MLList:docInfo (775ms)
✔ [9441/17765] Built mathlib/Mathlib.Tactic.Linter.OverlappingInstances:docInfo (1.1s)
✔ [9442/17765] Built mathlib/Mathlib.Tactic.TacticAnalysis.Declarations:docInfo (1.4s)
ℹ [9443/17765] Built importGraph/ImportGraph.Tools.FindHome:docInfo (10s)
info: stdout:
WARNING: Failed to calculate equational lemmata for Lean.Name.findHome: (deterministic) timeout at `whnf`, maximum number of heartbeats (200000) has been reached

Note: Use `set_option maxHeartbeats <num>` to set the limit.(invalid MessageData.lazy, missing context)
✔ [9444/17765] Built plausible/Plausible.Tactic:docInfo (1.2s)
✔ [9451/17767] Built aesop/Aesop.Script.Util:docInfo (1.0s)
✔ [9452/17767] Built aesop/Aesop.Stats.File:docInfo (930ms)
ℹ [9453/17767] Built Qq/Qq.Match:docInfo (945ms)
info: stdout:
WARNING: Failed to calculate equational lemmata for Qq.Impl.makeMatchCode: failed
WARNING: Failed to obtain information for: Qq.Impl.withLetHave: failed
WARNING: Failed to calculate equational lemmata for Qq.Impl.mkQqLets: failed
✔ [9456/17768] Built batteries/Batteries.Data.BitVec:docInfo (1.2s)
✔ [9457/17768] Built aesop/Aesop.Stats.Extension:docInfo (867ms)
✔ [9459/17770] Built aesop/Aesop.BaseM:docInfo (1.0s)
✔ [9462/17780] Built batteries/Batteries.Classes.Order:docInfo (1.0s)
✔ [9463/17780] Built batteries/Batteries.Data.DList:docInfo (780ms)
✔ [9464/17780] Built batteries/Batteries.Data.List.Perm:docInfo (1.1s)
✔ [9465/17780] Built batteries/Batteries.Data.Nat.Bisect:docInfo (1.2s)
✔ [9466/17780] Built importGraph/ImportGraph.Tools:docInfo (1.1s)
✔ [9467/17780] Built aesop/Aesop.Script.Step:docInfo (991ms)
✔ [9468/17780] Built aesop/Aesop.Stats.Report:docInfo (913ms)
✔ [9469/17780] Built Qq/Qq:docInfo (839ms)
✔ [9470/17780] Built plausible/Plausible:docInfo (1.1s)
ℹ [9481/17787] Built batteries/Batteries.Data.Char.Basic:docInfo (912ms)
info: stdout:
WARNING: Failed to calculate equational lemmata for Char.instDecidableExistsOfDecidablePred_batteries: maximum recursion depth has been reached
use `set_option maxRecDepth <num>` to increase limit
use `set_option diagnostics true` to get diagnostic information
WARNING: Failed to calculate equational lemmata for Char.instDecidableForallOfDecidablePred_batteries: maximum recursion depth has been reached
use `set_option maxRecDepth <num>` to increase limit
use `set_option diagnostics true` to get diagnostic information
✔ [9482/17787] Built batteries/Batteries.Data.Nat:docInfo (989ms)
✔ [9483/17787] Built batteries/Batteries.Data.String.Lemmas:docInfo (1.1s)
✔ [9484/17787] Built aesop/Aesop.RuleTac.GoalDiff:docInfo (989ms)
✔ [9485/17787] Built aesop/Aesop.RulePattern:docInfo (915ms)
✔ [9493/17789] Built batteries/Batteries.Classes.Deprecated:docInfo (1.3s)
✔ [9494/17789] Built batteries/Batteries.Data.UInt:docInfo (1.3s)
✔ [9495/17789] Built batteries/Batteries.Data.PairingHeap:docInfo (1.3s)
✔ [9498/17791] Built batteries/Batteries.Data.BinomialHeap.Basic:docInfo (1.5s)
✔ [9499/17791] Built batteries/Batteries.Data.List:docInfo (942ms)
✔ [9500/17791] Built aesop/Aesop.Script.UScript:docInfo (941ms)
✔ [9503/17799] Built mathlib/Mathlib.Init:docInfo (1.1s)
✔ [9670/17959] Built aesop/Aesop.Script.SScript:docInfo (1.3s)
✔ [9671/17959] Built mathlib/Mathlib.Control.Lawful:docInfo (1.2s)
✔ [9672/17959] Built mathlib/Mathlib.Data.Array.Defs:docInfo (1.4s)
✔ [9673/17959] Built mathlib/Mathlib.Data.Bool.AllAny:docInfo (1.3s)
✔ [9674/17959] Built mathlib/Mathlib.Data.List.Lookmap:docInfo (1.3s)
✔ [9675/17959] Built mathlib/Mathlib.Data.List.ModifyLast:docInfo (1.1s)
✔ [9676/17959] Built mathlib/Mathlib.Deprecated.Aliases:docInfo (1.1s)
✔ [9677/17959] Built mathlib/Mathlib.Lean.CoreM:docInfo (1.2s)
✔ [9678/17959] Built mathlib/Mathlib.Lean.EnvExtension:docInfo (1.2s)
✔ [9679/17959] Built mathlib/Mathlib.Lean.Exception:docInfo (1.2s)
✔ [9680/17959] Built mathlib/Mathlib.Util.MemoFix:docInfo (1.1s)
✔ [9681/17959] Built mathlib/Mathlib.Lean.FoldEnvironment:docInfo (1.3s)
✔ [9682/17959] Built mathlib/Mathlib.Lean.Json:docInfo (1.3s)
✔ [9683/17959] Built mathlib/Mathlib.Lean.LocalContext:docInfo (1.1s)
✔ [9684/17959] Built mathlib/Mathlib.Lean.MessageData.ForExprs:docInfo (1.1s)
✔ [9685/17959] Built mathlib/Mathlib.Lean.Meta.DiscrTree:docInfo (1.1s)
✔ [9686/17959] Built mathlib/Mathlib.Lean.Thunk:docInfo (1.4s)
✔ [9687/17959] Built mathlib/Mathlib.Tactic.Cases:docInfo (1.3s)
✔ [9688/17959] Built mathlib/Mathlib.Tactic.Change:docInfo (1.2s)
✔ [9689/17959] Built mathlib/Mathlib.Tactic.Clean:docInfo (1.3s)
✔ [9690/17959] Built mathlib/Mathlib.Tactic.Eval:docInfo (1.3s)
✔ [9691/17959] Built mathlib/Mathlib.Tactic.Explode.Datatypes:docInfo (1.3s)
✔ [9692/17959] Built mathlib/Mathlib.Tactic.Ext:docInfo (1.4s)
✔ [9693/17959] Built mathlib/Mathlib.Tactic.FindSyntax:docInfo (1.4s)
✔ [9694/17959] Built mathlib/Mathlib.Tactic.Generalize:docInfo (1.3s)
✔ [9695/17959] Built mathlib/Mathlib.Tactic.Have:docInfo (1.4s)
✔ [9696/17959] Built mathlib/Mathlib.Tactic.Linter.CommandRanges:docInfo (1.4s)
✔ [9697/17959] Built mathlib/Mathlib.Tactic.Linter.DeprecatedModule:docInfo (1.4s)
✔ [9698/17959] Built mathlib/Mathlib.Tactic.Linter.FindDeprecations:docInfo (1.4s)
✔ [9699/17959] Built mathlib/Mathlib.Tactic.Linter.TextBased.UnicodeLinter:docInfo (2.8s)
✔ [9700/17959] Built mathlib/Mathlib.Tactic.Polyrith:docInfo (1.4s)
✔ [9701/17959] Built mathlib/Mathlib.Tactic.Recall:docInfo (1.3s)
✔ [9702/17959] Built mathlib/Mathlib.Tactic.ReduceModChar.Ext:docInfo (1.3s)
✔ [9703/17959] Built mathlib/Mathlib.Tactic.Relation.Symm:docInfo (1.4s)
✔ [9704/17959] Built mathlib/Mathlib.Tactic.RewriteSearch:docInfo (1.3s)
✔ [9705/17959] Built mathlib/Mathlib.Tactic.TypeCheck:docInfo (1.6s)
✔ [9706/17959] Built mathlib/Mathlib.Tactic.WithoutCDot:docInfo (1.4s)
✔ [9707/17959] Built mathlib/Mathlib.Util.AssertNoSorry:docInfo (1.5s)
✔ [9708/17959] Built mathlib/Mathlib.Util.Export:docInfo (1.3s)
✔ [9709/17959] Built mathlib/Mathlib.Util.GetAllModules:docInfo (1.5s)
✔ [9710/17959] Built mathlib/Mathlib.Util.Simp:docInfo (1.5s)
✔ [9711/17959] Built mathlib/Mathlib.Util.SleepHeartbeats:docInfo (1.2s)
✔ [9714/17963] Built batteries/Batteries.Data.Array.Basic:docInfo (1.0s)
✔ [9715/17963] Built batteries/Batteries.Data.BinomialHeap.Lemmas:docInfo (943ms)
✔ [9716/17963] Built batteries/Batteries.Data.Char.AsciiCasing:docInfo (957ms)
✔ [9717/17963] Built batteries/BatteriesRecycling.RBTree.Basic:docInfo (2.2s)
✔ [9718/17963] Built batteries/Batteries.Data.String:docInfo (876ms)
✔ [9719/17963] Built batteries/Batteries.Data.Vector.Basic:docInfo (859ms)
✔ [9720/17963] Built mathlib/Mathlib.Util.AddRelatedDecl:docInfo (1.2s)
✔ [9721/17963] Built mathlib/Mathlib.Tactic.CrossRefAttribute:docInfo (1.3s)
✔ [9722/17963] Built mathlib/Mathlib.Tactic.ExtendDoc:docInfo (1.2s)
✔ [9723/17963] Built mathlib/Mathlib.Tactic.Attr.Register:docInfo (1.2s)
✔ [9724/17963] Built mathlib/Mathlib.Logic.ExistsUnique:docInfo (1.2s)
✔ [9725/17963] Built mathlib/Mathlib.Tactic.Push.Attr:docInfo (1.2s)
✔ [9726/17963] Built mathlib/Mathlib.Logic.IsEmpty.Defs:docInfo (1.1s)
✔ [9727/17963] Built mathlib/Mathlib.Tactic.Inhabit:docInfo (1.3s)
✔ [9728/17963] Built mathlib/Mathlib.Util.CompileInductive:docInfo (1.1s)
✔ [9729/17963] Built mathlib/Mathlib.Tactic.Core:docInfo (1.5s)
✔ [9730/17963] Built mathlib/Mathlib.Tactic.Use:docInfo (1.2s)
✔ [9731/17963] Built mathlib/Mathlib.Tactic.SimpRw:docInfo (1.2s)
✔ [9732/17963] Built mathlib/Mathlib.Lean.PrettyPrinter.Delaborator:docInfo (1.3s)
✔ [9733/17963] Built mathlib/Mathlib.Lean.Elab.Term:docInfo (1.3s)
✔ [9734/17963] Built mathlib/Mathlib.Util.WithWeakNamespace:docInfo (1.3s)
✔ [9735/17963] Built mathlib/Mathlib.Tactic.Substs:docInfo (1.3s)
✔ [9736/17963] Built mathlib/Mathlib.Tactic.Spread:docInfo (1.2s)
✔ [9737/17963] Built mathlib/Mathlib.Control.Combinators:docInfo (1.2s)
✔ [9738/17963] Built mathlib/Mathlib.Data.Option.Defs:docInfo (1.2s)
✔ [9739/17963] Built aesop/Aesop.Script.Check:docInfo (1.0s)
✔ [9740/17963] Built aesop/Aesop.RuleTac.Basic:docInfo (1.0s)
✔ [9741/17963] Built aesop/Aesop.Script.ScriptM:docInfo (1.3s)
✔ [9742/17963] Built aesop/Aesop.Index.RulePattern:docInfo (957ms)
✔ [9743/17963] Built mathlib/Mathlib.Data.Ordering.Basic:docInfo (1.4s)
✔ [9744/17963] Built mathlib/Mathlib.Tactic.GCongr.ForwardAttr:docInfo (1.2s)
✔ [9745/17963] Built mathlib/Mathlib.Tactic.FastInstance:docInfo (1.4s)
✔ [9746/17963] Built mathlib/Mathlib.Logic.Function.ULift:docInfo (1.4s)
✔ [9747/17963] Built mathlib/Mathlib.Tactic.Conv:docInfo (1.4s)
✔ [9748/17963] Built mathlib/Mathlib.Util.AtLocation:docInfo (1.2s)
✔ [9749/17963] Built mathlib/Mathlib.Tactic.ToExpr:docInfo (1.4s)
✔ [9750/17963] Built mathlib/Mathlib.Tactic.Coe:docInfo (1.2s)
ℹ [9751/17963] Built mathlib/Mathlib.Tactic.Simproc.ExistsAndEq:docInfo (1.6s)
info: stdout:
WARNING: Failed to calculate equational lemmata for ExistsAndEq.withNestedExistsIntro: unquoteExpr: __result.1 : Lean.Expr
WARNING: Failed to calculate equational lemmata for ExistsAndEq.withNestedExistsElim: unquoteExpr: __result.1 : Lean.Expr
✔ [9752/17963] Built mathlib/Mathlib.Tactic.CasesM:docInfo (1.2s)
✔ [9753/17963] Built mathlib/Mathlib.Tactic.DepRewrite:docInfo (1.6s)
✔ [9754/17963] Built mathlib/Mathlib.Tactic.ApplyCongr:docInfo (1.1s)
✔ [9755/17963] Built mathlib/Mathlib.Lean.Meta.Basic:docInfo (1.1s)
✔ [9756/17963] Built mathlib/Mathlib.Tactic.ApplyWith:docInfo (1.2s)
✔ [9757/17963] Built mathlib/Mathlib.Tactic.PPWithUniv:docInfo (1.2s)
✔ [9758/17963] Built mathlib/Mathlib.Tactic.Check:docInfo (1.3s)
✔ [9759/17963] Built mathlib/Mathlib.Tactic.ClearExclamation:docInfo (1.3s)
✔ [9760/17963] Built mathlib/Mathlib.Tactic.ClearExcept:docInfo (1.4s)
✔ [9761/17963] Built mathlib/Mathlib.Tactic.Clear_:docInfo (1.3s)
✔ [9762/17963] Built mathlib/Mathlib.Tactic.Constructor:docInfo (1.2s)
✔ [9763/17963] Built mathlib/Mathlib.Lean.MessageData.Trace:docInfo (1.5s)
✔ [9764/17963] Built mathlib/Mathlib.Tactic.DefEqTransformations:docInfo (1.4s)
✔ [9765/17963] Built mathlib/Mathlib.Tactic.DeprecateTo:docInfo (1.3s)
✔ [9766/17963] Built mathlib/Mathlib.Tactic.DSimpPercent:docInfo (1.4s)
✔ [9767/17963] Built mathlib/Mathlib.Tactic.ExistsI:docInfo (1.3s)
✔ [9768/17963] Built mathlib/Mathlib.Tactic.FailIfNoProgress:docInfo (1.5s)
✔ [9769/17963] Built mathlib/Mathlib.Tactic.Find:docInfo (1.3s)
✔ [9770/17963] Built mathlib/Mathlib.Tactic.FunProp.Decl:docInfo (1.4s)
✔ [9771/17963] Built mathlib/Mathlib.Tactic.FunProp.Mor:docInfo (1.4s)
✔ [9772/17963] Built mathlib/Mathlib.Tactic.FunProp.ToBatteries:docInfo (1.5s)
✔ [9773/17963] Built mathlib/Mathlib.Lean.Meta.RefinedDiscrTree.Basic:docInfo (1.5s)
✔ [9774/17963] Built mathlib/Mathlib.Tactic.GuardGoalNums:docInfo (1.2s)
✔ [9775/17963] Built mathlib/Mathlib.Tactic.GuardHypNums:docInfo (1.2s)
✔ [9776/17963] Built mathlib/Mathlib.Tactic.HigherOrder:docInfo (1.3s)
✔ [9777/17963] Built mathlib/Mathlib.Tactic.InferParam:docInfo (1.2s)
✔ [9778/17963] Built mathlib/Mathlib.Util.TermReduce:docInfo (1.3s)
✔ [9779/17963] Built mathlib/Mathlib.Tactic.Linter.HaveLetLinter:docInfo (1.3s)
✔ [9780/17963] Built mathlib/Mathlib.Tactic.Linter.PPRoundtrip:docInfo (1.2s)
✔ [9781/17963] Built mathlib/Mathlib.Tactic.Linter.UpstreamableDecl:docInfo (1.2s)
✔ [9782/17963] Built mathlib/Mathlib.Tactic.NthRewrite:docInfo (1.3s)
✔ [9783/17963] Built mathlib/Mathlib.Tactic.Observe:docInfo (1.4s)
✔ [9784/17963] Built mathlib/Mathlib.Tactic.RSuffices:docInfo (1.4s)
✔ [9785/17963] Built mathlib/Mathlib.Tactic.Recover:docInfo (1.4s)
✔ [9786/17963] Built mathlib/Mathlib.Tactic.Relation.Rfl:docInfo (1.3s)
✔ [9787/17963] Built mathlib/Mathlib.Tactic.Rename:docInfo (1.4s)
✔ [9788/17963] Built mathlib/Mathlib.Util.Tactic:docInfo (1.4s)
✔ [9789/17963] Built mathlib/Mathlib.Tactic.Set:docInfo (1.2s)
✔ [9790/17963] Built mathlib/Mathlib.Tactic.SimpIntro:docInfo (1.3s)
✔ [9791/17963] Built mathlib/Mathlib.Tactic.SuccessIfFailWithMsg:docInfo (1.5s)
✔ [9792/17963] Built mathlib/Mathlib.Tactic.SudoSetOption:docInfo (1.4s)
✔ [9793/17963] Built mathlib/Mathlib.Tactic.SwapVar:docInfo (1.3s)
✔ [9794/17963] Built mathlib/Mathlib.Tactic.Trace:docInfo (1.4s)
✔ [9795/17963] Built mathlib/Mathlib.Tactic.UnsetOption:docInfo (1.3s)
✔ [9796/17963] Built mathlib/Mathlib.Tactic.Variable:docInfo (1.3s)
✔ [9797/17963] Built mathlib/Mathlib.Tactic.Widget.SelectInsertParamsClass:docInfo (1.4s)
✔ [9798/17963] Built mathlib/Mathlib.Lean.GoalsLocation:docInfo (1.4s)
✔ [9799/17963] Built mathlib/Mathlib.Lean.Meta.KAbstractPositions:docInfo (2.3s)
✔ [9800/17963] Built mathlib/Mathlib.Util.CountHeartbeats:docInfo (1.2s)
✔ [9801/17963] Built mathlib/Mathlib.Util.TransImports:docInfo (1.3s)
✔ [9802/17963] Built mathlib/Mathlib.Util.WhatsNew:docInfo (1.3s)
✔ [9803/17963] Built mathlib/Mathlib.Util.AtomM:docInfo (1.2s)
✔ [9804/17963] Built mathlib/Mathlib.Data.List.TFAE:docInfo (1.1s)
✔ [9805/17963] Built mathlib/Mathlib.Data.Bracket:docInfo (1.1s)
✔ [9806/17963] Built mathlib/Mathlib.Logic.OpClass:docInfo (1.2s)
✔ [9807/17963] Built mathlib/Mathlib.Tactic.Monotonicity.Attr:docInfo (1.1s)
✔ [9808/17963] Built mathlib/Mathlib.Data.Prod.PProd:docInfo (1.3s)
✔ [9809/17963] Built mathlib/Mathlib.Data.Option.NAry:docInfo (1.1s)
✔ [9810/17963] Built mathlib/Mathlib.Util.PPOptions:docInfo (1.1s)
✔ [9811/17963] Built mathlib/Mathlib.Tactic.HaveI:docInfo (1.4s)
✔ [9812/17963] Built mathlib/Mathlib.Lean.Expr.Rat:docInfo (1.3s)
✔ [9813/17963] Built mathlib/Mathlib.Util.Qq:docInfo (1.1s)
✔ [9814/17963] Built mathlib/Mathlib.Tactic.TryThis:docInfo (1.0s)
✔ [9815/17963] Built mathlib/Mathlib.Tactic.FieldSimp.Attr:docInfo (1.3s)
✔ [9816/17963] Built mathlib/Mathlib.Util.DischargerAsTactic:docInfo (1.3s)
✔ [9817/17963] Built mathlib/Mathlib.Data.List.Monad:docInfo (1.3s)
✔ [9818/17963] Built mathlib/Mathlib.Util.SynthesizeUsing:docInfo (1.3s)
✔ [9819/17963] Built mathlib/Mathlib.Tactic.Linarith.Oracle.SimplexAlgorithm.Datatypes:docInfo (1.5s)
✔ [9820/17963] Built mathlib/Mathlib.Lean.Meta.Tactic.Rewrite:docInfo (1.4s)
✔ [9821/17963] Built mathlib/Mathlib.Util.ElabWithoutMVars:docInfo (1.4s)
✔ [9822/17963] Built mathlib/Mathlib.Control.ULift:docInfo (1.3s)
✔ [9823/17963] Built mathlib/Mathlib.Data.Int.DivMod:docInfo (1.3s)
✔ [9824/17963] Built mathlib/Mathlib.Logic.Function.CompTypeclasses:docInfo (1.4s)
✔ [9825/17963] Built mathlib/Mathlib.Tactic.SuppressCompilation:docInfo (1.5s)
✔ [9826/17963] Built mathlib/Mathlib.Tactic.CategoryTheory.CategoryStar:docInfo (1.5s)
✔ [9827/17963] Built mathlib/Mathlib.CategoryTheory.ConcreteCategory.Bundled:docInfo (1.4s)
✔ [9828/17963] Built mathlib/Mathlib.Tactic.CategoryTheory.Coherence.Datatypes:docInfo (1.7s)
✔ [9829/17963] Built mathlib/Mathlib.Util.DelabNonCanonical:docInfo (1.0s)
✔ [9830/17963] Built mathlib/Mathlib.Tactic.BDSimp:docInfo (1.4s)
✔ [9831/17963] Built mathlib/Mathlib.Algebra.Expr:docInfo (1.5s)
✔ [9832/17963] Built mathlib/Mathlib.Algebra.HierarchyDesign:docInfo (1.4s)
✔ [9833/17963] Built mathlib/Mathlib.Util.Superscript:docInfo (1.4s)
✔ [9834/17963] Built mathlib/Mathlib.Data.Nat.NthRoot.Defs:docInfo (1.3s)
✔ [9835/17963] Built mathlib/Mathlib.Logic.Function.Coequalizer:docInfo (1.3s)
✔ [9836/17963] Built mathlib/Mathlib.Analysis.CStarAlgebra.ContinuousFunctionalCalculus.Note:docInfo (1.1s)
✔ [9880/18003] Built mathlib/Mathlib.Data.Nat.BinaryRec:docInfo (1.3s)
✔ [9882/18005] Built batteries/Batteries.Data.Array.Scan:docInfo (1.1s)
✔ [9883/18005] Built batteries/Batteries.Data.BinomialHeap:docInfo (1.0s)
✔ [9884/18005] Built batteries/Batteries.Data.Char:docInfo (1.1s)
✔ [9885/18005] Built batteries/Batteries.Data.RBMap.Basic:docInfo (964ms)
✔ [9886/18005] Built batteries/BatteriesRecycling.RBTree.WF:docInfo (1.2s)
✔ [9887/18005] Built mathlib/Mathlib.Tactic.Simps.NotationClass:docInfo (1.2s)
✔ [9888/18005] Built mathlib/Mathlib.Lean.Meta.Simp:docInfo (1.2s)
✔ [9889/18005] Built mathlib/Mathlib.Tactic.Eqns:docInfo (1.2s)
✔ [9890/18005] Built mathlib/Mathlib.Tactic.Translate.Attributes:docInfo (1.2s)
✔ [9891/18005] Built mathlib/Mathlib.Data.String.Defs:docInfo (1.3s)
✔ [9892/18005] Built mathlib/Mathlib.Tactic.Translate.Reorder:docInfo (1.3s)
✔ [9893/18005] Built mathlib/Mathlib.Tactic.Translate.UnfoldBoundary:docInfo (1.2s)
✔ [9894/18005] Built mathlib/Mathlib.Data.Int.Notation:docInfo (1.2s)
✔ [9895/18005] Built mathlib/Mathlib.Lean.Meta:docInfo (1.3s)
✔ [9896/18005] Built mathlib/Mathlib.Lean.Name:docInfo (1.4s)
✔ [9897/18005] Built mathlib/Mathlib.Tactic.OfNat:docInfo (1.3s)
✔ [9898/18005] Built mathlib/Mathlib.Data.Nat.Notation:docInfo (1.4s)
✔ [9899/18005] Built mathlib/Mathlib.Logic.Nonempty:docInfo (1.2s)
✔ [9900/18005] Built mathlib/Mathlib.Tactic.SplitIfs:docInfo (1.1s)
✔ [9901/18005] Built aesop/Aesop.Script.UScriptToSScript:docInfo (1.1s)
✔ [9902/18005] Built aesop/Aesop.Forward.RuleInfo:docInfo (1.0s)
✔ [9903/18005] Built aesop/Aesop.Script.SpecificTactics:docInfo (1.4s)
✔ [9904/18005] Built aesop/Aesop.RuleTac.Tactic:docInfo (1.1s)
✔ [9905/18005] Built aesop/Aesop.Search.Expansion.Basic:docInfo (1.1s)
✔ [9906/18005] Built mathlib/Mathlib.Tactic.DefEqAbuse:docInfo (1.2s)
✔ [9907/18005] Built mathlib/Mathlib.Tactic.FunProp.FunctionData:docInfo (1.3s)
✔ [9908/18005] Built mathlib/Mathlib.Tactic.Linter:docInfo (1.2s)
✔ [9909/18005] Built mathlib/Mathlib.Tactic.RenameBVar:docInfo (1.2s)
✔ [9910/18005] Built mathlib/Mathlib.Tactic.Widget.SelectPanelUtils:docInfo (1.3s)
✔ [9911/18005] Built mathlib/Mathlib.Util.Delaborators:docInfo (1.5s)
✔ [9912/18005] Built mathlib/Mathlib.Util.AtomM.Recurse:docInfo (1.4s)
✔ [9913/18005] Built mathlib/Mathlib.Tactic.Linarith.Oracle.SimplexAlgorithm.Gauss:docInfo (1.3s)
✔ [9914/18005] Built mathlib/Mathlib.Tactic.Linarith.Oracle.SimplexAlgorithm.SimplexAlgorithm:docInfo (1.2s)
✔ [9915/18005] Built mathlib/Mathlib.Tactic.CategoryTheory.Coherence.PureCoherence:docInfo (1.3s)
✔ [9916/18005] Built mathlib/Mathlib.Tactic.Monotonicity.Basic:docInfo (1.3s)
✔ [9917/18005] Built mathlib/Mathlib.Data.List.Fold:docInfo (1.3s)
✔ [9918/18005] Built mathlib/Mathlib.Lean.Expr.ReplaceRec:docInfo (1.2s)
✔ [9919/18005] Built mathlib/Mathlib.Tactic.Explode.Pretty:docInfo (1.2s)
✔ [9920/18005] Built mathlib/Mathlib.Tactic.Linter.ValidatePRTitle:docInfo (1.3s)
✔ [9921/18005] Built mathlib/Mathlib.Tactic.Replace:docInfo (1.2s)
✔ [9922/18005] Built mathlib/Mathlib.Util.AliasIn:docInfo (1.2s)
✔ [9958/18042] Built batteries/Batteries.Data.Fin.Coding:docInfo (1.1s)
✔ [9959/18042] Built batteries/Batteries.Data.RBMap.WF:docInfo (1.0s)
✔ [9960/18042] Built mathlib/Mathlib.Tactic.Translate.GuessName:docInfo (1.3s)
ℹ [9961/18042] Built mathlib/Mathlib.Tactic.MkIffOfInductiveProp:docInfo (1.4s)
info: stdout:
WARNING: Failed to calculate equational lemmata for Mathlib.Tactic.MkIff.nCasesSum: failed to generate equational theorem for `Mathlib.Tactic.MkIff.nCasesSum`
  failed to generate equality theorems for `match` expression `_private.Mathlib.Tactic.MkIffOfInductiveProp.0.Mathlib.Tactic.MkIff.nCasesSum.match_4`
  case isTrue
  motive✝ : Array Lean.Meta.CasesSubgoal → Sort u_1
  x✝¹ : Array Lean.Meta.CasesSubgoal
  h_1✝ : (sg1 sg2 : Lean.Meta.CasesSubgoal) → motive✝ #[sg1, sg2]
  h_2✝ : (x : Array Lean.Meta.CasesSubgoal) → motive✝ x
  x✝ : ∀ (sg1 sg2 : Lean.Meta.CasesSubgoal), x✝¹ = #[sg1, sg2] → False
  h✝ : x✝¹.size = 2
  ⊢ (⋯ ▸ fun h => ⋯ ▸ h_1✝ (x✝¹.getLit 0 ⋯ ⋯) (x✝¹.getLit 1 ⋯ ⋯)) ⋯ = h_2✝ x✝¹
WARNING: Failed to calculate equational lemmata for Mathlib.Tactic.MkIff.nCasesProd: failed to generate equational theorem for `Mathlib.Tactic.MkIff.nCasesProd`
  failed to generate equality theorems for `match` expression `_private.Mathlib.Tactic.MkIffOfInductiveProp.0.Mathlib.Tactic.MkIff.nCasesProd.match_5`
  case isTrue
  motive✝ : Array Lean.Meta.CasesSubgoal → Sort u_1
  x✝¹ : Array Lean.Meta.CasesSubgoal
  h_1✝ : (sg : Lean.Meta.CasesSubgoal) → motive✝ #[sg]
  h_2✝ : (x : Array Lean.Meta.CasesSubgoal) → motive✝ x
  x✝ : ∀ (sg : Lean.Meta.CasesSubgoal), x✝¹ = #[sg] → False
  h✝ : x✝¹.size = 1
  ⊢ (⋯ ▸ fun h => ⋯ ▸ h_1✝ (x✝¹.getLit 0 ⋯ ⋯)) ⋯ = h_2✝ x✝¹
✔ [9962/18042] Built mathlib/Mathlib.Tactic.Simps.Basic:docInfo (1.5s)
✔ [9963/18042] Built mathlib/Mathlib.Logic.Basic:docInfo (1.4s)
✔ [9964/18042] Built mathlib/Mathlib.Logic.Function.Defs:docInfo (1.3s)
✔ [9965/18042] Built mathlib/Mathlib.Logic.Nontrivial.Defs:docInfo (1.3s)
✔ [9966/18042] Built mathlib/Mathlib.Tactic.ScopedNS:docInfo (1.1s)
✔ [9967/18042] Built aesop/Aesop.Script.StructureDynamic:docInfo (1.1s)
✔ [9968/18042] Built aesop/Aesop.Script.StructureStatic:docInfo (995ms)
✔ [9969/18042] Built aesop/Aesop.RuleTac.Cases:docInfo (1.2s)
✔ [9970/18042] Built aesop/Aesop.RuleTac.Preprocess:docInfo (1.1s)
✔ [9971/18042] Built mathlib/Mathlib.Lean.Meta.CongrTheorems:docInfo (1.4s)
✔ [9972/18042] Built mathlib/Mathlib.Data.Nat.Init:docInfo (1.3s)
✔ [9973/18042] Built mathlib/Mathlib.Tactic.FBinop:docInfo (1.2s)
✔ [9974/18042] Built mathlib/Mathlib.Data.Int.Init:docInfo (1.4s)
✔ [9975/18042] Built mathlib/Mathlib.Tactic.Attr.Core:docInfo (1.2s)
✔ [9976/18042] Built mathlib/Mathlib.Tactic.ApplyAt:docInfo (1.2s)
✔ [9977/18042] Built mathlib/Mathlib.Tactic.Basic:docInfo (1.2s)
ℹ [9978/18042] Built mathlib/Mathlib.Tactic.ErwQuestion:docInfo (11s)
info: stdout:
WARNING: Failed to calculate equational lemmata for Mathlib.Tactic.Erw?.logDiffs: (deterministic) timeout at `whnf`, maximum number of heartbeats (200000) has been reached

Note: Use `set_option maxHeartbeats <num>` to set the limit.(invalid MessageData.lazy, missing context)
✔ [9979/18042] Built mathlib/Mathlib.Lean.Meta.RefinedDiscrTree.Initialize:docInfo (1.5s)
✔ [9980/18042] Built mathlib/Mathlib.Lean.Meta.RefinedDiscrTree.Encode:docInfo (1.7s)
✔ [9981/18042] Built mathlib/Mathlib.Tactic.IrreducibleDef:docInfo (1.1s)
✔ [9982/18042] Built mathlib/Mathlib.Tactic.ToLevel:docInfo (1.2s)
✔ [9983/18042] Built mathlib/Mathlib.Tactic.TFAE:docInfo (1.4s)
✔ [9984/18042] Built mathlib/Mathlib.Data.Rat.Init:docInfo (1.3s)
✔ [9985/18042] Built mathlib/Mathlib.Data.PNat.Notation:docInfo (1.2s)
✔ [9986/18042] Built mathlib/Mathlib.Data.Tree.Basic:docInfo (1.4s)
✔ [9987/18042] Built mathlib/Mathlib.Data.Int.Cast.Pi:docInfo (1.1s)
✔ [9988/18042] Built mathlib/Mathlib.Data.Stream.Defs:docInfo (1.3s)
✔ [9989/18042] Built mathlib/Mathlib.Data.Num.Basic:docInfo (1.0s)
✔ [9990/18042] Built mathlib/Mathlib.Data.String.Lemmas:docInfo (1.2s)
✔ [9991/18042] Built mathlib/Mathlib.Data.Tree.RBMap:docInfo (1.2s)
✔ [9992/18042] Built mathlib/Mathlib.Lean.Elab.Tactic.Basic:docInfo (1.2s)
✔ [9993/18042] Built mathlib/Mathlib.Tactic.Linter.TextBased:docInfo (1.3s)
✔ [9994/18042] Built mathlib/Mathlib.Tactic.SetNotationForOrder:docInfo (1.2s)
✔ [9995/18042] Built mathlib/Mathlib.Tactic.StacksAttribute:docInfo (1.2s)
✔ [9996/18042] Built mathlib/Mathlib.Util.FormatTable:docInfo (1.3s)
✔ [9997/18042] Built mathlib/Mathlib.Util.LongNames:docInfo (1.2s)
✔ [10002/18050] Built batteries/BatteriesRecycling.RBTree.Depth:docInfo (971ms)
✔ [10003/18050] Built batteries/BatteriesRecycling.RBTree.Alter:docInfo (1.1s)
✔ [10004/18050] Built batteries/Batteries.Data.RBMap.Alter:docInfo (1.1s)
✔ [10005/18050] Built aesop/Aesop.Rule.Forward:docInfo (970ms)
✔ [10022/18063] Built batteries/Batteries.Data.Array:docInfo (1.0s)
✔ [10023/18063] Built mathlib/Mathlib.Data.List.Triplewise:docInfo (1.3s)
✔ [10024/18063] Built mathlib/Mathlib.Data.TwoPointing:docInfo (1.0s)
✔ [10025/18063] Built mathlib/Mathlib.Data.Tree.Get:docInfo (1.1s)
✔ [10026/18063] Built mathlib/Mathlib.Tactic.Explode:docInfo (1.0s)
✔ [10027/18063] Built mathlib/Mathlib.Tactic.Widget.GCongr:docInfo (1.3s)
✔ [10028/18063] Built mathlib/Mathlib.Testing.Plausible.Testable:docInfo (1.1s)
✔ [10034/18071] Built batteries/Batteries.Data.Fin:docInfo (1.1s)
✔ [10035/18071] Built batteries/Batteries.Data.Vector.Lemmas:docInfo (1.0s)
✔ [10036/18071] Built mathlib/Mathlib.Logic.Relator:docInfo (1.3s)
✔ [10037/18071] Built mathlib/Mathlib.Util.Notation3:docInfo (1.7s)
✔ [10038/18071] Built aesop/Aesop.Script.Main:docInfo (1.1s)
✔ [10039/18071] Built aesop/Aesop.RuleTac.Apply:docInfo (3.6s)
✔ [10040/18071] Built mathlib/Mathlib.Tactic.CongrExclamation:docInfo (1.3s)
✔ [10041/18071] Built mathlib/Mathlib.Data.SProd:docInfo (1.1s)
✔ [10042/18071] Built mathlib/Mathlib.Tactic.TermCongr:docInfo (1.6s)
✔ [10043/18071] Built mathlib/Mathlib.Tactic.FunProp.Types:docInfo (1.4s)
✔ [10044/18071] Built mathlib/Mathlib.Lean.Meta.RefinedDiscrTree.Lookup:docInfo (1.7s)
✔ [10045/18071] Built mathlib/Mathlib.Tactic.Hint:docInfo (1.3s)
✔ [10046/18071] Built mathlib/Mathlib.Tactic.Says:docInfo (1.5s)
✔ [10047/18071] Built mathlib/Mathlib.Tactic.Widget.Calc:docInfo (1.1s)
✔ [10048/18071] Built mathlib/Mathlib.Tactic.Widget.CongrM:docInfo (1.2s)
✔ [10049/18071] Built mathlib/Mathlib.Tactic.Widget.Conv:docInfo (1.3s)
✔ [10050/18071] Built mathlib/Mathlib.Control.Basic:docInfo (1.6s)
✔ [10051/18071] Built mathlib/Mathlib.Tactic.Linarith.Oracle.SimplexAlgorithm.PositiveVector:docInfo (1.1s)
✔ [10060/18071] Built mathlib/Mathlib.Tactic.Subsingleton:docInfo (1.1s)
✔ [10061/18071] Built mathlib/Mathlib.Data.Nat.MaxPowDiv:docInfo (1.1s)
✔ [10062/18073] Built mathlib/Mathlib.Tactic.Translate.Core:docInfo (1.3s)
✔ [10065/18075] Built batteries/Batteries.Data.RBMap.Depth:docInfo (1.1s)
✔ [10066/18075] Built aesop/Aesop.Forward.Match.Types:docInfo (1.1s)
✔ [10067/18075] Built mathlib/Mathlib.Tactic.ITauto:docInfo (1.8s)
✔ [10070/18082] Built batteries/BatteriesRecycling.RBTree.Lemmas:docInfo (1.3s)
✔ [10071/18082] Built batteries/Batteries.Data.Vector:docInfo (1.1s)
✔ [10072/18082] Built mathlib/Mathlib.Tactic.Convert:docInfo (1.3s)
✔ [10073/18082] Built mathlib/Mathlib.Tactic.Push:docInfo (1.6s)
✔ [10074/18082] Built mathlib/Mathlib.Tactic.Tauto:docInfo (1.9s)
✔ [10075/18082] Built mathlib/Mathlib.Tactic.CongrM:docInfo (1.2s)
✔ [10076/18082] Built mathlib/Mathlib.Lean.Meta.RefinedDiscrTree:docInfo (1.5s)
✔ [10085/18084] Built mathlib/Mathlib.Tactic.Translate.TagUnfoldBoundary:docInfo (996ms)
✔ [10087/18088] Built mathlib/Mathlib.Tactic.Translate.ToAdditive:docInfo (1.2s)
✔ [10088/18088] Built aesop/Aesop.RuleTac.Descr:docInfo (1.1s)
✔ [10089/18088] Built aesop/Aesop.Index.Forward:docInfo (1.1s)
✔ [10090/18088] Built mathlib/Mathlib.Tactic.FunProp.Theorems:docInfo (1.8s)
✔ [10096/18089] Built mathlib/Mathlib.Tactic.WLOG:docInfo (1.2s)
✔ [10097/18090] Built batteries/Batteries.Data.RBMap.Lemmas:docInfo (1.3s)
✔ [10098/18090] Built mathlib/Mathlib.Tactic.Contrapose:docInfo (1.2s)
✔ [10099/18090] Built mathlib/Mathlib.Tactic.ToFun:docInfo (1.3s)
✔ [10101/18090] Built mathlib/Mathlib.Tactic.ByCases:docInfo (1.4s)
✔ [10102/18090] Built mathlib/Mathlib.Tactic.ByContra:docInfo (1.4s)
✔ [10103/18090] Built mathlib/Mathlib.Logic.Lemmas:docInfo (1.2s)
✔ [10104/18091] Built mathlib/Mathlib.Tactic.Translate.ToDual:docInfo (1.1s)
✔ [10106/18093] Built aesop/Aesop.Rule.Basic:docInfo (940ms)
✔ [10109/18095] Built mathlib/Mathlib.Tactic.ToAdditive:docInfo (1.1s)
✔ [10110/18095] Built mathlib/Mathlib.Algebra.Notation:docInfo (1.0s)
✔ [10113/18096] Built batteries/Batteries.Data.RBMap:docInfo (911ms)
✔ [10114/18096] Built mathlib/Mathlib.Tactic.FunProp.Attr:docInfo (1.4s)
✔ [10115/18096] Built mathlib/Mathlib.Tactic.Widget.LibraryRewrite:docInfo (1.7s)
✔ [10117/18097] Built mathlib/Mathlib.Tactic.FunProp.Core:docInfo (1.7s)
✔ [10119/18100] Built mathlib/Mathlib.Tactic.ToDual:docInfo (882ms)
✔ [10120/18100] Built aesop/Aesop.Index:docInfo (807ms)
ℹ [10121/18100] Built mathlib/Mathlib.Tactic.CategoryTheory.Coherence.Normalize:docInfo (11s)
info: stdout:
WARNING: Failed to calculate equational lemmata for Mathlib.Tactic.BicategoryLike.eval: (deterministic) timeout at `whnf`, maximum number of heartbeats (200000) has been reached

Note: Use `set_option maxHeartbeats <num>` to set the limit.(invalid MessageData.lazy, missing context)
✔ [10125/18105] Built mathlib/Mathlib.Algebra.Notation.Defs:docInfo (1.0s)
✔ [10126/18105] Built aesop/Aesop.Rule:docInfo (1.0s)
✔ [10127/18105] Built mathlib/Mathlib.Algebra.Notation.Lemmas:docInfo (1.0s)
✔ [10133/18105] Built batteries/Batteries:docInfo (1.0s)
✔ [10134/18106] Built mathlib/Mathlib.Order.Notation:docInfo (998ms)
✔ [10136/18107] Built mathlib/Mathlib.Tactic.FunProp.Elab:docInfo (1.3s)
✔ [10138/18119] Built mathlib/Mathlib.Algebra.Regular.Defs:docInfo (1.2s)
✔ [10139/18119] Built mathlib/Mathlib.Data.Set.Defs:docInfo (1.4s)
✔ [10140/18119] Built mathlib/Mathlib.Algebra.Notation.Pi.Defs:docInfo (1.2s)
✔ [10141/18119] Built aesop/Aesop.Forward.Match:docInfo (1.2s)
✔ [10142/18119] Built aesop/Aesop.Tree.UnsafeQueue:docInfo (1.2s)
✔ [10143/18119] Built aesop/Aesop.RuleSet.Member:docInfo (947ms)
✔ [10144/18119] Built mathlib/Mathlib.Order.Defs.PartialOrder:docInfo (1.2s)
✔ [10145/18119] Built mathlib/Mathlib.Order.TypeTags:docInfo (985ms)
✔ [10159/18122] Built mathlib/Mathlib.Order.Defs.LinearOrder:docInfo (1.1s)
✔ [10162/18124] Built aesop/Aesop.Builder.Basic:docInfo (1.2s)
✔ [10163/18124] Built mathlib/Mathlib.Algebra.NeZero:docInfo (1.2s)
✔ [10170/18134] Built aesop/Aesop.Tree.Data.ForwardRuleMatches:docInfo (1.3s)
✔ [10171/18134] Built aesop/Aesop.RuleTac.Forward:docInfo (1.2s)
✔ [10172/18134] Built mathlib/Mathlib.Data.Set.CoeSort:docInfo (1.5s)
✔ [10173/18134] Built mathlib/Mathlib.Tactic.FunProp:docInfo (1.5s)
✔ [10174/18134] Built mathlib/Mathlib.Order.Interval.Set.Defs:docInfo (1.3s)
✔ [10175/18134] Built mathlib/Mathlib.Control.Functor:docInfo (1.6s)
✔ [10182/18135] Built mathlib/Mathlib.Order.Defs.Unbundled:docInfo (1.6s)
✔ [10183/18135] Built aesop/Aesop.Forward.State:docInfo (1.9s)
✔ [10184/18135] Built mathlib/Mathlib.Order.Bounds.Defs:docInfo (1.7s)
✔ [10185/18135] Built mathlib/Mathlib.Data.ENat.Defs:docInfo (1.1s)
✔ [10189/18143] Built mathlib/Mathlib.Algebra.Group.Defs:docInfo (1.8s)
✔ [10190/18143] Built aesop/Aesop.Builder.Constructors:docInfo (1.0s)
✔ [10191/18143] Built aesop/Aesop.Builder.Forward:docInfo (1.3s)
✔ [10192/18143] Built aesop/Aesop.Builder.Unfold:docInfo (1.1s)
✔ [10193/18143] Built mathlib/Mathlib.Data.Bool.Basic:docInfo (1.3s)
✔ [10194/18143] Built mathlib/Mathlib.Data.Int.Order.Basic:docInfo (1.3s)
✔ [10211/18154] Built mathlib/Mathlib.Logic.Function.Basic:docInfo (1.5s)
✔ [10212/18154] Built mathlib/Mathlib.Logic.Relation:docInfo (1.4s)
✔ [10213/18154] Built aesop/Aesop.RuleSet:docInfo (1.6s)
✔ [10214/18154] Built aesop/Aesop.RuleTac:docInfo (1.3s)
✔ [10215/18154] Built aesop/Aesop.Builder.Cases:docInfo (1.1s)
✔ [10216/18154] Built aesop/Aesop.Builder.NormSimp:docInfo (1.3s)
✔ [10217/18154] Built aesop/Aesop.Builder.Tactic:docInfo (1.4s)
✔ [10218/18154] Built aesop/Aesop.Builder.Apply:docInfo (1.3s)
✔ [10219/18154] Built mathlib/Mathlib.Data.List.Defs:docInfo (1.9s)
✔ [10220/18154] Built mathlib/Mathlib.Lean.Expr.ExtraRecognizers:docInfo (1.3s)
✔ [10221/18154] Built mathlib/Mathlib.Data.Sigma.Lex:docInfo (1.3s)
✔ [10222/18154] Built mathlib/Mathlib.Control.Traversable.Basic:docInfo (1.5s)
✔ [10223/18154] Built mathlib/Mathlib.Data.Ordering.Lemmas:docInfo (1.4s)
✔ [10241/18173] Built mathlib/Mathlib.Algebra.Group.Semiconj.Defs:docInfo (1.3s)
✔ [10242/18173] Built aesop/Aesop.Tree.Data:docInfo (1.6s)
✔ [10243/18173] Built aesop/Aesop.Forward.State.Initial:docInfo (1.2s)
✔ [10244/18173] Built aesop/Aesop.Forward.State.ApplyGoalDiff:docInfo (1.2s)
✔ [10245/18173] Built aesop/Aesop.Frontend.Extension.Init:docInfo (1.2s)
✔ [10246/18173] Built aesop/Aesop.Builder.Default:docInfo (1.1s)
✔ [10247/18173] Built mathlib/Mathlib.Tactic.GCongr.Core:docInfo (1.5s)
✔ [10248/18173] Built mathlib/Mathlib.Algebra.GroupWithZero.Defs:docInfo (1.4s)
✔ [10249/18173] Built mathlib/Mathlib.Data.Nat.Cast.Defs:docInfo (1.4s)
✔ [10250/18173] Built mathlib/Mathlib.Algebra.Group.Int.Defs:docInfo (1.2s)
✔ [10251/18173] Built mathlib/Mathlib.Algebra.Group.Nat.Defs:docInfo (1.2s)
✔ [10252/18173] Built mathlib/Mathlib.Algebra.Group.Invertible.Defs:docInfo (1.3s)
✔ [10253/18173] Built mathlib/Mathlib.Algebra.BigOperators.Group.List.Defs:docInfo (1.3s)
✔ [10254/18173] Built mathlib/Mathlib.Algebra.Group.Commutator:docInfo (1.4s)
✔ [10255/18173] Built mathlib/Mathlib.Control.Applicative:docInfo (1.5s)
✔ [10256/18173] Built mathlib/Mathlib.Algebra.Group.PUnit:docInfo (1.3s)
✔ [10257/18173] Built mathlib/Mathlib.Algebra.PEmptyInstances:docInfo (1.3s)
✔ [10258/18173] Built mathlib/Mathlib.Algebra.Group.MinimalAxioms:docInfo (1.5s)
✔ [10259/18173] Built mathlib/Mathlib.GroupTheory.EckmannHilton:docInfo (1.4s)
✔ [10281/18192] Built mathlib/Mathlib.Data.List.GetD:docInfo (1.3s)
✔ [10282/18192] Built mathlib/Mathlib.Data.List.Indexes:docInfo (1.3s)
✔ [10283/18192] Built mathlib/Mathlib.Logic.IsEmpty:docInfo (1.4s)
✔ [10285/18193] Built mathlib/Mathlib.Logic.Unique:docInfo (1.4s)
✔ [10286/18193] Built mathlib/Mathlib.Data.Subtype:docInfo (1.4s)
✔ [10287/18193] Built mathlib/Mathlib.Logic.Function.Conjugate:docInfo (1.4s)
✔ [10288/18193] Built mathlib/Mathlib.Algebra.Notation.Pi.Basic:docInfo (1.5s)
✔ [10289/18193] Built mathlib/Mathlib.Data.Sum.Basic:docInfo (1.5s)
✔ [10290/18193] Built mathlib/Mathlib.Logic.IsEmpty.Basic:docInfo (1.7s)
✔ [10291/18193] Built aesop/Aesop.Tree.RunMetaM:docInfo (1.2s)
✔ [10292/18193] Built aesop/Aesop.Tree.Traversal:docInfo (1.2s)
✔ [10293/18193] Built mathlib/Mathlib.Logic.Pairwise:docInfo (1.5s)
✔ [10294/18193] Built mathlib/Mathlib.Data.Nat.Basic:docInfo (1.3s)
✔ [10295/18193] Built mathlib/Mathlib.Tactic.Choose:docInfo (1.8s)
✔ [10296/18193] Built mathlib/Mathlib.Data.Sigma.Basic:docInfo (1.6s)
✔ [10297/18193] Built mathlib/Mathlib.Algebra.Group.InjSurj:docInfo (1.5s)
✔ [10298/18193] Built mathlib/Mathlib.Tactic.GCongr.CoreAttrs:docInfo (1.2s)
✔ [10299/18193] Built mathlib/Mathlib.Data.List.Flatten:docInfo (1.2s)
✔ [10300/18193] Built mathlib/Mathlib.Data.Nat.Bits:docInfo (1.4s)
✔ [10301/18193] Built mathlib/Mathlib.Algebra.Homology.ComplexShape:docInfo (1.4s)
✔ [10309/18208] Built mathlib/Mathlib.Control.Traversable.Lemmas:docInfo (1.4s)
✔ [10310/18208] Built mathlib/Mathlib.Data.Tree.Traversable:docInfo (1.4s)
✔ [10311/18208] Built mathlib/Mathlib.Tactic.Sat.FromLRAT:docInfo (1.7s)
✔ [10321/18214] Built mathlib/Mathlib.Algebra.Group.Commute.Defs:docInfo (1.4s)
✔ [10322/18214] Built aesop/Aesop.Search.Queue.Class:docInfo (1.2s)
✔ [10323/18214] Built aesop/Aesop.Tree.TreeM:docInfo (1.4s)
✔ [10324/18214] Built aesop/Aesop.Frontend.Extension:docInfo (1.4s)
✔ [10325/18214] Built aesop/Aesop.Frontend.RuleExpr:docInfo (1.6s)
✔ [10326/18214] Built aesop/Aesop.Saturate:docInfo (1.4s)
✔ [10327/18214] Built mathlib/Mathlib.Tactic.GRewrite.Core:docInfo (1.4s)
✔ [10328/18214] Built mathlib/Mathlib.Algebra.GroupWithZero.NeZero:docInfo (1.4s)
✔ [10329/18214] Built mathlib/Mathlib.Data.Int.Cast.Defs:docInfo (1.6s)
✔ [10330/18214] Built mathlib/Mathlib.Algebra.GroupWithZero.Nat:docInfo (1.5s)
✔ [10331/18214] Built mathlib/Mathlib.Data.Nat.Cast.NeZero:docInfo (1.4s)
✔ [10332/18214] Built mathlib/Mathlib.Algebra.GroupWithZero.Regular:docInfo (1.4s)
✔ [10333/18214] Built mathlib/Mathlib.Data.List.Pairwise:docInfo (1.4s)
✔ [10340/18215] Built mathlib/Mathlib.Logic.Function.Iterate:docInfo (1.4s)
✔ [10347/18226] Built mathlib/Mathlib.Data.Nat.Size:docInfo (1.4s)
✔ [10348/18226] Built mathlib/Mathlib.Data.Char:docInfo (1.6s)
✔ [10355/18227] Built mathlib/Mathlib.Data.FunLike.Basic:docInfo (1.3s)
✔ [10356/18227] Built mathlib/Mathlib.Data.Quot:docInfo (1.4s)
✔ [10357/18227] Built mathlib/Mathlib.Algebra.Group.Pi.Basic:docInfo (1.3s)
✔ [10358/18227] Built aesop/Aesop.Tree.State:docInfo (1.3s)
✔ [10359/18227] Built aesop/Aesop.Tree.ExtractScript:docInfo (1.3s)
✔ [10360/18227] Built aesop/Aesop.Tree.Tracing:docInfo (1.5s)
✔ [10361/18227] Built aesop/Aesop.Search.Queue:docInfo (1.2s)
✔ [10362/18227] Built aesop/Aesop.Tree.Free:docInfo (1.2s)
✔ [10363/18227] Built aesop/Aesop.Tree.Stats:docInfo (1.3s)
✔ [10364/18227] Built mathlib/Mathlib.Order.Basic:docInfo (1.6s)
✔ [10365/18227] Built mathlib/Mathlib.Algebra.Group.Units.Defs:docInfo (1.5s)
✔ [10366/18227] Built mathlib/Mathlib.Tactic.GCongr:docInfo (1.3s)
✔ [10367/18227] Built mathlib/Mathlib.Data.Int.Basic:docInfo (1.4s)
✔ [10368/18227] Built mathlib/Mathlib.Data.Nat.Sqrt:docInfo (1.4s)
✔ [10369/18227] Built mathlib/Mathlib.Data.Nat.Find:docInfo (1.6s)
✔ [10370/18227] Built mathlib/Mathlib.Algebra.Homology.HasNoLoop:docInfo (1.2s)
✔ [10371/18227] Built mathlib/Mathlib.Algebra.Homology.SpectralSequence.ComplexShape:docInfo (1.2s)
✔ [10383/18238] Built aesop/Aesop.Search.SearchM:docInfo (1.2s)
✔ [10384/18238] Built aesop/Aesop.Tree.AddRapp:docInfo (1.2s)
✔ [10385/18238] Built aesop/Aesop.Forward.State.UpdateGoal:docInfo (1.1s)
✔ [10386/18238] Built aesop/Aesop.Tree.ExtractProof:docInfo (1.2s)
✔ [10387/18238] Built aesop/Aesop.Frontend.Tactic:docInfo (1.2s)
✔ [10388/18238] Built mathlib/Mathlib.Algebra.Ring.Defs:docInfo (1.6s)
✔ [10389/18238] Built mathlib/Mathlib.Algebra.CharZero.Defs:docInfo (1.3s)
✔ [10390/18238] Built mathlib/Mathlib.Tactic.DeriveTraversable:docInfo (1.7s)
✔ [10397/18244] Built aesop/Aesop.Frontend.Attribute:docInfo (1.2s)
✔ [10398/18244] Built aesop/Aesop.Frontend.Command:docInfo (1.2s)
✔ [10399/18244] Built aesop/Aesop.Frontend.Saturate:docInfo (1.4s)
✔ [10400/18244] Built mathlib/Mathlib.Data.Prod.Basic:docInfo (1.4s)
✔ [10401/18244] Built mathlib/Mathlib.Tactic.GRewrite.Elab:docInfo (1.3s)
✔ [10402/18244] Built mathlib/Mathlib.Algebra.GroupWithZero.InjSurj:docInfo (1.4s)
✔ [10403/18244] Built mathlib/Mathlib.Data.PNat.Defs:docInfo (1.4s)
✔ [10411/18255] Built mathlib/Mathlib.Algebra.Order.Sum:docInfo (1.6s)
✔ [10412/18255] Built mathlib/Mathlib.Data.List.TakeWhile:docInfo (1.6s)
✔ [10418/18261] Built mathlib/Mathlib.Data.FunLike.Embedding:docInfo (1.4s)
✔ [10419/18261] Built aesop/Aesop.Search.RuleSelection:docInfo (1.3s)
✔ [10420/18261] Built aesop/Aesop.Tree.Check:docInfo (1.4s)
✔ [10421/18261] Built mathlib/Mathlib.Order.ULift:docInfo (1.6s)
✔ [10422/18261] Built mathlib/Mathlib.Algebra.Group.Hom.Defs:docInfo (1.8s)
✔ [10423/18261] Built mathlib/Mathlib.Algebra.Ring.Nat:docInfo (1.4s)
✔ [10424/18261] Built mathlib/Mathlib.Algebra.Ring.Semiconj:docInfo (1.4s)
✔ [10425/18261] Built mathlib/Mathlib.Algebra.Group.Nat.Units:docInfo (1.5s)
✔ [10426/18261] Built mathlib/Mathlib.Algebra.Ring.PUnit:docInfo (1.3s)
✔ [10427/18261] Built mathlib/Mathlib.Algebra.Group.Irreducible.Defs:docInfo (1.7s)
✔ [10428/18261] Built mathlib/Mathlib.Data.FunLike.IsApply:docInfo (1.6s)
✔ [10429/18261] Built mathlib/Mathlib.RingTheory.LocalRing.Defs:docInfo (1.4s)
✔ [10436/18265] Built aesop/Aesop.BuiltinRules.DestructProducts:docInfo (1.1s)
✔ [10437/18265] Built aesop/Aesop.BuiltinRules.Ext:docInfo (1.1s)
✔ [10438/18265] Built aesop/Aesop.BuiltinRules.Intros:docInfo (1.2s)
✔ [10439/18265] Built aesop/Aesop.BuiltinRules.Rfl:docInfo (1.1s)
✔ [10440/18265] Built aesop/Aesop.BuiltinRules.Split:docInfo (1.2s)
✔ [10441/18265] Built aesop/Aesop.BuiltinRules.Subst:docInfo (1.2s)
✔ [10442/18265] Built mathlib/Mathlib.Algebra.Field.Defs:docInfo (1.4s)
✔ [10443/18265] Built mathlib/Mathlib.Tactic.Bound.Init:docInfo (1.3s)
✔ [10448/18267] Built aesop/Aesop.BuiltinRules.Assumption:docInfo (1.2s)
✔ [10449/18267] Built aesop/Aesop.BuiltinRules.ApplyHyps:docInfo (1.2s)
✔ [10452/18268] Built aesop/Aesop.Frontend:docInfo (1.2s)
✔ [10456/18271] Built mathlib/Mathlib.Tactic.GRewrite:docInfo (1.3s)
✔ [10457/18271] Built mathlib/Mathlib.Algebra.Notation.Prod:docInfo (1.4s)
✔ [10460/18273] Built mathlib/Mathlib.Logic.Nontrivial.Basic:docInfo (1.6s)
✔ [10461/18273] Built mathlib/Mathlib.Testing.Plausible.Sampleable:docInfo (1.6s)
✔ [10463/18273] Built mathlib/Mathlib.Algebra.Group.Commute.Hom:docInfo (1.4s)
✔ [10464/18273] Built mathlib/Mathlib.Algebra.GroupWithZero.Pi:docInfo (1.4s)
✔ [10465/18273] Built mathlib/Mathlib.Data.FunLike.Group:docInfo (1.5s)
✔ [10466/18273] Built mathlib/Mathlib.Algebra.Group.Hom.CompTypeclasses:docInfo (1.5s)
✔ [10467/18274] Built mathlib/Mathlib.Algebra.Group.Ext:docInfo (1.5s)
✔ [10468/18274] Built mathlib/Mathlib.Data.Matrix.DMatrix:docInfo (1.6s)
✔ [10470/18277] Built mathlib/Mathlib.Data.FunLike.Equiv:docInfo (1.4s)
✔ [10471/18277] Built aesop/Aesop.Search.Expansion.Norm:docInfo (1.4s)
✔ [10472/18277] Built aesop/Aesop.BuiltinRules:docInfo (1.2s)
✔ [10473/18277] Built mathlib/Mathlib.Tactic.Finiteness.Attr:docInfo (1.3s)
✔ [10474/18277] Built mathlib/Mathlib.Data.Finset.Attr:docInfo (1.3s)
✔ [10475/18277] Built mathlib/Mathlib.Algebra.Order.Field.Defs:docInfo (1.5s)
✔ [10479/18277] Built mathlib/Mathlib.Tactic.SetLike:docInfo (1.2s)
✔ [10480/18277] Built mathlib/Mathlib.Algebra.Order.ZeroLEOne:docInfo (1.1s)
✔ [10481/18279] Built mathlib/Mathlib.Tactic.ClickSuggestions.Util:docInfo (1.3s)
✔ [10484/18280] Built mathlib/Mathlib.Tactic.Nontriviality.Core:docInfo (1.1s)
✔ [10486/18280] Built mathlib/Mathlib.Algebra.Ring.Ext:docInfo (1.0s)
✔ [10487/18280] Built mathlib/Mathlib.Logic.Equiv.Pairwise:docInfo (961ms)
✔ [10488/18281] Built aesop/Aesop.Search.Expansion:docInfo (1.1s)
✔ [10490/18285] Built mathlib/Mathlib.Logic.Equiv.Defs:docInfo (1.3s)
✔ [10507/18298] Built aesop/Aesop.Search.ExpandSafePrefix:docInfo (888ms)
✔ [10508/18298] Built mathlib/Mathlib.Tactic.Nontriviality:docInfo (1.1s)
✔ [10509/18298] Built mathlib/Mathlib.Tactic.ClickSuggestions.SectionState:docInfo (1.1s)
✔ [10510/18298] Built mathlib/Mathlib.Tactic.ClickSuggestions.Unfold:docInfo (1.1s)
✔ [10515/18302] Built mathlib/Mathlib.Algebra.Opposites:docInfo (1.3s)
✔ [10516/18302] Built mathlib/Mathlib.Algebra.Group.Equiv.Defs:docInfo (1.3s)
✔ [10517/18302] Built mathlib/Mathlib.Data.PNat.Equiv:docInfo (1.4s)
✔ [10518/18302] Built mathlib/Mathlib.Control.Monad.Writer:docInfo (1.7s)
✔ [10519/18302] Built mathlib/Mathlib.Control.Traversable.Equiv:docInfo (1.5s)
✔ [10520/18302] Built mathlib/Mathlib.Order.Synonym:docInfo (1.6s)
✔ [10521/18302] Built mathlib/Mathlib.Tactic.ProdAssoc:docInfo (1.9s)
✔ [10523/18306] Built mathlib/Mathlib.Data.Finite.Defs:docInfo (1.9s)
✔ [10524/18306] Built mathlib/Mathlib.Control.Monad.Basic:docInfo (1.6s)
✔ [10530/18308] Built mathlib/Mathlib.Logic.Small.Defs:docInfo (1.9s)
✔ [10531/18308] Built mathlib/Mathlib.Data.Erased:docInfo (1.0s)
✔ [10533/18309] Built mathlib/Mathlib.Tactic.ProxyType:docInfo (2.2s)
✔ [10535/18310] Built mathlib/Mathlib.Control.EquivFunctor:docInfo (1.9s)
✔ [10536/18310] Built mathlib/Mathlib.Logic.Equiv.Prod:docInfo (1.0s)
✔ [10537/18310] Built mathlib/Mathlib.Order.Lex:docInfo (1.9s)
✔ [10539/18313] Built mathlib/Mathlib.Order.OrderDual:docInfo (1.8s)
✔ [10540/18313] Built mathlib/Mathlib.Tactic.ClickSuggestions.Rewrite:docInfo (1.4s)
✔ [10541/18313] Built mathlib/Mathlib.Tactic.ClickSuggestions.Apply:docInfo (1.4s)
✔ [10542/18313] Built mathlib/Mathlib.Tactic.ClickSuggestions.ApplyAt:docInfo (1.5s)
✔ [10546/18316] Built aesop/Aesop.Search.Main:docInfo (1.3s)
✔ [10547/18316] Built mathlib/Mathlib.Algebra.Group.Pi.Units:docInfo (1.3s)
✔ [10551/18317] Built mathlib/Mathlib.Algebra.Group.ULift:docInfo (1.3s)
✔ [10553/18317] Built mathlib/Mathlib.Algebra.Regular.Opposite:docInfo (1.3s)
✔ [10554/18320] Built mathlib/Mathlib.Algebra.Group.Action.Defs:docInfo (1.6s)
✔ [10555/18320] Built mathlib/Mathlib.Data.Countable.Defs:docInfo (1.3s)
✔ [10556/18320] Built mathlib/Mathlib.Data.Opposite:docInfo (1.3s)
✔ [10557/18320] Built mathlib/Mathlib.Control.Monad.Cont:docInfo (1.5s)
✔ [10561/18321] Built mathlib/Mathlib.Logic.UnivLE:docInfo (1.3s)
✔ [10563/18321] Built mathlib/Mathlib.Logic.Equiv.Sum:docInfo (1.3s)
✔ [10564/18321] Built mathlib/Mathlib.Order.Compare:docInfo (1.4s)
✔ [10565/18325] Built mathlib/Mathlib.Algebra.Order.Group.Synonym:docInfo (1.4s)
✔ [10566/18325] Built mathlib/Mathlib.Data.Nat.Cast.Synonym:docInfo (1.5s)
✔ [10571/18337] Built mathlib/Mathlib.Algebra.Group.Action.Faithful:docInfo (1.3s)
✔ [10572/18337] Built aesop/Aesop.Main:docInfo (1.3s)
✔ [10573/18337] Built mathlib/Mathlib.Order.Max:docInfo (1.6s)
✔ [10574/18337] Built mathlib/Mathlib.Order.RelClasses:docInfo (1.7s)
✔ [10575/18337] Built mathlib/Mathlib.Algebra.GroupWithZero.ULift:docInfo (1.2s)
✔ [10576/18337] Built mathlib/Mathlib.Combinatorics.Quiver.Basic:docInfo (1.1s)
✔ [10577/18337] Built mathlib/Mathlib.Algebra.Torsor.Defs:docInfo (1.3s)
✔ [10578/18337] Built mathlib/Mathlib.GroupTheory.GroupAction.IterateAct:docInfo (1.3s)
✔ [10591/18337] Built mathlib/Mathlib.Algebra.Order.GroupWithZero.Synonym:docInfo (1.2s)
✔ [10592/18337] Built mathlib/Mathlib.Algebra.Order.Group.Action.Synonym:docInfo (1.3s)
✔ [10593/18337] Built mathlib/Mathlib.Algebra.Order.Ring.Synonym:docInfo (1.4s)
✔ [10594/18337] Built mathlib/Mathlib.Algebra.Order.Group.Equiv:docInfo (1.5s)
✔ [10595/18341] Built aesop/Aesop:docInfo (1.3s)
✔ [10600/18351] Built mathlib/Mathlib.Order.BoundedOrder.Basic:docInfo (1.9s)
✔ [10601/18351] Built mathlib/Mathlib.Data.Set.Operations:docInfo (1.6s)
✔ [10602/18351] Built mathlib/Mathlib.Algebra.EuclideanDomain.Defs:docInfo (1.6s)
✔ [10603/18351] Built mathlib/Mathlib.Algebra.Group.Action.Option:docInfo (1.5s)
✔ [10604/18351] Built mathlib/Mathlib.Algebra.Group.Action.Sigma:docInfo (1.7s)
✔ [10605/18351] Built mathlib/Mathlib.Algebra.Group.Action.Sum:docInfo (1.6s)
✔ [10606/18351] Built mathlib/Mathlib.Algebra.GroupWithZero.Action.Faithful:docInfo (1.4s)
✔ [10607/18351] Built mathlib/Mathlib.LinearAlgebra.AffineSpace.Defs:docInfo (1.5s)
✔ [10608/18351] Built mathlib/Mathlib.Order.SetIsMax:docInfo (1.7s)
✔ [10609/18351] Built mathlib/Mathlib.Combinatorics.Quiver.Subquiver:docInfo (1.7s)
✔ [10625/18357] Built mathlib/Mathlib.Data.Sym.Sym2.Init:docInfo (1.2s)
✔ [10626/18357] Built mathlib/Mathlib.CategoryTheory.Category.Init:docInfo (1.3s)
✔ [10627/18357] Built mathlib/Mathlib.Combinatorics.Quiver.Prefunctor:docInfo (1.7s)
✔ [10628/18357] Built mathlib/Mathlib.Tactic.Continuity.Init:docInfo (1.3s)
✔ [10629/18357] Built mathlib/Mathlib.Tactic.Measurability.Init:docInfo (1.2s)
✔ [10634/18361] Built mathlib/Mathlib.Data.Option.Basic:docInfo (1.6s)
✔ [10635/18361] Built mathlib/Mathlib.Topology.Sheaves.Init:docInfo (1.4s)
✔ [10636/18361] Built mathlib/Mathlib.Combinatorics.Matroid.Init:docInfo (1.4s)
✔ [10638/18362] Built mathlib/Mathlib.Tactic.ArithMult.Init:docInfo (1.4s)
✔ [10639/18362] Built mathlib/Mathlib.Combinatorics.SimpleGraph.Init:docInfo (1.5s)
✔ [10641/18362] Built mathlib/Mathlib.Tactic.Bound.Attribute:docInfo (1.6s)
✔ [10642/18362] Built mathlib/Mathlib.Tactic.ContinuousFunctionalCalculus:docInfo (2.1s)
✔ [10643/18362] Built mathlib/Mathlib.Data.Set.Notation:docInfo (1.7s)
✔ [10644/18366] Built mathlib/Mathlib.Algebra.Group.Basic:docInfo (1.9s)
✔ [10649/18377] Built mathlib/Mathlib.Order.Monotone.Defs:docInfo (1.8s)
✔ [10650/18377] Built mathlib/Mathlib.Logic.Equiv.Option:docInfo (1.5s)
✔ [10651/18377] Built mathlib/Mathlib.Tactic.Common:docInfo (2.7s)
✔ [10652/18377] Built mathlib/Mathlib.Order.Nat:docInfo (1.7s)
✔ [10653/18377] Built mathlib/Mathlib.Order.SetNotation:docInfo (1.9s)
✔ [10654/18377] Built mathlib/Mathlib.Dynamics.FixedPoints.Defs:docInfo (1.9s)
✔ [10655/18377] Built mathlib/Mathlib.Combinatorics.Quiver.Path:docInfo (1.6s)
✔ [10656/18377] Built mathlib/Mathlib.Combinatorics.Quiver.Push:docInfo (1.4s)
✔ [10657/18377] Built mathlib/Mathlib.Tactic.Continuity:docInfo (1.5s)
✔ [10658/18377] Built mathlib/Mathlib.Tactic.Measurability:docInfo (1.3s)
✔ [10659/18377] Built mathlib/Mathlib.Tactic.ArithMult:docInfo (1.2s)
✔ [10660/18377] Built mathlib/Mathlib.Data.Set.Opposite:docInfo (1.9s)
✔ [10715/18421] Built mathlib/Mathlib.Order.Monotone.Basic:docInfo (1.7s)
✔ [10716/18421] Built mathlib/Mathlib.Logic.Equiv.Basic:docInfo (1.7s)
✔ [10717/18421] Built mathlib/Mathlib.Algebra.Group.Hom.Basic:docInfo (1.8s)
✔ [10718/18421] Built mathlib/Mathlib.Algebra.Group.Torsion:docInfo (1.9s)
✔ [10719/18421] Built mathlib/Mathlib.Algebra.Group.Units.Basic:docInfo (1.8s)
✔ [10720/18421] Built mathlib/Mathlib.Algebra.GroupWithZero.Basic:docInfo (1.8s)
✔ [10721/18421] Built mathlib/Mathlib.Data.Int.Cast.Basic:docInfo (1.5s)
✔ [10722/18421] Built mathlib/Mathlib.Data.Int.Sqrt:docInfo (1.9s)
✔ [10723/18421] Built mathlib/Mathlib.Algebra.Divisibility.Basic:docInfo (2.2s)
✔ [10724/18421] Built mathlib/Mathlib.Algebra.Order.Monoid.Unbundled.Defs:docInfo (1.8s)
✔ [10725/18421] Built mathlib/Mathlib.Algebra.Group.WithOne.Defs:docInfo (2.2s)
✔ [10726/18421] Built mathlib/Mathlib.Algebra.Regular.Basic:docInfo (1.8s)
✔ [10727/18421] Built mathlib/Mathlib.Algebra.Group.Int.Units:docInfo (1.3s)
✔ [10728/18421] Built mathlib/Mathlib.Data.List.TakeDrop:docInfo (2.5s)
✔ [10729/18421] Built mathlib/Mathlib.Data.Rat.Defs:docInfo (2.3s)
✔ [10730/18421] Built mathlib/Mathlib.Algebra.Group.Semiconj.Basic:docInfo (1.4s)
✔ [10731/18421] Built mathlib/Mathlib.Data.Nat.Factorial.Basic:docInfo (2.2s)
✔ [10732/18421] Built mathlib/Mathlib.Algebra.Group.Action.Units:docInfo (1.7s)
✔ [10733/18421] Built mathlib/Mathlib.Algebra.Group.Idempotent:docInfo (1.6s)
✔ [10734/18421] Built mathlib/Mathlib.Algebra.Field.IsField:docInfo (2.1s)
✔ [10735/18421] Built mathlib/Mathlib.CategoryTheory.Category.Basic:docInfo (2.6s)
✔ [10736/18421] Built mathlib/Mathlib.Combinatorics.Quiver.Symmetric:docInfo (1.4s)
✔ [10737/18421] Built mathlib/Mathlib.Topology.Defs.Basic:docInfo (2.1s)
✔ [10738/18421] Built mathlib/Mathlib.Combinatorics.Quiver.Cast:docInfo (1.4s)
✔ [10739/18421] Built mathlib/Mathlib.Algebra.Ring.Regular:docInfo (1.8s)
✔ [10740/18421] Built mathlib/Mathlib.Data.Stream.Init:docInfo (2.5s)
✔ [10741/18421] Built mathlib/Mathlib.Algebra.Ring.MinimalAxioms:docInfo (1.6s)
✔ [10742/18421] Built mathlib/Mathlib.Algebra.Free:docInfo (2.1s)
✔ [10743/18421] Built mathlib/Mathlib.Tactic.MoveAdd:docInfo (1.9s)
✔ [10744/18421] Built mathlib/Mathlib.CategoryTheory.Category.Grpd:docInfo (2.5s)
✔ [10745/18421] Built mathlib/Mathlib.CategoryTheory.ConcreteCategory.BundledHom:docInfo (2.5s)
✔ [10746/18421] Built mathlib/Mathlib.CategoryTheory.ConcreteCategory.UnbundledHom:docInfo (2.7s)
✔ [10747/18421] Built mathlib/Mathlib.CategoryTheory.Limits.Shapes.Pullback.CommSq:docInfo (2.6s)
✔ [10748/18421] Built mathlib/Mathlib.CategoryTheory.Subpresheaf.Basic:docInfo (2.6s)
✔ [10749/18421] Built mathlib/Mathlib.CategoryTheory.Subpresheaf.Equalizer:docInfo (2.7s)
✔ [10750/18421] Built mathlib/Mathlib.CategoryTheory.Subpresheaf.Finite:docInfo (2.7s)
✔ [10751/18421] Built mathlib/Mathlib.CategoryTheory.Subpresheaf.Image:docInfo (2.6s)
✔ [10752/18421] Built mathlib/Mathlib.CategoryTheory.Subpresheaf.OfSection:docInfo (2.6s)
✔ [10753/18421] Built mathlib/Mathlib.CategoryTheory.Subpresheaf.Sieves:docInfo (2.6s)
✔ [10754/18421] Built mathlib/Mathlib.CategoryTheory.Subpresheaf.Subobject:docInfo (2.6s)
✔ [10755/18421] Built mathlib/Mathlib.Data.Nat.PSub:docInfo (1.7s)
✔ [10756/18421] Built mathlib/Mathlib.Data.Matrix.Auto:docInfo (2.6s)
✔ [10757/18421] Built mathlib/Mathlib.Topology.Compactness.PseudometrizableLindelof:docInfo (2.3s)
✔ [10800/18463] Built mathlib/Mathlib.Combinatorics.Quiver.SingleObj:docInfo (1.4s)
✔ [10801/18463] Built mathlib/Mathlib.Control.Bifunctor:docInfo (2.6s)
✔ [10802/18463] Built mathlib/Mathlib.Algebra.Field.MinimalAxioms:docInfo (1.4s)
✔ [10803/18463] Built mathlib/Mathlib.Algebra.GroupWithZero.Int:docInfo (1.0s)
✔ [10804/18463] Built mathlib/Mathlib.Algebra.ModEq:docInfo (1.0s)
✔ [10805/18463] Built mathlib/Mathlib.Algebra.NoZeroSMulDivisors.Prod:docInfo (2.4s)
✔ [10806/18463] Built mathlib/Mathlib.Combinatorics.Quiver.ConnectedComponent:docInfo (1.4s)
✔ [10807/18463] Built mathlib/Mathlib.Combinatorics.Quiver.Covering:docInfo (2.3s)
✔ [10808/18463] Built mathlib/Mathlib.Data.List.ChainOfFn:docInfo (2.6s)
✔ [10809/18463] Built mathlib/Mathlib.Data.List.InsertNth:docInfo (2.5s)
✔ [10810/18463] Built mathlib/Mathlib.Data.List.Map2:docInfo (2.6s)
✔ [10811/18463] Built mathlib/Mathlib.Data.Nat.Choose.Mul:docInfo (2.5s)
✔ [10812/18463] Built mathlib/Mathlib.Data.Ordmap.Ordnode:docInfo (3.2s)
✔ [10814/18467] Built mathlib/Mathlib.Order.Lattice:docInfo (2.0s)
✔ [10815/18467] Built mathlib/Mathlib.Order.GaloisConnection.Defs:docInfo (1.7s)
✔ [10816/18467] Built mathlib/Mathlib.Algebra.Group.TypeTags.Basic:docInfo (1.8s)
✔ [10817/18467] Built mathlib/Mathlib.Algebra.Group.Opposite:docInfo (1.7s)
✔ [10818/18467] Built mathlib/Mathlib.Algebra.Group.Units.Hom:docInfo (1.6s)
✔ [10819/18467] Built mathlib/Mathlib.Algebra.Group.Equiv.Basic:docInfo (1.7s)
✔ [10820/18467] Built mathlib/Mathlib.Algebra.GroupWithZero.Hom:docInfo (1.7s)
✔ [10821/18467] Built mathlib/Mathlib.Algebra.Ring.Int.Defs:docInfo (1.6s)
✔ [10822/18467] Built mathlib/Mathlib.Algebra.Group.Hom.Instances:docInfo (1.8s)
✔ [10823/18467] Built mathlib/Mathlib.Algebra.GroupWithZero.Units.Basic:docInfo (1.6s)
✔ [10824/18467] Built mathlib/Mathlib.Algebra.Group.Semiconj.Units:docInfo (1.4s)
✔ [10825/18467] Built mathlib/Mathlib.Algebra.Ring.InjSurj:docInfo (1.8s)
✔ [10826/18467] Built mathlib/Mathlib.Algebra.Order.GroupWithZero.Defs:docInfo (1.6s)
✔ [10827/18467] Built mathlib/Mathlib.Algebra.Ring.GrindInstances:docInfo (1.5s)
✔ [10828/18467] Built mathlib/Mathlib.Logic.Embedding.Basic:docInfo (1.7s)
✔ [10829/18467] Built mathlib/Mathlib.Algebra.Order.Monoid.Unbundled.OrderDual:docInfo (1.6s)
✔ [10830/18467] Built mathlib/Mathlib.Order.BoundedOrder.Monotone:docInfo (1.6s)
✔ [10831/18467] Built mathlib/Mathlib.Data.List.Basic:docInfo (2.6s)
✔ [10832/18467] Built mathlib/Mathlib.Data.List.InsertIdx:docInfo (2.6s)
✔ [10833/18467] Built mathlib/Mathlib.Algebra.Group.Commute.Basic:docInfo (1.5s)
✔ [10834/18467] Built mathlib/Mathlib.Tactic.Zify:docInfo (1.7s)
✔ [10835/18467] Built mathlib/Mathlib.Data.ULift:docInfo (1.6s)
✔ [10836/18467] Built mathlib/Mathlib.Data.List.Count:docInfo (2.6s)
✔ [10837/18467] Built mathlib/Mathlib.Data.List.Induction:docInfo (2.6s)
✔ [10838/18467] Built mathlib/Mathlib.Data.List.ProdSigma:docInfo (2.5s)
✔ [10839/18467] Built mathlib/Mathlib.Algebra.Quotient:docInfo (2.1s)
✔ [10840/18467] Built mathlib/Mathlib.Order.Iterate:docInfo (1.7s)
✔ [10841/18467] Built mathlib/Mathlib.Data.Vector.Defs:docInfo (2.7s)
✔ [10842/18467] Built mathlib/Mathlib.Algebra.Group.ModEq:docInfo (1.7s)
✔ [10843/18467] Built mathlib/Mathlib.Algebra.GroupWithZero.Idempotent:docInfo (1.7s)
✔ [10844/18467] Built mathlib/Mathlib.Data.Nat.Log:docInfo (1.7s)
✔ [10891/18510] Built mathlib/Mathlib.CategoryTheory.Category.KleisliCat:docInfo (2.4s)
✔ [10892/18510] Built mathlib/Mathlib.Data.List.ReduceOption:docInfo (2.5s)
✔ [10893/18510] Built mathlib/Mathlib.Control.Bitraversable.Basic:docInfo (2.3s)
✔ [10894/18510] Built mathlib/Mathlib.Logic.Equiv.Bool:docInfo (1.6s)
✔ [10895/18510] Built mathlib/Mathlib.Tactic.CategoryTheory.CheckCompositions:docInfo (2.4s)
✔ [10896/18510] Built mathlib/Mathlib.Tactic.Widget.CommDiag:docInfo (2.4s)
✔ [10898/18512] Built mathlib/Mathlib.Order.BoundedOrder.Lattice:docInfo (2.1s)
✔ [10899/18512] Built mathlib/Mathlib.Algebra.Group.TypeTags.Hom:docInfo (1.7s)
✔ [10900/18512] Built mathlib/Mathlib.Algebra.Group.Prod:docInfo (1.6s)
✔ [10901/18512] Built mathlib/Mathlib.Algebra.Group.Action.Opposite:docInfo (1.8s)
✔ [10902/18512] Built mathlib/Mathlib.Algebra.GroupWithZero.Opposite:docInfo (1.7s)
✔ [10903/18512] Built mathlib/Mathlib.Algebra.Divisibility.Hom:docInfo (2.2s)
✔ [10904/18512] Built mathlib/Mathlib.Algebra.Ring.Basic:docInfo (1.5s)
✔ [10905/18512] Built mathlib/Mathlib.Algebra.GroupWithZero.Semiconj:docInfo (1.0s)
✔ [10906/18512] Built mathlib/Mathlib.Algebra.Group.Commute.Units:docInfo (1.4s)
✔ [10907/18512] Built mathlib/Mathlib.Algebra.Group.WithOne.Map:docInfo (2.4s)
✔ [10908/18512] Built mathlib/Mathlib.Algebra.GroupWithZero.Equiv:docInfo (1.7s)
✔ [10909/18512] Built mathlib/Mathlib.Data.List.Forall2:docInfo (2.1s)
✔ [10910/18512] Built mathlib/Mathlib.Algebra.Divisibility.Units:docInfo (2.2s)
✔ [10911/18512] Built mathlib/Mathlib.Data.List.Lattice:docInfo (2.2s)
✔ [10912/18512] Built mathlib/Mathlib.Data.List.Infix:docInfo (2.4s)
✔ [10913/18512] Built mathlib/Mathlib.Data.List.Lex:docInfo (2.3s)
✔ [10914/18512] Built mathlib/Mathlib.Data.List.Enum:docInfo (2.5s)
✔ [10915/18512] Built mathlib/Mathlib.Algebra.Group.Action.TypeTags:docInfo (1.6s)
✔ [10916/18512] Built mathlib/Mathlib.Algebra.FreeMonoid.Basic:docInfo (2.6s)
✔ [10917/18512] Built mathlib/Mathlib.Data.Nat.Choose.Basic:docInfo (2.4s)
✔ [10918/18512] Built mathlib/Mathlib.Algebra.Group.Hom.End:docInfo (1.6s)
✔ [10919/18512] Built mathlib/Mathlib.Algebra.Ring.Hom.InjSurj:docInfo (1.6s)
✔ [10920/18512] Built mathlib/Mathlib.Algebra.Ring.Idempotent:docInfo (1.4s)
✔ [10921/18512] Built mathlib/Mathlib.Algebra.EuclideanDomain.Field:docInfo (1.9s)
✔ [10922/18512] Built mathlib/Mathlib.CategoryTheory.Functor.Basic:docInfo (2.5s)
✔ [10923/18512] Built mathlib/Mathlib.Tactic.CategoryTheory.Slice:docInfo (2.5s)
✔ [10924/18512] Built mathlib/Mathlib.Tactic.CategoryTheory.Coherence.Basic:docInfo (2.4s)
✔ [10925/18512] Built mathlib/Mathlib.Topology.ContinuousMap.Defs:docInfo (2.0s)
✔ [10926/18512] Built mathlib/Mathlib.Algebra.Group.Units.Opposite:docInfo (1.7s)
✔ [10927/18512] Built mathlib/Mathlib.Algebra.Ring.Int.Field:docInfo (2.4s)
✔ [10928/18512] Built mathlib/Mathlib.Logic.Equiv.Functor:docInfo (2.3s)
✔ [10929/18512] Built mathlib/Mathlib.Algebra.Group.WithOne.Basic:docInfo (2.4s)
✔ [10930/18512] Built mathlib/Mathlib.Data.Seq.Computation:docInfo (2.7s)
✔ [10931/18512] Built mathlib/Mathlib.Algebra.Group.Int.TypeTags:docInfo (1.5s)
✔ [10932/18512] Built mathlib/Mathlib.Algebra.Group.Nat.TypeTags:docInfo (1.4s)
✔ [10933/18512] Built mathlib/Mathlib.Data.Int.NatAbs:docInfo (1.7s)
✔ [10934/18512] Built mathlib/Mathlib.Algebra.Order.GroupWithZero.Unbundled.Defs:docInfo (1.7s)
✔ [10935/18512] Built mathlib/Mathlib.Data.List.DropRight:docInfo (2.3s)
✔ [10936/18512] Built mathlib/Mathlib.Data.List.Palindrome:docInfo (2.3s)
✔ [10937/18512] Built mathlib/Mathlib.Data.PSigma.Order:docInfo (1.0s)
✔ [10960/18537] Built mathlib/Mathlib.Data.Seq.Defs:docInfo (2.9s)
✔ [10961/18537] Built mathlib/Mathlib.Algebra.FreeMonoid.Count:docInfo (2.8s)
✔ [10962/18537] Built mathlib/Mathlib.Order.Monotone.Monovary:docInfo (2.2s)
✔ [10963/18537] Built mathlib/Mathlib.CategoryTheory.Functor.Functorial:docInfo (2.7s)
✔ [10964/18537] Built mathlib/Mathlib.Combinatorics.Quiver.Schreier:docInfo (2.4s)
✔ [10965/18537] Built mathlib/Mathlib.Control.Bitraversable.Lemmas:docInfo (2.6s)
✔ [10966/18537] Built mathlib/Mathlib.Control.ULiftable:docInfo (2.8s)
✔ [10967/18537] Built mathlib/Mathlib.Data.List.Sections:docInfo (2.6s)
✔ [10968/18537] Built mathlib/Mathlib.Data.Sigma.Order:docInfo (2.1s)
✔ [10974/18543] Built mathlib/Mathlib.Algebra.Group.Units.Equiv:docInfo (1.5s)
✔ [10975/18543] Built mathlib/Mathlib.Algebra.GroupWithZero.Action.Defs:docInfo (1.0s)
✔ [10976/18543] Built mathlib/Mathlib.Algebra.Group.Equiv.Opposite:docInfo (1.6s)
✔ [10977/18543] Built mathlib/Mathlib.Order.MinMax:docInfo (1.9s)
✔ [10978/18543] Built mathlib/Mathlib.Order.RelIso.Basic:docInfo (1.7s)
✔ [10979/18543] Built mathlib/Mathlib.Order.WithBot:docInfo (2.3s)
✔ [10980/18543] Built mathlib/Mathlib.Algebra.Ring.Divisibility.Basic:docInfo (2.5s)
✔ [10981/18543] Built mathlib/Mathlib.Data.List.Perm.Basic:docInfo (2.7s)
✔ [10982/18543] Built mathlib/Mathlib.Algebra.GroupWithZero.Divisibility:docInfo (2.3s)
✔ [10983/18543] Built mathlib/Mathlib.Data.Int.Cast.Field:docInfo (1.5s)
✔ [10984/18543] Built mathlib/Mathlib.Data.List.Nodup:docInfo (2.6s)
✔ [10985/18543] Built mathlib/Mathlib.Data.Fin.Basic:docInfo (2.3s)
✔ [10986/18543] Built mathlib/Mathlib.Data.List.Chain:docInfo (2.7s)
✔ [10987/18543] Built mathlib/Mathlib.Data.Prod.Lex:docInfo (1.9s)
✔ [10988/18543] Built mathlib/Mathlib.Data.List.Zip:docInfo (2.8s)
✔ [10989/18543] Built mathlib/Mathlib.Algebra.Group.Embedding:docInfo (1.4s)
✔ [10990/18543] Built mathlib/Mathlib.SetTheory.Cardinal.Defs:docInfo (1.7s)
✔ [10991/18543] Built mathlib/Mathlib.Tactic.Order.CollectFacts:docInfo (2.3s)
✔ [10992/18543] Built mathlib/Mathlib.Tactic.CategoryTheory.Reassoc:docInfo (2.8s)
✔ [10993/18543] Built mathlib/Mathlib.Algebra.Homology.Embedding.Basic:docInfo (1.6s)
✔ [11002/18546] Built mathlib/Mathlib.Data.List.Intervals:docInfo (2.5s)
✔ [11030/18574] Built mathlib/Mathlib.Order.Disjoint:docInfo (1.0s)
✔ [11031/18574] Built mathlib/Mathlib.Algebra.Group.Equiv.TypeTags:docInfo (1.6s)
✔ [11032/18574] Built mathlib/Mathlib.Algebra.Module.Defs:docInfo (1.8s)
✔ [11033/18574] Built mathlib/Mathlib.Algebra.Group.Even:docInfo (1.5s)
✔ [11034/18574] Built mathlib/Mathlib.Algebra.Group.Nat.Hom:docInfo (1.4s)
✔ [11035/18574] Built mathlib/Mathlib.Algebra.Ring.Hom.Defs:docInfo (1.8s)
✔ [11036/18574] Built mathlib/Mathlib.Algebra.GroupWithZero.Commute:docInfo (1.7s)
✔ [11037/18574] Built mathlib/Mathlib.Algebra.Order.IsBotOne:docInfo (1.9s)
✔ [11038/18574] Built mathlib/Mathlib.Data.Int.GCD:docInfo (2.7s)
✔ [11039/18574] Built mathlib/Mathlib.Algebra.GroupWithZero.WithZero:docInfo (2.4s)
✔ [11040/18574] Built mathlib/Mathlib.Algebra.Group.Invertible.Basic:docInfo (1.5s)
✔ [11041/18574] Built mathlib/Mathlib.Algebra.GroupWithZero.Units.Equiv:docInfo (1.8s)
✔ [11042/18574] Built mathlib/Mathlib.Algebra.Ring.Rat:docInfo (2.5s)
✔ [11043/18574] Built mathlib/Mathlib.Algebra.Group.Action.Pretransitive:docInfo (1.5s)
✔ [11044/18574] Built mathlib/Mathlib.Data.List.MinMax:docInfo (2.5s)
✔ [11045/18574] Built mathlib/Mathlib.Algebra.GroupWithZero.Action.Units:docInfo (1.9s)
✔ [11046/18574] Built mathlib/Mathlib.Algebra.Regular.SMul:docInfo (1.8s)
✔ [11047/18574] Built mathlib/Mathlib.Algebra.GroupWithZero.Action.Hom:docInfo (1.7s)
✔ [11048/18574] Built mathlib/Mathlib.Algebra.GroupWithZero.Action.Opposite:docInfo (1.6s)
✔ [11049/18574] Built mathlib/Mathlib.Data.Nat.Cast.Prod:docInfo (1.7s)
✔ [11050/18574] Built mathlib/Mathlib.Algebra.Prime.Defs:docInfo (2.4s)
✔ [11051/18574] Built mathlib/Mathlib.Data.Nat.GCD.Basic:docInfo (2.2s)
✔ [11052/18574] Built mathlib/Mathlib.Algebra.Ring.Action.Rat:docInfo (1.8s)
✔ [11053/18574] Built mathlib/Mathlib.Tactic.Order.Graph.Basic:docInfo (1.8s)
✔ [11054/18574] Built mathlib/Mathlib.Tactic.Order.Preprocessing:docInfo (1.9s)
ℹ [11055/18574] Built mathlib/Mathlib.Tactic.Order.ToInt:docInfo (1.0s)
info: stdout:
WARNING: Failed to calculate equational lemmata for Mathlib.Tactic.Order.ToInt.translateToInt: failed
WARNING: Failed to calculate equational lemmata for Mathlib.Tactic.Order.ToInt.mkFinFun: failed
✔ [11056/18574] Built mathlib/Mathlib.Algebra.Field.Equiv:docInfo (2.3s)
✔ [11057/18574] Built mathlib/Mathlib.GroupTheory.GroupAction.Ring:docInfo (1.9s)
✔ [11058/18574] Built mathlib/Mathlib.Algebra.Divisibility.Prod:docInfo (2.4s)
✔ [11059/18574] Built mathlib/Mathlib.Order.WithBotTop:docInfo (1.9s)
✔ [11060/18574] Built mathlib/Mathlib.Algebra.Order.Group.End:docInfo (1.7s)
✔ [11061/18574] Built mathlib/Mathlib.Control.Bitraversable.Instances:docInfo (2.4s)
✔ [11062/18574] Built mathlib/Mathlib.Data.List.SplitLengths:docInfo (1.5s)
✔ [11078/18595] Built mathlib/Mathlib.Algebra.GroupWithZero.Invertible:docInfo (1.7s)
✔ [11079/18595] Built mathlib/Mathlib.Algebra.BigOperators.Group.List.Basic:docInfo (2.5s)
✔ [11080/18595] Built mathlib/Mathlib.Data.List.Perm.Subperm:docInfo (2.2s)
✔ [11081/18595] Built mathlib/Mathlib.Data.List.Dedup:docInfo (2.4s)
✔ [11082/18595] Built mathlib/Mathlib.Data.List.Perm.Lattice:docInfo (2.4s)
✔ [11083/18595] Built mathlib/Mathlib.Data.List.Duplicate:docInfo (2.4s)
✔ [11084/18595] Built mathlib/Mathlib.Data.List.Range:docInfo (2.4s)
✔ [11085/18595] Built mathlib/Mathlib.Data.List.Rotate:docInfo (2.5s)
✔ [11086/18595] Built mathlib/Mathlib.Data.List.OffDiag:docInfo (2.3s)
✔ [11087/18595] Built mathlib/Mathlib.Algebra.Group.Action.Basic:docInfo (1.8s)
✔ [11088/18595] Built mathlib/Mathlib.Algebra.Group.Action.Hom:docInfo (1.8s)
✔ [11089/18595] Built mathlib/Mathlib.Algebra.GroupWithZero.Prod:docInfo (2.6s)
✔ [11090/18595] Built mathlib/Mathlib.Data.Int.Cast.Prod:docInfo (1.6s)
✔ [11091/18595] Built mathlib/Mathlib.Data.List.NatAntidiagonal:docInfo (2.4s)
✔ [11092/18595] Built mathlib/Mathlib.Algebra.Order.GroupWithZero.Action.Synonym:docInfo (2.8s)
✔ [11093/18595] Built mathlib/Mathlib.CategoryTheory.NatTrans:docInfo (2.6s)
✔ [11094/18595] Built mathlib/Mathlib.CategoryTheory.Iso:docInfo (2.6s)
✔ [11095/18595] Built mathlib/Mathlib.Algebra.ContinuedFractions.Basic:docInfo (2.4s)
✔ [11096/18595] Built mathlib/Mathlib.Algebra.Ring.WithZero:docInfo (2.4s)
✔ [11097/18595] Built mathlib/Mathlib.Data.List.Sigma:docInfo (2.6s)
✔ [11098/18595] Built mathlib/Mathlib.Data.List.SplitBy:docInfo (2.5s)
✔ [11107/18596] Built mathlib/Mathlib.Algebra.GroupWithZero.Units.Lemmas:docInfo (1.6s)
✔ [11125/18613] Built mathlib/Mathlib.Order.PropInstances:docInfo (1.6s)
✔ [11126/18613] Built mathlib/Mathlib.Algebra.Group.Nat.Even:docInfo (1.8s)
✔ [11127/18613] Built mathlib/Mathlib.Data.Nat.Cast.Basic:docInfo (2.4s)
✔ [11128/18613] Built mathlib/Mathlib.Algebra.Ring.Units:docInfo (1.5s)
✔ [11129/18613] Built mathlib/Mathlib.Algebra.Order.Monoid.Unbundled.Basic:docInfo (1.8s)
✔ [11130/18613] Built mathlib/Mathlib.Order.Hom.Basic:docInfo (1.8s)
✔ [11131/18613] Built mathlib/Mathlib.Algebra.Ring.Opposite:docInfo (1.6s)
✔ [11132/18613] Built mathlib/Mathlib.Algebra.Group.Irreducible.Lemmas:docInfo (1.6s)
✔ [11133/18613] Built mathlib/Mathlib.Tactic.Order.Graph.Tarjan:docInfo (1.6s)
✔ [11134/18613] Built mathlib/Mathlib.Data.Nat.Prime.Defs:docInfo (2.5s)
✔ [11135/18613] Built mathlib/Mathlib.CategoryTheory.Functor.Category:docInfo (2.3s)
✔ [11136/18613] Built mathlib/Mathlib.CategoryTheory.ObjectProperty.Basic:docInfo (2.3s)
✔ [11137/18613] Built mathlib/Mathlib.Algebra.Module.MinimalAxioms:docInfo (1.8s)
✔ [11138/18613] Built mathlib/Mathlib.Algebra.Order.Group.Action.End:docInfo (1.6s)
✔ [11139/18613] Built mathlib/Mathlib.Algebra.Regular.Pi:docInfo (1.7s)
✔ [11140/18613] Built mathlib/Mathlib.Algebra.Regular.Prod:docInfo (1.7s)
✔ [11141/18613] Built mathlib/Mathlib.Algebra.Regular.ULift:docInfo (1.7s)
✔ [11175/18646] Built mathlib/Mathlib.Data.Set.Basic:docInfo (1.7s)
✔ [11176/18646] Built mathlib/Mathlib.Order.Heyting.Basic:docInfo (1.9s)
✔ [11177/18646] Built mathlib/Mathlib.Algebra.Ring.Commute:docInfo (1.6s)
✔ [11178/18646] Built mathlib/Mathlib.Algebra.Order.Sub.Defs:docInfo (1.6s)
✔ [11179/18646] Built mathlib/Mathlib.Algebra.Order.Monoid.Unbundled.ExistsOfLE:docInfo (1.8s)
✔ [11180/18646] Built mathlib/Mathlib.Algebra.Order.Monoid.NatCast:docInfo (1.7s)
✔ [11181/18646] Built mathlib/Mathlib.Algebra.Order.Monoid.Unbundled.MinMax:docInfo (1.7s)
✔ [11182/18646] Built mathlib/Mathlib.Algebra.Order.Monoid.Defs:docInfo (1.7s)
✔ [11183/18646] Built mathlib/Mathlib.Algebra.Order.Monoid.Unbundled.Pow:docInfo (1.6s)
✔ [11184/18646] Built mathlib/Mathlib.Algebra.Ring.Invertible:docInfo (1.8s)
✔ [11185/18646] Built mathlib/Mathlib.Algebra.Ring.Int.Units:docInfo (1.6s)
✔ [11186/18646] Built mathlib/Mathlib.Order.Antisymmetrization:docInfo (1.8s)
ℹ [11187/18646] Built mathlib/Mathlib.Tactic.NormNum.Result:docInfo (2.3s)
info: stdout:
WARNING: Failed to calculate equational lemmata for Mathlib.Meta.NormNum.Result.isRat: unquoteExpr: match n with
| fn.app a => a
| x => panicWithPosWithDecl "Lean.Expr" "Lean.Expr.appArg!" 926 15 "application expected" : Lean.Expr
WARNING: Failed to calculate equational lemmata for Mathlib.Meta.NormNum.Result.eqTrans: failed
WARNING: Failed to calculate equational lemmata for Mathlib.Meta.NormNum.mkRawRatLit: failed
WARNING: Failed to calculate equational lemmata for Mathlib.Meta.NormNum.Result.toRawEq: failed
WARNING: Failed to calculate equational lemmata for Mathlib.Meta.NormNum.mkRawIntLit: failed
WARNING: Failed to calculate equational lemmata for Mathlib.Meta.NormNum.Result.isInt: unquoteExpr: match z with
| fn.app a => a
| x => panicWithPosWithDecl "Lean.Expr" "Lean.Expr.appArg!" 926 15 "application expected" : Lean.Expr
✔ [11188/18646] Built mathlib/Mathlib.Data.Multiset.Defs:docInfo (2.5s)
✔ [11189/18646] Built mathlib/Mathlib.Algebra.BigOperators.Group.List.Lemmas:docInfo (2.4s)
✔ [11190/18646] Built mathlib/Mathlib.Tactic.ApplyFun:docInfo (1.0s)
✔ [11191/18646] Built mathlib/Mathlib.Order.Hom.Lattice:docInfo (1.9s)
✔ [11192/18646] Built mathlib/Mathlib.Data.List.Sublists:docInfo (2.5s)
✔ [11193/18646] Built mathlib/Mathlib.Algebra.GroupWithZero.Action.End:docInfo (1.7s)
✔ [11194/18646] Built mathlib/Mathlib.Algebra.Group.Action.Prod:docInfo (1.7s)
✔ [11195/18646] Built mathlib/Mathlib.Algebra.Module.Opposite:docInfo (1.6s)
✔ [11196/18646] Built mathlib/Mathlib.Tactic.Order:docInfo (1.9s)
✔ [11197/18646] Built mathlib/Mathlib.Data.List.Permutation:docInfo (2.4s)
✔ [11198/18646] Built mathlib/Mathlib.Tactic.CategoryTheory.IsoReassoc:docInfo (2.5s)
✔ [11199/18646] Built mathlib/Mathlib.CategoryTheory.HomCongr:docInfo (2.3s)
✔ [11200/18646] Built mathlib/Mathlib.Tactic.CategoryTheory.CancelIso:docInfo (2.4s)
✔ [11201/18646] Built mathlib/Mathlib.Algebra.GroupWithZero.ProdHom:docInfo (2.3s)
✔ [11202/18646] Built mathlib/Mathlib.Algebra.Order.Module.Synonym:docInfo (2.5s)
✔ [11203/18646] Built mathlib/Mathlib.Order.Prod.Lex.Hom:docInfo (1.7s)
✔ [11204/18646] Built mathlib/Mathlib.Algebra.Order.Monoid.Unbundled.Units:docInfo (1.6s)
✔ [11205/18646] Built mathlib/Mathlib.Data.List.Destutter:docInfo (2.3s)
✔ [11206/18646] Built mathlib/Mathlib.Data.List.AList:docInfo (2.4s)
✔ [11207/18646] Built mathlib/Mathlib.Order.Types.Defs:docInfo (1.8s)
✔ [11237/18681] Built mathlib/Mathlib.Data.Nat.Cast.Field:docInfo (2.6s)
✔ [11238/18681] Built mathlib/Mathlib.Data.Nat.Factorial.Cast:docInfo (2.5s)
✔ [11239/18681] Built mathlib/Mathlib.Algebra.CharZero.AddMonoidHom:docInfo (2.4s)
✔ [11240/18681] Built mathlib/Mathlib.Algebra.Group.NatPowAssoc:docInfo (2.4s)
✔ [11241/18681] Built mathlib/Mathlib.Algebra.Ring.Torsion:docInfo (1.7s)
✔ [11242/18681] Built mathlib/Mathlib.Data.Bundle:docInfo (1.9s)
✔ [11243/18681] Built mathlib/Mathlib.Data.PEquiv:docInfo (1.0s)
✔ [11244/18681] Built mathlib/Mathlib.Data.Multiset.Pairwise:docInfo (2.1s)
✔ [11245/18681] Built mathlib/Mathlib.Data.Nat.GCD.Prime:docInfo (2.4s)
✔ [11246/18681] Built mathlib/Mathlib.InformationTheory.Coding.UniquelyDecodable:docInfo (1.8s)
✔ [11254/18685] Built mathlib/Mathlib.Data.Set.Disjoint:docInfo (1.5s)
✔ [11255/18685] Built mathlib/Mathlib.Order.BooleanAlgebra.Defs:docInfo (1.7s)
✔ [11256/18685] Built mathlib/Mathlib.Data.Set.Inclusion:docInfo (1.6s)
✔ [11257/18685] Built mathlib/Mathlib.Algebra.Group.End:docInfo (2.7s)
✔ [11258/18685] Built mathlib/Mathlib.Algebra.Group.Int.Even:docInfo (2.4s)
✔ [11259/18685] Built mathlib/Mathlib.Data.Nat.Cast.Commute:docInfo (1.5s)
✔ [11260/18685] Built mathlib/Mathlib.Data.Nat.Cast.Order.Basic:docInfo (2.5s)
✔ [11261/18685] Built mathlib/Mathlib.Algebra.Order.Monoid.Units:docInfo (1.7s)
✔ [11262/18685] Built mathlib/Mathlib.Algebra.Field.Basic:docInfo (1.8s)
✔ [11263/18685] Built mathlib/Mathlib.Tactic.NormNum.Core:docInfo (1.8s)
✔ [11264/18685] Built mathlib/Mathlib.Data.Set.Order:docInfo (1.7s)
✔ [11265/18685] Built mathlib/Mathlib.Data.SetLike.Basic:docInfo (1.0s)
✔ [11266/18685] Built mathlib/Mathlib.Data.Multiset.ZeroCons:docInfo (2.1s)
✔ [11267/18685] Built mathlib/Mathlib.Data.Nat.Order.Lemmas:docInfo (1.9s)
✔ [11268/18685] Built mathlib/Mathlib.Order.Hom.Bounded:docInfo (1.9s)
✔ [11269/18685] Built mathlib/Mathlib.Algebra.Group.Center:docInfo (1.9s)
✔ [11270/18685] Built mathlib/Mathlib.Data.Sum.Order:docInfo (1.0s)
✔ [11271/18685] Built mathlib/Mathlib.Algebra.Module.RingHom:docInfo (1.8s)
✔ [11272/18685] Built mathlib/Mathlib.Algebra.Ring.Action.Basic:docInfo (1.8s)
✔ [11273/18685] Built mathlib/Mathlib.Algebra.GroupWithZero.Action.Prod:docInfo (1.8s)
✔ [11274/18685] Built mathlib/Mathlib.Algebra.Prime.Lemmas:docInfo (2.4s)
✔ [11275/18685] Built mathlib/Mathlib.Algebra.BigOperators.Ring.List:docInfo (2.4s)
✔ [11276/18685] Built mathlib/Mathlib.Algebra.CharP.Defs:docInfo (2.7s)
✔ [11277/18685] Built mathlib/Mathlib.CategoryTheory.NatIso:docInfo (2.5s)
✔ [11278/18685] Built mathlib/Mathlib.CategoryTheory.ObjectProperty.ClosedUnderIsomorphisms:docInfo (2.4s)
✔ [11279/18685] Built mathlib/Mathlib.CategoryTheory.Thin:docInfo (2.5s)
✔ [11280/18685] Built mathlib/Mathlib.CategoryTheory.Functor.Trifunctor:docInfo (2.5s)
✔ [11305/18706] Built mathlib/Mathlib.Algebra.Order.Group.Unbundled.Basic:docInfo (1.7s)
✔ [11306/18706] Built mathlib/Mathlib.Algebra.Order.Group.Int:docInfo (1.5s)
✔ [11307/18706] Built mathlib/Mathlib.Algebra.Order.Monoid.Canonical.Defs:docInfo (1.8s)
✔ [11308/18706] Built mathlib/Mathlib.Algebra.Order.Monoid.Unbundled.WithTop:docInfo (2.3s)
✔ [11309/18706] Built mathlib/Mathlib.Algebra.Order.Monoid.OrderDual:docInfo (1.5s)
✔ [11310/18706] Built mathlib/Mathlib.Algebra.Order.Monoid.Unbundled.TypeTags:docInfo (1.0s)
✔ [11311/18706] Built mathlib/Mathlib.Algebra.Order.Sub.Unbundled.Basic:docInfo (1.7s)
✔ [11312/18706] Built mathlib/Mathlib.Algebra.Order.Monoid.Basic:docInfo (1.7s)
✔ [11313/18706] Built mathlib/Mathlib.GroupTheory.GroupAction.Hom:docInfo (2.1s)
✔ [11314/18706] Built mathlib/Mathlib.Algebra.Module.Prod:docInfo (1.8s)
✔ [11315/18706] Built mathlib/Mathlib.Algebra.Module.PUnit:docInfo (1.8s)
✔ [11316/18706] Built mathlib/Mathlib.Algebra.Ring.Centralizer:docInfo (1.8s)
✔ [11317/18706] Built mathlib/Mathlib.Algebra.GroupWithZero.Associated:docInfo (2.6s)
✔ [11318/18706] Built mathlib/Mathlib.Algebra.Order.Group.Opposite:docInfo (1.5s)
✔ [11319/18706] Built mathlib/Mathlib.CategoryTheory.Functor.FullyFaithful:docInfo (2.6s)
✔ [11320/18706] Built mathlib/Mathlib.Order.Circular:docInfo (1.7s)
✔ [11321/18706] Built mathlib/Mathlib.Data.Nat.Choose.Cast:docInfo (2.5s)
✔ [11322/18706] Built mathlib/Mathlib.Algebra.Order.Ring.Idempotent:docInfo (1.8s)
✔ [11323/18706] Built mathlib/Mathlib.Algebra.Field.ModEq:docInfo (1.9s)
✔ [11324/18706] Built mathlib/Mathlib.Algebra.Ring.Action.Field:docInfo (1.8s)
✔ [11325/18706] Built mathlib/Mathlib.Algebra.Order.AddTorsor:docInfo (1.6s)
✔ [11326/18706] Built mathlib/Mathlib.Algebra.Order.Sub.Prod:docInfo (1.5s)
✔ [11327/18706] Built mathlib/Mathlib.Computability.TuringMachine.Tape:docInfo (2.8s)
✔ [11328/18706] Built mathlib/Mathlib.Order.Comparable:docInfo (1.9s)
✔ [11329/18706] Built mathlib/Mathlib.Tactic.ClickSuggestions.GRewrite:docInfo (2.1s)
✔ [11331/18719] Built mathlib/Mathlib.Algebra.Order.Group.Units:docInfo (1.8s)
✔ [11351/18727] Built mathlib/Mathlib.CategoryTheory.Bicategory.Basic:docInfo (2.9s)
✔ [11352/18727] Built mathlib/Mathlib.Algebra.Order.Monoid.Prod:docInfo (1.0s)
✔ [11353/18727] Built mathlib/Mathlib.Algebra.Order.Sub.Unbundled.Hom:docInfo (2.2s)
✔ [11354/18727] Built mathlib/Mathlib.Data.FunLike.Graded:docInfo (1.7s)
✔ [11355/18727] Built mathlib/Mathlib.Data.Sum.Lattice:docInfo (1.8s)
✔ [11358/18735] Built mathlib/Mathlib.Data.Set.Insert:docInfo (1.6s)
✔ [11359/18735] Built mathlib/Mathlib.Order.BooleanAlgebra.Basic:docInfo (1.9s)
✔ [11360/18735] Built mathlib/Mathlib.Algebra.Ring.Parity:docInfo (2.7s)
✔ [11361/18735] Built mathlib/Mathlib.Algebra.Order.Group.OrderIso:docInfo (1.8s)
✔ [11362/18735] Built mathlib/Mathlib.Algebra.Order.Group.Nat:docInfo (1.0s)
✔ [11363/18735] Built mathlib/Mathlib.Algebra.Order.Monoid.TypeTags:docInfo (1.8s)
✔ [11364/18735] Built mathlib/Mathlib.Algebra.Order.Sub.Basic:docInfo (1.6s)
ℹ [11365/18735] Built mathlib/Mathlib.Tactic.NormNum.Basic:docInfo (4.6s)
info: stdout:
WARNING: Failed to calculate equational lemmata for Mathlib.Meta.NormNum.Result.add: failed
WARNING: Failed to calculate equational lemmata for Mathlib.Meta.NormNum.Result.mul: failed
✔ [11366/18735] Built mathlib/Mathlib.Data.Multiset.Count:docInfo (2.4s)
✔ [11367/18735] Built mathlib/Mathlib.Data.Multiset.Basic:docInfo (2.5s)
✔ [11368/18735] Built mathlib/Mathlib.Algebra.Group.Action.End:docInfo (2.5s)
✔ [11369/18735] Built mathlib/Mathlib.Algebra.Group.Conj:docInfo (2.2s)
✔ [11370/18735] Built mathlib/Mathlib.Algebra.Group.Subsemigroup.Defs:docInfo (1.7s)
✔ [11371/18735] Built mathlib/Mathlib.Algebra.Order.Hom.Monoid:docInfo (2.2s)
✔ [11372/18735] Built mathlib/Mathlib.Algebra.Order.Sub.WithTop:docInfo (2.2s)
✔ [11373/18735] Built mathlib/Mathlib.Algebra.GroupWithZero.Center:docInfo (1.5s)
✔ [11395/18752] Built mathlib/Mathlib.Data.Int.Range:docInfo (1.9s)
✔ [11410/18763] Built mathlib/Mathlib.Data.Set.Subsingleton:docInfo (1.8s)
✔ [11411/18763] Built mathlib/Mathlib.Order.BooleanAlgebra.Set:docInfo (1.9s)
✔ [11412/18763] Built mathlib/Mathlib.Order.SymmDiff:docInfo (2.0s)
✔ [11413/18763] Built mathlib/Mathlib.Data.Int.Cast.Lemmas:docInfo (2.9s)
✔ [11414/18763] Built mathlib/Mathlib.Algebra.Order.Group.Defs:docInfo (2.1s)
✔ [11415/18763] Built mathlib/Mathlib.Algebra.Order.Monoid.WithTop:docInfo (1.6s)
✔ [11416/18763] Built mathlib/Mathlib.Data.Int.LeastGreatest:docInfo (1.8s)
✔ [11417/18763] Built mathlib/Mathlib.Data.Bool.Set:docInfo (1.8s)
✔ [11418/18763] Built mathlib/Mathlib.Algebra.Order.Group.Basic:docInfo (2.1s)
✔ [11419/18763] Built mathlib/Mathlib.Data.Multiset.AddSub:docInfo (2.7s)
✔ [11420/18763] Built mathlib/Mathlib.Algebra.Group.Submonoid.Defs:docInfo (1.9s)
✔ [11421/18763] Built mathlib/Mathlib.Algebra.Order.BigOperators.Group.List:docInfo (2.5s)
✔ [11422/18763] Built mathlib/Mathlib.GroupTheory.Subsemigroup.Center:docInfo (1.9s)
✔ [11423/18763] Built mathlib/Mathlib.Algebra.Ring.Associated:docInfo (2.7s)
✔ [11424/18763] Built mathlib/Mathlib.Data.Nat.Cast.WithTop:docInfo (1.9s)
✔ [11425/18763] Built mathlib/Mathlib.Data.Nat.Prime.Basic:docInfo (2.8s)
✔ [11426/18763] Built mathlib/Mathlib.Data.List.Prime:docInfo (2.7s)
✔ [11427/18763] Built mathlib/Mathlib.CategoryTheory.InducedCategory:docInfo (2.5s)
✔ [11428/18763] Built mathlib/Mathlib.CategoryTheory.Whiskering:docInfo (2.8s)
✔ [11429/18763] Built mathlib/Mathlib.Order.Heyting.Boundary:docInfo (2.7s)
✔ [11430/18763] Built mathlib/Mathlib.Algebra.CharP.Invertible:docInfo (2.7s)
✔ [11431/18763] Built mathlib/Mathlib.Algebra.FreeMonoid.FreeSemigroup:docInfo (2.1s)
✔ [11432/18763] Built mathlib/Mathlib.Data.Int.Associated:docInfo (2.7s)
✔ [11433/18763] Built mathlib/Mathlib.Algebra.Order.Monoid.Associated:docInfo (2.6s)
✔ [11434/18763] Built mathlib/Mathlib.Data.Nat.EvenOddRec:docInfo (2.3s)
✔ [11435/18763] Built mathlib/Mathlib.Tactic.CategoryTheory.BicategoricalComp:docInfo (2.7s)
✔ [11436/18763] Built mathlib/Mathlib.Order.Booleanisation:docInfo (1.0s)
✔ [11437/18763] Built mathlib/Mathlib.Data.Nat.Bitwise:docInfo (2.4s)
✔ [11438/18763] Built mathlib/Mathlib.Computability.Tape:docInfo (2.1s)
✔ [11439/18763] Built mathlib/Mathlib.Logic.Function.FiberPartition:docInfo (1.5s)
✔ [11440/18763] Built mathlib/Mathlib.Data.Set.Enumerate:docInfo (2.4s)
✔ [11441/18763] Built mathlib/Mathlib.Tactic.ClickSuggestions.FindPremises:docInfo (2.1s)
✔ [11475/18796] Built mathlib/Mathlib.Algebra.Order.Group.Lattice:docInfo (1.9s)
✔ [11476/18796] Built mathlib/Mathlib.Algebra.Ring.Int.Parity:docInfo (2.6s)
✔ [11477/18796] Built mathlib/Mathlib.Algebra.Order.AddGroupWithTop:docInfo (1.7s)
✔ [11478/18796] Built mathlib/Mathlib.Tactic.Abel:docInfo (2.8s)
✔ [11479/18796] Built mathlib/Mathlib.Order.Hom.BoundedLattice:docInfo (1.9s)
✔ [11480/18796] Built mathlib/Mathlib.Algebra.GroupWithZero.Action.Basic:docInfo (2.3s)
✔ [11481/18796] Built mathlib/Mathlib.Algebra.Ring.Center:docInfo (2.6s)
✔ [11482/18796] Built mathlib/Mathlib.Algebra.GCDMonoid.Basic:docInfo (2.7s)
✔ [11483/18796] Built mathlib/Mathlib.Algebra.Field.Opposite:docInfo (2.5s)
✔ [11484/18796] Built mathlib/Mathlib.Data.Nat.WithBot:docInfo (1.6s)
✔ [11485/18796] Built mathlib/Mathlib.Data.Nat.Prime.Pow:docInfo (2.5s)
✔ [11486/18796] Built mathlib/Mathlib.CategoryTheory.ObjectProperty.FullSubcategory:docInfo (2.4s)
✔ [11487/18796] Built mathlib/Mathlib.CategoryTheory.Functor.ReflectsIso.Basic:docInfo (2.4s)
✔ [11488/18796] Built mathlib/Mathlib.Data.List.Iterate:docInfo (1.6s)
✔ [11489/18796] Built mathlib/Mathlib.Algebra.Order.Hom.TypeTags:docInfo (1.6s)
✔ [11490/18796] Built mathlib/Mathlib.Algebra.GroupWithZero.Conj:docInfo (2.5s)
✔ [11491/18796] Built mathlib/Mathlib.Data.Nat.Prime.Int:docInfo (2.6s)
✔ [11492/18796] Built mathlib/Mathlib.Algebra.Order.Group.DenselyOrdered:docInfo (1.6s)
✔ [11493/18796] Built mathlib/Mathlib.Algebra.Order.Monoid.Lex:docInfo (1.7s)
✔ [11494/18796] Built mathlib/Mathlib.Algebra.Order.Hom.Units:docInfo (1.7s)
✔ [11495/18796] Built mathlib/Mathlib.Tactic.CategoryTheory.Bicategory.Datatypes:docInfo (2.8s)
✔ [11496/18796] Built mathlib/Mathlib.Tactic.NormNum.Prime:docInfo (2.6s)
✔ [11497/18796] Built mathlib/Mathlib.CategoryTheory.Sigma.Basic:docInfo (2.5s)
✔ [11498/18796] Built mathlib/Mathlib.Combinatorics.Quiver.Path.Decomposition:docInfo (1.6s)
✔ [11499/18796] Built mathlib/Mathlib.Combinatorics.Quiver.Path.Vertices:docInfo (2.5s)
✔ [11500/18796] Built mathlib/Mathlib.Data.Nat.Upto:docInfo (1.6s)
✔ [11501/18796] Built mathlib/Mathlib.Data.Bool.Count:docInfo (2.4s)
✔ [11502/18796] Built mathlib/Mathlib.Data.Int.NatPrime:docInfo (2.6s)
✔ [11503/18796] Built mathlib/Mathlib.Data.Nat.Prime.Factorial:docInfo (2.7s)
✔ [11504/18796] Built mathlib/Mathlib.Data.String.Basic:docInfo (2.4s)
✔ [11505/18796] Built mathlib/Mathlib.SetTheory.Lists:docInfo (2.1s)
✔ [11506/18796] Built mathlib/Mathlib.Tactic.ClickSuggestions.TryPremises:docInfo (2.1s)
✔ [11525/18814] Built mathlib/Mathlib.Data.Set.SymmDiff:docInfo (1.6s)
✔ [11526/18814] Built mathlib/Mathlib.Algebra.Module.NatInt:docInfo (2.6s)
✔ [11527/18814] Built mathlib/Mathlib.Algebra.Order.Group.Unbundled.Abs:docInfo (1.8s)
✔ [11528/18814] Built mathlib/Mathlib.Order.Interval.Set.Basic:docInfo (1.8s)
ℹ [11529/18814] Built mathlib/Mathlib.Tactic.NormNum.Pow:docInfo (2.5s)
info: stdout:
WARNING: Failed to calculate equational lemmata for Mathlib.Meta.NormNum.evalIntPow: unquoteExpr: match a with
| fn.app a => a
| x => panicWithPosWithDecl "Lean.Expr" "Lean.Expr.appArg!" 926 15 "application expected" : Lean.Expr
✔ [11530/18814] Built mathlib/Mathlib.Data.Multiset.Replicate:docInfo (2.3s)
✔ [11531/18814] Built mathlib/Mathlib.Algebra.Group.Submonoid.MulAction:docInfo (1.7s)
✔ [11532/18814] Built mathlib/Mathlib.Algebra.Group.Subgroup.Defs:docInfo (2.7s)
✔ [11533/18814] Built mathlib/Mathlib.GroupTheory.OreLocalization.OreSet:docInfo (1.7s)
✔ [11534/18814] Built mathlib/Mathlib.Data.Part:docInfo (1.7s)
✔ [11535/18814] Built mathlib/Mathlib.RingTheory.NonUnitalSubsemiring.Defs:docInfo (1.7s)
✔ [11536/18814] Built mathlib/Mathlib.Order.Filter.Defs:docInfo (1.7s)
✔ [11537/18814] Built mathlib/Mathlib.Algebra.GroupWithZero.Submonoid.Primal:docInfo (2.4s)
✔ [11538/18814] Built mathlib/Mathlib.Algebra.Order.Monoid.Submonoid:docInfo (1.8s)
✔ [11539/18814] Built mathlib/Mathlib.Data.Set.BoolIndicator:docInfo (1.6s)
✔ [11540/18814] Built mathlib/Mathlib.Algebra.GroupWithZero.Submonoid.CancelMulZero:docInfo (1.6s)
✔ [11541/18814] Built mathlib/Mathlib.Algebra.Order.PUnit:docInfo (1.9s)
✔ [11542/18814] Built mathlib/Mathlib.Data.Int.Bitwise:docInfo (2.4s)
✔ [11559/18830] Built mathlib/Mathlib.Algebra.Ring.Associator:docInfo (2.6s)
✔ [11560/18830] Built mathlib/Mathlib.Algebra.Field.Power:docInfo (2.6s)
✔ [11561/18830] Built mathlib/Mathlib.Algebra.Tropical.Basic:docInfo (2.1s)
ℹ [11562/18830] Built mathlib/Mathlib.Tactic.CategoryTheory.Bicategory.Normalize:docInfo (3.2s)
info: stdout:
WARNING: Failed to calculate equational lemmata for Mathlib.Tactic.Bicategory.instMkEvalWhiskerRightBicategoryM: (deterministic) timeout at `whnf`, maximum number of heartbeats (5000) has been reached

Note: Use `set_option maxHeartbeats <num>` to set the limit.(invalid MessageData.lazy, missing context)
✔ [11563/18830] Built mathlib/Mathlib.Tactic.CategoryTheory.Bicategory.PureCoherence:docInfo (2.5s)
✔ [11564/18830] Built mathlib/Mathlib.Control.Fix:docInfo (1.7s)
✔ [11565/18830] Built mathlib/Mathlib.Data.Nat.Choose.Dvd:docInfo (2.5s)
✔ [11566/18830] Built mathlib/Mathlib.Order.Bounded:docInfo (1.9s)
✔ [11567/18830] Built mathlib/Mathlib.Tactic.ClickSuggestions:docInfo (2.4s)
ℹ [11568/18830] Built mathlib/Mathlib.Tactic.NormNum.Parity:docInfo (2.6s)
info: stdout:
WARNING: Failed to calculate equational lemmata for Mathlib.Meta.NormNum.evalOdd: failed
✔ [11570/18841] Built mathlib/Mathlib.Data.Set.Image:docInfo (2.0s)
✔ [11571/18841] Built mathlib/Mathlib.Data.Rat.Lemmas:docInfo (2.7s)
✔ [11572/18841] Built mathlib/Mathlib.Order.Interval.Set.LinearOrder:docInfo (2.1s)
✔ [11573/18841] Built mathlib/Mathlib.Order.Hom.WithTopBot:docInfo (1.9s)
✔ [11574/18841] Built mathlib/Mathlib.Order.Part:docInfo (2.5s)
✔ [11575/18841] Built mathlib/Mathlib.Tactic.NoncommRing:docInfo (2.5s)
✔ [11576/18841] Built mathlib/Mathlib.CategoryTheory.ConcreteCategory.Basic:docInfo (2.4s)
✔ [11577/18841] Built mathlib/Mathlib.CategoryTheory.EssentialImage:docInfo (2.3s)
✔ [11578/18841] Built mathlib/Mathlib.Order.Heyting.Hom:docInfo (1.9s)
✔ [11579/18841] Built mathlib/Mathlib.Tactic.TautoSet:docInfo (1.8s)
✔ [11580/18841] Built mathlib/Mathlib.Algebra.Ring.AddAut:docInfo (2.6s)
✔ [11581/18841] Built mathlib/Mathlib.Algebra.GCDMonoid.PUnit:docInfo (2.3s)
✔ [11598/18847] Built mathlib/Mathlib.Algebra.Module.End:docInfo (2.5s)
✔ [11599/18847] Built mathlib/Mathlib.Algebra.Ring.Subsemiring.Defs:docInfo (1.0s)
✔ [11601/18848] Built mathlib/Mathlib.Algebra.Order.Group.Abs:docInfo (1.6s)
✔ [11602/18848] Built mathlib/Mathlib.Algebra.Order.Group.Unbundled.Int:docInfo (1.6s)
✔ [11603/18848] Built mathlib/Mathlib.Algebra.Order.Group.PosPart:docInfo (1.7s)
✔ [11604/18848] Built mathlib/Mathlib.GroupTheory.OreLocalization.Basic:docInfo (2.4s)
✔ [11605/18848] Built mathlib/Mathlib.Algebra.Module.Torsion.Free:docInfo (2.6s)
✔ [11606/18848] Built mathlib/Mathlib.Algebra.Group.Submonoid.DistribMulAction:docInfo (1.6s)
✔ [11607/18848] Built mathlib/Mathlib.RingTheory.OreLocalization.OreSet:docInfo (1.8s)
✔ [11608/18848] Built mathlib/Mathlib.Algebra.Group.Subgroup.Even:docInfo (2.4s)
✔ [11609/18848] Built mathlib/Mathlib.Order.Set:docInfo (1.0s)
✔ [11610/18848] Built mathlib/Mathlib.Tactic.NormNum.PowMod:docInfo (2.5s)
✔ [11617/18861] Built mathlib/Mathlib.Order.Directed:docInfo (1.8s)
✔ [11618/18861] Built mathlib/Mathlib.Data.Nat.Set:docInfo (2.1s)
✔ [11619/18861] Built mathlib/Mathlib.Algebra.Notation.Support:docInfo (2.2s)
✔ [11620/18861] Built mathlib/Mathlib.Data.Set.List:docInfo (1.8s)
✔ [11621/18861] Built mathlib/Mathlib.Logic.Embedding.Set:docInfo (2.3s)
✔ [11622/18861] Built mathlib/Mathlib.Order.Interval.Set.WithBotTop:docInfo (2.1s)
✔ [11623/18861] Built mathlib/Mathlib.RingTheory.NonUnitalSubring.Defs:docInfo (2.7s)
✔ [11624/18861] Built mathlib/Mathlib.Tactic.CategoryTheory.Elementwise:docInfo (2.6s)
✔ [11625/18861] Built mathlib/Mathlib.CategoryTheory.Equivalence:docInfo (3.1s)
✔ [11626/18861] Built mathlib/Mathlib.Algebra.NonAssoc.PreLie.Basic:docInfo (2.8s)
✔ [11627/18861] Built mathlib/Mathlib.Algebra.Order.Group.Cone:docInfo (2.6s)
✔ [11628/18861] Built mathlib/Mathlib.Tactic.CategoryTheory.Bicategory.Basic:docInfo (2.6s)
✔ [11629/18861] Built mathlib/Mathlib.Order.UpperLower.Relative:docInfo (2.0s)
✔ [11630/18861] Built mathlib/Mathlib.Data.List.Lemmas:docInfo (2.9s)
✔ [11650/18874] Built mathlib/Mathlib.Data.Set.Prod:docInfo (1.6s)
✔ [11651/18874] Built mathlib/Mathlib.Data.Set.Restrict:docInfo (1.5s)
✔ [11652/18874] Built mathlib/Mathlib.Algebra.Order.Hom.Basic:docInfo (1.9s)
✔ [11653/18874] Built mathlib/Mathlib.Algebra.Group.Support:docInfo (2.1s)
✔ [11654/18874] Built mathlib/Mathlib.Algebra.Ring.Action.Subobjects:docInfo (2.9s)
✔ [11655/18874] Built mathlib/Mathlib.Algebra.Module.Torsion.Field:docInfo (2.6s)
✔ [11656/18874] Built mathlib/Mathlib.Algebra.EuclideanDomain.Int:docInfo (2.4s)
✔ [11657/18874] Built mathlib/Mathlib.Algebra.NoZeroSMulDivisors.Defs:docInfo (2.7s)
✔ [11658/18874] Built mathlib/Mathlib.Algebra.GCDMonoid.Nat:docInfo (2.9s)
✔ [11659/18874] Built mathlib/Mathlib.RingTheory.OreLocalization.Basic:docInfo (2.9s)
✔ [11660/18874] Built mathlib/Mathlib.Algebra.Order.Group.MinMax:docInfo (2.1s)
✔ [11661/18874] Built mathlib/Mathlib.Algebra.Module.Torsion.Prod:docInfo (2.7s)
✔ [11662/18874] Built mathlib/Mathlib.Logic.Equiv.Embedding:docInfo (2.2s)
✔ [11670/18880] Built mathlib/Mathlib.Algebra.Order.Ring.Unbundled.Rat:docInfo (2.0s)
✔ [11671/18880] Built mathlib/Mathlib.Algebra.Ring.CharZero:docInfo (2.6s)
✔ [11672/18880] Built mathlib/Mathlib.Algebra.Ring.Subring.Defs:docInfo (2.9s)
✔ [11673/18880] Built mathlib/Mathlib.Data.Nat.ModEq:docInfo (3.2s)
✔ [11674/18880] Built mathlib/Mathlib.CategoryTheory.Bicategory.Adjunction.Basic:docInfo (2.6s)
✔ [11679/18884] Built mathlib/Mathlib.Order.Bounds.Basic:docInfo (1.9s)
✔ [11680/18884] Built mathlib/Mathlib.Order.ConditionallyCompletePartialOrder.Defs:docInfo (1.6s)
✔ [11681/18884] Built mathlib/Mathlib.Data.Int.CharZero:docInfo (2.4s)
✔ [11682/18884] Built mathlib/Mathlib.Data.Multiset.MapFold:docInfo (2.4s)
✔ [11683/18884] Built mathlib/Mathlib.CategoryTheory.Elementwise:docInfo (2.3s)
✔ [11687/18887] Built mathlib/Mathlib.CategoryTheory.Sums.Basic:docInfo (2.7s)
✔ [11689/18891] Built mathlib/Mathlib.Data.Set.NAry:docInfo (1.9s)
✔ [11690/18891] Built mathlib/Mathlib.Logic.Function.DependsOn:docInfo (1.8s)
✔ [11691/18891] Built mathlib/Mathlib.CategoryTheory.ObjectProperty.Equivalence:docInfo (2.4s)
✔ [11692/18891] Built mathlib/Mathlib.Data.Rel:docInfo (1.0s)
✔ [11693/18891] Built mathlib/Mathlib.AlgebraicTopology.DoldKan.Compatibility:docInfo (2.7s)
✔ [11702/18896] Built mathlib/Mathlib.Data.Set.Function:docInfo (1.0s)
✔ [11703/18896] Built mathlib/Mathlib.Algebra.NoZeroSMulDivisors.Basic:docInfo (2.4s)
✔ [11704/18896] Built mathlib/Mathlib.CategoryTheory.Opposites:docInfo (2.9s)
✔ [11705/18896] Built mathlib/Mathlib.CategoryTheory.CatCommSq:docInfo (2.7s)
✔ [11706/18896] Built mathlib/Mathlib.Data.Prod.TProd:docInfo (2.5s)
✔ [11708/18897] Built mathlib/Mathlib.Data.Int.ModEq:docInfo (2.4s)
✔ [11725/18914] Built mathlib/Mathlib.Algebra.Order.GroupWithZero.Basic:docInfo (2.0s)
✔ [11726/18914] Built mathlib/Mathlib.Order.Bounds.Image:docInfo (1.8s)
✔ [11727/18914] Built mathlib/Mathlib.Order.CompleteLattice.Defs:docInfo (1.9s)
✔ [11728/18914] Built mathlib/Mathlib.Order.LatticeIntervals:docInfo (1.9s)
✔ [11729/18914] Built mathlib/Mathlib.Order.Interval.Set.Image:docInfo (1.8s)
✔ [11730/18914] Built mathlib/Mathlib.Algebra.Group.Pointwise.Set.Scalar:docInfo (1.9s)
✔ [11731/18914] Built mathlib/Mathlib.Algebra.Group.Pointwise.Set.Basic:docInfo (2.1s)
✔ [11732/18914] Built mathlib/Mathlib.Algebra.Order.Interval.Set.Monoid:docInfo (1.8s)
✔ [11733/18914] Built mathlib/Mathlib.Data.Multiset.NatAntidiagonal:docInfo (2.4s)
✔ [11734/18914] Built mathlib/Mathlib.Algebra.Field.Subfield.Defs:docInfo (2.5s)
✔ [11735/18914] Built mathlib/Mathlib.Data.Nat.Prime.Infinite:docInfo (2.4s)
✔ [11736/18914] Built mathlib/Mathlib.Algebra.Ring.Action.Invariant:docInfo (2.3s)
✔ [11737/18914] Built mathlib/Mathlib.Algebra.Order.Group.Bounds:docInfo (1.7s)
✔ [11738/18914] Built mathlib/Mathlib.CategoryTheory.Bicategory.Adjunction.Mate:docInfo (2.6s)
✔ [11739/18914] Built mathlib/Mathlib.Order.Monotone.Union:docInfo (1.8s)
✔ [11740/18914] Built mathlib/Mathlib.Data.PFun:docInfo (1.0s)
✔ [11741/18914] Built mathlib/Mathlib.CategoryTheory.Sums.Associator:docInfo (2.6s)
✔ [11742/18914] Built mathlib/Mathlib.Order.Rel.GaloisConnection:docInfo (1.8s)
✔ [11762/18933] Built mathlib/Mathlib.Data.Set.Piecewise:docInfo (1.7s)
✔ [11763/18933] Built mathlib/Mathlib.Data.Set.Monotone:docInfo (1.8s)
✔ [11764/18933] Built mathlib/Mathlib.Logic.Equiv.Set:docInfo (1.0s)
✔ [11765/18933] Built mathlib/Mathlib.Order.WellFounded:docInfo (1.7s)
✔ [11766/18933] Built mathlib/Mathlib.Data.Set.Pairwise.Basic:docInfo (1.9s)
✔ [11767/18933] Built mathlib/Mathlib.Data.Multiset.Filter:docInfo (2.4s)
✔ [11768/18933] Built mathlib/Mathlib.Dynamics.FixedPoints.Basic:docInfo (2.4s)
✔ [11769/18933] Built mathlib/Mathlib.CategoryTheory.EqToHom:docInfo (2.5s)
✔ [11770/18933] Built mathlib/Mathlib.CategoryTheory.Functor.Const:docInfo (2.3s)
✔ [11771/18933] Built mathlib/Mathlib.CategoryTheory.Functor.TwoSquare:docInfo (2.3s)
✔ [11772/18933] Built mathlib/Mathlib.Algebra.Module.PointwisePi:docInfo (1.9s)
✔ [11773/18933] Built mathlib/Mathlib.GroupTheory.GroupAction.Pointwise:docInfo (1.9s)
✔ [11774/18933] Built mathlib/Mathlib.Order.Monotone.Odd:docInfo (1.9s)
✔ [11775/18933] Built mathlib/Mathlib.CategoryTheory.Bicategory.Opposites:docInfo (2.3s)
✔ [11776/18933] Built mathlib/Mathlib.CategoryTheory.DinatTrans:docInfo (2.3s)
✔ [11777/18933] Built mathlib/Mathlib.CategoryTheory.Limits.Shapes.Pullback.Categorical.CatCospanTransform:docInfo (2.9s)
✔ [11778/18933] Built mathlib/Mathlib.GroupTheory.GroupAction.Support:docInfo (1.9s)
✔ [11779/18933] Built mathlib/Mathlib.Order.Interval.Set.SurjOn:docInfo (1.8s)
✔ [11808/18960] Built mathlib/Mathlib.Algebra.Group.Action.Pi:docInfo (1.7s)
✔ [11809/18960] Built mathlib/Mathlib.Algebra.Order.Ring.Unbundled.Basic:docInfo (1.9s)
✔ [11810/18960] Built mathlib/Mathlib.Algebra.Order.GroupWithZero.Canonical:docInfo (2.8s)
✔ [11811/18960] Built mathlib/Mathlib.Algebra.Order.GroupWithZero.OrderIso:docInfo (1.8s)
✔ [11812/18960] Built mathlib/Mathlib.Tactic.FieldSimp.Lemmas:docInfo (2.7s)
✔ [11813/18960] Built mathlib/Mathlib.Algebra.Order.Nonneg.Basic:docInfo (2.6s)
✔ [11814/18960] Built mathlib/Mathlib.Order.ConditionallyCompleteLattice.Defs:docInfo (1.9s)
✔ [11815/18960] Built mathlib/Mathlib.Order.Interval.Set.UnorderedInterval:docInfo (2.5s)
✔ [11816/18960] Built mathlib/Mathlib.Data.Finset.Defs:docInfo (2.5s)
✔ [11817/18960] Built mathlib/Mathlib.Data.Multiset.UnionInter:docInfo (2.6s)
✔ [11818/18960] Built mathlib/Mathlib.Algebra.BigOperators.Group.Multiset.Defs:docInfo (2.5s)
✔ [11819/18960] Built mathlib/Mathlib.Algebra.Group.Pi.Lemmas:docInfo (1.9s)
✔ [11820/18960] Built mathlib/Mathlib.Order.Minimal:docInfo (1.0s)
✔ [11821/18960] Built mathlib/Mathlib.Order.ScottContinuity:docInfo (2.3s)
✔ [11822/18960] Built mathlib/Mathlib.Algebra.GroupWithZero.Pointwise.Set.Basic:docInfo (2.0s)
✔ [11823/18960] Built mathlib/Mathlib.Algebra.Notation.Indicator:docInfo (1.9s)
✔ [11824/18960] Built mathlib/Mathlib.Algebra.Order.BigOperators.GroupWithZero.List:docInfo (1.7s)
✔ [11825/18960] Built mathlib/Mathlib.Algebra.Order.GroupWithZero.Submonoid:docInfo (1.7s)
✔ [11826/18960] Built mathlib/Mathlib.Order.PiLex:docInfo (2.5s)
✔ [11827/18960] Built mathlib/Mathlib.Data.Set.Pairwise.List:docInfo (2.4s)
✔ [11828/18960] Built mathlib/Mathlib.Data.Rel.Separated:docInfo (1.8s)
✔ [11829/18960] Built mathlib/Mathlib.Algebra.Group.TypeTags.Pointwise:docInfo (1.9s)
✔ [11830/18960] Built mathlib/Mathlib.Algebra.Order.GroupWithZero.Bounds:docInfo (1.8s)
✔ [11831/18960] Built mathlib/Mathlib.Algebra.Order.GroupWithZero.Unbundled.Basic:docInfo (1.7s)
✔ [11832/18960] Built mathlib/Mathlib.Algebra.Ring.Pointwise.Set:docInfo (1.0s)
✔ [11833/18960] Built mathlib/Mathlib.Combinatorics.Quiver.Arborescence:docInfo (1.7s)
✔ [11834/18960] Built mathlib/Mathlib.Tactic.ModCases:docInfo (2.7s)
✔ [11860/18985] Built mathlib/Mathlib.Algebra.Order.Ring.Defs:docInfo (1.8s)
✔ [11861/18985] Built mathlib/Mathlib.Order.Hom.Set:docInfo (1.8s)
✔ [11862/18985] Built mathlib/Mathlib.Data.NNRat.Defs:docInfo (2.5s)
✔ [11863/18985] Built mathlib/Mathlib.Order.Interval.Set.OrderEmbedding:docInfo (2.4s)
✔ [11864/18985] Built mathlib/Mathlib.Data.Fin.SuccPred:docInfo (2.6s)
✔ [11865/18985] Built mathlib/Mathlib.Order.RelIso.Set:docInfo (1.6s)
✔ [11866/18985] Built mathlib/Mathlib.Algebra.Order.Hom.MonoidWithZero:docInfo (2.4s)
✔ [11867/18985] Built mathlib/Mathlib.Algebra.Ring.Equiv:docInfo (1.0s)
✔ [11868/18985] Built mathlib/Mathlib.Logic.Small.Basic:docInfo (1.7s)
✔ [11869/18985] Built mathlib/Mathlib.Algebra.Order.BigOperators.GroupWithZero.Multiset:docInfo (2.4s)
✔ [11870/18985] Built mathlib/Mathlib.CategoryTheory.Products.Basic:docInfo (2.7s)
✔ [11871/18985] Built mathlib/Mathlib.CategoryTheory.Category.ULift:docInfo (2.5s)
✔ [11872/18985] Built mathlib/Mathlib.CategoryTheory.Category.Preorder:docInfo (2.6s)
✔ [11873/18985] Built mathlib/Mathlib.CategoryTheory.Bicategory.Strict.Basic:docInfo (2.5s)
✔ [11874/18985] Built mathlib/Mathlib.GroupTheory.Perm.Basic:docInfo (2.4s)
✔ [11875/18985] Built mathlib/Mathlib.CategoryTheory.Bicategory.Functor.Prelax:docInfo (2.5s)
✔ [11876/18985] Built mathlib/Mathlib.Data.Rel.Cover:docInfo (1.7s)
✔ [11877/18985] Built mathlib/Mathlib.Logic.Equiv.PartialEquiv:docInfo (1.9s)
✔ [11878/18985] Built mathlib/Mathlib.Algebra.Order.GroupWithZero.WithZero:docInfo (2.5s)
✔ [11879/18985] Built mathlib/Mathlib.Data.Int.ConditionallyCompleteOrder:docInfo (1.8s)
✔ [11880/18985] Built mathlib/Mathlib.Algebra.Order.GroupWithZero.Unbundled.OrderIso:docInfo (1.8s)
✔ [11881/18985] Built mathlib/Mathlib.Algebra.Order.Monoid.ToMulBot:docInfo (2.4s)
✔ [11882/18985] Built mathlib/Mathlib.GroupTheory.Perm.ViaEmbedding:docInfo (2.3s)
✔ [11883/18985] Built mathlib/Mathlib.CategoryTheory.Bicategory.EqToHom:docInfo (2.5s)
✔ [11884/18985] Built mathlib/Mathlib.CategoryTheory.IsoCat:docInfo (2.5s)
✔ [11885/18985] Built mathlib/Mathlib.CategoryTheory.Limits.Shapes.Pullback.Categorical.Basic:docInfo (3.2s)
✔ [11927/19026] Built mathlib/Mathlib.Algebra.Order.Ring.Int:docInfo (2.9s)
✔ [11928/19026] Built mathlib/Mathlib.Algebra.Order.Ring.Nat:docInfo (2.8s)
✔ [11929/19026] Built mathlib/Mathlib.Order.Bounds.OrderIso:docInfo (1.8s)
✔ [11930/19026] Built mathlib/Mathlib.Tactic.CancelDenoms.Core:docInfo (2.6s)
✔ [11931/19026] Built mathlib/Mathlib.Algebra.Order.Ring.Canonical:docInfo (2.9s)
✔ [11932/19026] Built mathlib/Mathlib.Order.CompleteLattice.Basic:docInfo (2.1s)
✔ [11933/19026] Built mathlib/Mathlib.Order.Preorder.Chain:docInfo (1.8s)
✔ [11934/19026] Built mathlib/Mathlib.Algebra.Order.Ring.InjSurj:docInfo (2.2s)
✔ [11935/19026] Built mathlib/Mathlib.Algebra.Order.Positive.Ring:docInfo (2.1s)
✔ [11936/19026] Built mathlib/Mathlib.Data.Finset.Attach:docInfo (2.5s)
✔ [11937/19026] Built mathlib/Mathlib.Data.Multiset.Dedup:docInfo (2.4s)
✔ [11938/19026] Built mathlib/Mathlib.Data.Finset.Empty:docInfo (2.5s)
✔ [11939/19026] Built mathlib/Mathlib.Data.Finset.Erase:docInfo (2.5s)
✔ [11940/19026] Built mathlib/Mathlib.Data.Multiset.Range:docInfo (2.6s)
✔ [11941/19026] Built mathlib/Mathlib.Data.Fin.Rev:docInfo (2.5s)
✔ [11942/19026] Built mathlib/Mathlib.Data.Fin.Embedding:docInfo (2.4s)
✔ [11943/19026] Built mathlib/Mathlib.Data.Countable.Small:docInfo (1.7s)
✔ [11944/19026] Built mathlib/Mathlib.Data.Vector.Basic:docInfo (2.8s)
✔ [11945/19026] Built mathlib/Mathlib.Order.Hom.Lex:docInfo (1.7s)
✔ [11946/19026] Built mathlib/Mathlib.Algebra.Ring.CompTypeclasses:docInfo (1.8s)
✔ [11947/19026] Built mathlib/Mathlib.GroupTheory.GroupAction.DomAct.Basic:docInfo (1.9s)
✔ [11948/19026] Built mathlib/Mathlib.Algebra.GroupWithZero.Action.Pi:docInfo (2.5s)
✔ [11949/19026] Built mathlib/Mathlib.Algebra.Ring.ULift:docInfo (1.8s)
✔ [11950/19026] Built mathlib/Mathlib.Algebra.Ring.Action.Group:docInfo (2.5s)
✔ [11951/19026] Built mathlib/Mathlib.Data.Finset.Order:docInfo (2.6s)
✔ [11952/19026] Built mathlib/Mathlib.Order.Interval.Set.OrderIso:docInfo (1.8s)
✔ [11953/19026] Built mathlib/Mathlib.Algebra.Group.Indicator:docInfo (1.0s)
✔ [11954/19026] Built mathlib/Mathlib.Algebra.GroupWithZero.Indicator:docInfo (1.9s)
✔ [11955/19026] Built mathlib/Mathlib.Algebra.Module.Basic:docInfo (2.6s)
✔ [11956/19026] Built mathlib/Mathlib.Algebra.EuclideanDomain.Basic:docInfo (2.6s)
✔ [11957/19026] Built mathlib/Mathlib.Algebra.Ring.Aut:docInfo (2.5s)
✔ [11958/19026] Built mathlib/Mathlib.Algebra.Order.Group.PiLex:docInfo (2.5s)
✔ [11959/19026] Built mathlib/Mathlib.Algebra.Order.Interval.Set.Group:docInfo (1.0s)
✔ [11960/19026] Built mathlib/Mathlib.Algebra.Order.Interval.Set.Instances:docInfo (2.3s)
✔ [11961/19026] Built mathlib/Mathlib.Algebra.Torsor.Basic:docInfo (2.6s)
✔ [11962/19026] Built mathlib/Mathlib.Algebra.NoZeroSMulDivisors.Pi:docInfo (2.6s)
✔ [11963/19026] Built mathlib/Mathlib.Algebra.Order.Ring.Opposite:docInfo (2.2s)
✔ [11964/19026] Built mathlib/Mathlib.Combinatorics.Quiver.Path.Weight:docInfo (2.3s)
✔ [11965/19026] Built mathlib/Mathlib.GroupTheory.GroupAction.Embedding:docInfo (1.9s)
✔ [11966/19026] Built mathlib/Mathlib.RingTheory.RingInvo:docInfo (1.8s)
✔ [12005/19065] Built mathlib/Mathlib.Algebra.Order.Archimedean.Defs:docInfo (1.9s)
✔ [12006/19065] Built mathlib/Mathlib.Algebra.Order.Ring.Basic:docInfo (2.8s)
✔ [12007/19065] Built mathlib/Mathlib.Algebra.Field.Rat:docInfo (2.8s)
✔ [12008/19065] Built mathlib/Mathlib.Order.CompleteLattice.Lemmas:docInfo (2.1s)
✔ [12009/19065] Built mathlib/Mathlib.Order.GaloisConnection.Basic:docInfo (2.2s)
✔ [12010/19065] Built mathlib/Mathlib.Order.Antichain:docInfo (1.9s)
✔ [12011/19065] Built mathlib/Mathlib.Algebra.Order.Ring.Rat:docInfo (2.7s)
✔ [12012/19065] Built mathlib/Mathlib.Data.Finset.Dedup:docInfo (2.7s)
✔ [12013/19065] Built mathlib/Mathlib.Data.Multiset.FinsetOps:docInfo (2.6s)
✔ [12014/19065] Built mathlib/Mathlib.Data.Finset.Filter:docInfo (2.5s)
✔ [12015/19065] Built mathlib/Mathlib.Order.Fin.Basic:docInfo (2.5s)
✔ [12016/19065] Built mathlib/Mathlib.Data.Multiset.Fold:docInfo (2.6s)
✔ [12017/19065] Built mathlib/Mathlib.Data.Setoid.Basic:docInfo (2.1s)
✔ [12018/19065] Built mathlib/Mathlib.Algebra.Order.Hom.Ring:docInfo (2.9s)
✔ [12019/19065] Built mathlib/Mathlib.Order.UpperLower.Basic:docInfo (2.7s)
✔ [12020/19065] Built mathlib/Mathlib.Order.OmegaCompletePartialOrder:docInfo (2.9s)
✔ [12021/19065] Built mathlib/Mathlib.Algebra.Module.LinearMap.Defs:docInfo (3.0s)
✔ [12022/19065] Built mathlib/Mathlib.Algebra.Module.Hom:docInfo (2.3s)
✔ [12023/19065] Built mathlib/Mathlib.Algebra.Ring.Pi:docInfo (1.7s)
✔ [12024/19065] Built mathlib/Mathlib.Algebra.Ring.Prod:docInfo (2.7s)
✔ [12025/19065] Built mathlib/Mathlib.Algebra.Group.Fin.Basic:docInfo (2.2s)
✔ [12026/19065] Built mathlib/Mathlib.Algebra.Order.Module.Defs:docInfo (3.3s)
✔ [12027/19065] Built mathlib/Mathlib.Algebra.Star.Basic:docInfo (2.9s)
✔ [12028/19065] Built mathlib/Mathlib.Data.Nat.Choose.Bounds:docInfo (2.7s)
✔ [12029/19065] Built mathlib/Mathlib.CategoryTheory.Pi.Basic:docInfo (2.9s)
✔ [12030/19065] Built mathlib/Mathlib.CategoryTheory.ObjectProperty.CompleteLattice:docInfo (2.6s)
✔ [12031/19065] Built mathlib/Mathlib.CategoryTheory.Functor.Currying:docInfo (2.8s)
✔ [12032/19065] Built mathlib/Mathlib.CategoryTheory.Monoidal.Category:docInfo (3.2s)
✔ [12033/19065] Built mathlib/Mathlib.Algebra.Ring.Action.End:docInfo (2.7s)
✔ [12034/19065] Built mathlib/Mathlib.CategoryTheory.Products.Bifunctor:docInfo (2.7s)
✔ [12035/19065] Built mathlib/Mathlib.CategoryTheory.Products.Associator:docInfo (2.8s)
✔ [12036/19065] Built mathlib/Mathlib.Algebra.Field.ULift:docInfo (1.6s)
✔ [12037/19065] Built mathlib/Mathlib.CategoryTheory.Functor.OfSequence:docInfo (2.6s)
✔ [12038/19065] Built mathlib/Mathlib.Algebra.Order.Field.Pointwise:docInfo (1.0s)
✔ [12039/19065] Built mathlib/Mathlib.Algebra.Order.GroupWithZero.Lex:docInfo (2.8s)
✔ [12040/19065] Built mathlib/Mathlib.Algebra.Order.Quantale:docInfo (2.1s)
✔ [12041/19065] Built mathlib/Mathlib.Order.CompleteLattice.Group:docInfo (1.0s)
✔ [12042/19065] Built mathlib/Mathlib.CategoryTheory.Join.Basic:docInfo (3.1s)
✔ [12043/19065] Built mathlib/Mathlib.GroupTheory.GroupAction.DomAct.ActionHom:docInfo (1.7s)
✔ [12099/19119] Built mathlib/Mathlib.Data.Nat.Cast.Order.Ring:docInfo (2.7s)
✔ [12100/19119] Built mathlib/Mathlib.Data.Rat.Cast.Defs:docInfo (2.8s)
✔ [12101/19119] Built mathlib/Mathlib.Algebra.Order.Field.Canonical:docInfo (2.0s)
✔ [12102/19119] Built mathlib/Mathlib.Order.CompleteBooleanAlgebra:docInfo (2.4s)
✔ [12103/19119] Built mathlib/Mathlib.Order.Interval.Set.OrdConnected:docInfo (2.6s)
✔ [12104/19119] Built mathlib/Mathlib.Data.PNat.Basic:docInfo (2.8s)
✔ [12105/19119] Built mathlib/Mathlib.Data.Finset.Insert:docInfo (2.4s)
✔ [12106/19119] Built mathlib/Mathlib.Data.Finset.Lattice.Basic:docInfo (2.2s)
✔ [12107/19119] Built mathlib/Mathlib.Data.Fintype.Defs:docInfo (2.3s)
✔ [12108/19119] Built mathlib/Mathlib.Algebra.Order.Group.Multiset:docInfo (2.3s)
✔ [12109/19119] Built mathlib/Mathlib.Data.Multiset.Lattice:docInfo (2.3s)
✔ [12110/19119] Built mathlib/Mathlib.Algebra.Order.Ring.WithTop:docInfo (2.8s)
✔ [12111/19119] Built mathlib/Mathlib.Order.InitialSeg:docInfo (2.7s)
✔ [12112/19119] Built mathlib/Mathlib.Order.Hom.Order:docInfo (1.8s)
✔ [12113/19119] Built mathlib/Mathlib.Algebra.Algebra.Defs:docInfo (2.8s)
✔ [12114/19119] Built mathlib/Mathlib.Algebra.Module.Equiv.Defs:docInfo (2.0s)
✔ [12115/19119] Built mathlib/Mathlib.Algebra.Module.Pi:docInfo (2.3s)
✔ [12116/19119] Built mathlib/Mathlib.Algebra.Order.BigOperators.Group.Multiset:docInfo (2.7s)
✔ [12117/19119] Built mathlib/Mathlib.Algebra.Order.BigOperators.Ring.List:docInfo (2.7s)
✔ [12118/19119] Built mathlib/Mathlib.Algebra.Order.Nonneg.Module:docInfo (2.7s)
✔ [12119/19119] Built mathlib/Mathlib.Logic.Small.List:docInfo (2.2s)
✔ [12120/19119] Built mathlib/Mathlib.Algebra.Order.Kleene:docInfo (2.7s)
✔ [12121/19119] Built mathlib/Mathlib.Algebra.Module.Rat:docInfo (2.8s)
✔ [12122/19119] Built mathlib/Mathlib.Algebra.Star.StarRingHom:docInfo (2.5s)
✔ [12123/19119] Built mathlib/Mathlib.Algebra.Star.Prod:docInfo (2.4s)
✔ [12124/19119] Built mathlib/Mathlib.Algebra.Order.Pi:docInfo (1.8s)
✔ [12125/19119] Built mathlib/Mathlib.Algebra.Ring.Subsemiring.Order:docInfo (2.4s)
✔ [12126/19119] Built mathlib/Mathlib.Algebra.IsPrimePow:docInfo (2.9s)
✔ [12127/19119] Built mathlib/Mathlib.CategoryTheory.Discrete.Basic:docInfo (2.6s)
✔ [12128/19119] Built mathlib/Mathlib.Tactic.CategoryTheory.MonoidalComp:docInfo (2.6s)
✔ [12129/19119] Built mathlib/Mathlib.Order.UpperLower.Fibration:docInfo (2.5s)
✔ [12130/19119] Built mathlib/Mathlib.Data.FunLike.Ring:docInfo (1.9s)
✔ [12131/19119] Built mathlib/Mathlib.Tactic.LinearCombination.Lemmas:docInfo (2.3s)
✔ [12132/19119] Built mathlib/Mathlib.Algebra.CharP.Pi:docInfo (2.5s)
✔ [12133/19119] Built mathlib/Mathlib.Algebra.Module.LinearMap.Prod:docInfo (2.8s)
✔ [12134/19119] Built mathlib/Mathlib.Algebra.Order.Group.Pointwise.Bounds:docInfo (1.9s)
✔ [12135/19119] Built mathlib/Mathlib.Algebra.Order.Monovary:docInfo (2.5s)
✔ [12136/19119] Built mathlib/Mathlib.Algebra.Order.Field.Subfield:docInfo (2.9s)
✔ [12137/19119] Built mathlib/Mathlib.Algebra.Order.Module.Basic:docInfo (2.7s)
✔ [12138/19119] Built mathlib/Mathlib.Algebra.Order.Module.PositiveLinearMap:docInfo (2.7s)
✔ [12139/19119] Built mathlib/Mathlib.Algebra.Order.Positive.Field:docInfo (2.1s)
✔ [12140/19119] Built mathlib/Mathlib.Algebra.Order.Ring.Prod:docInfo (2.5s)
✔ [12141/19119] Built mathlib/Mathlib.Algebra.Ring.Subring.Order:docInfo (2.7s)
✔ [12142/19119] Built mathlib/Mathlib.CategoryTheory.Functor.CurryingThree:docInfo (2.8s)
✔ [12143/19119] Built mathlib/Mathlib.CategoryTheory.Bicategory.End:docInfo (2.7s)
✔ [12144/19119] Built mathlib/Mathlib.CategoryTheory.Join.Opposites:docInfo (2.8s)
✔ [12145/19119] Built mathlib/Mathlib.CategoryTheory.Join.Sum:docInfo (2.7s)
✔ [12146/19119] Built mathlib/Mathlib.CategoryTheory.Monoidal.Action.Basic:docInfo (3.2s)
✔ [12147/19119] Built mathlib/Mathlib.CategoryTheory.Sums.Products:docInfo (2.8s)
✔ [12148/19119] Built mathlib/Mathlib.Data.Num.Bitwise:docInfo (2.7s)
✔ [12149/19119] Built mathlib/Mathlib.Data.Nat.Dist:docInfo (2.7s)
✔ [12150/19119] Built mathlib/Mathlib.Data.Vector.Snoc:docInfo (2.6s)
✔ [12151/19119] Built mathlib/Mathlib.Data.Vector.Mem:docInfo (2.5s)
✔ [12152/19119] Built mathlib/Mathlib.Data.Vector.Zip:docInfo (2.2s)
✔ [12153/19119] Built mathlib/Mathlib.Order.Heyting.Regular:docInfo (1.8s)
✔ [12202/19168] Built mathlib/Mathlib.Data.PNat.Prime:docInfo (2.7s)
✔ [12203/19168] Built mathlib/Mathlib.CategoryTheory.Discrete.SumsProducts:docInfo (2.5s)
✔ [12204/19168] Built mathlib/Mathlib.CategoryTheory.Monoidal.Action.LinearFunctor:docInfo (2.6s)
✔ [12205/19168] Built mathlib/Mathlib.Data.Num.Lemmas:docInfo (2.8s)
✔ [12206/19168] Built mathlib/Mathlib.Control.LawfulFix:docInfo (2.5s)
✔ [12207/19168] Built mathlib/Mathlib.Control.Random:docInfo (2.7s)
✔ [12208/19168] Built mathlib/Mathlib.Data.Fin.FlagRange:docInfo (2.6s)
✔ [12209/19168] Built mathlib/Mathlib.Data.Ordmap.Invariants:docInfo (2.7s)
✔ [12210/19168] Built mathlib/Mathlib.Data.PNat.Find:docInfo (2.7s)
✔ [12211/19168] Built mathlib/Mathlib.Data.Vector.MapLemmas:docInfo (2.6s)
✔ [12212/19168] Built mathlib/Mathlib.Order.CompletePartialOrder:docInfo (2.5s)
✔ [12213/19168] Built mathlib/Mathlib.Order.Lattice.Congruence:docInfo (1.7s)
✔ [12214/19168] Built mathlib/Mathlib.Tactic.PNatToNat:docInfo (2.7s)
✔ [12217/19170] Built mathlib/Mathlib.Algebra.Order.Ring.Cast:docInfo (2.5s)
✔ [12218/19170] Built mathlib/Mathlib.Algebra.Order.Ring.Abs:docInfo (2.7s)
✔ [12219/19170] Built mathlib/Mathlib.Algebra.Order.Invertible:docInfo (2.5s)
✔ [12220/19170] Built mathlib/Mathlib.Data.Rat.Cast.CharZero:docInfo (2.5s)
✔ [12221/19170] Built mathlib/Mathlib.Tactic.Linarith.Lemmas:docInfo (2.4s)
ℹ [12222/19170] Built mathlib/Mathlib.Tactic.NormNum.Abs:docInfo (2.5s)
info: stdout:
WARNING: Failed to calculate equational lemmata for Mathlib.Meta.NormNum.evalAbs: failed
✔ [12223/19170] Built mathlib/Mathlib.Algebra.Order.Ring.Pow:docInfo (2.5s)
✔ [12224/19170] Built mathlib/Mathlib.Data.Finset.Disjoint:docInfo (2.6s)
✔ [12225/19170] Built mathlib/Mathlib.Data.Finset.Range:docInfo (2.6s)
✔ [12226/19170] Built mathlib/Mathlib.Data.Finset.SDiff:docInfo (2.6s)
✔ [12227/19170] Built mathlib/Mathlib.Data.Finset.Lattice.Lemmas:docInfo (2.7s)
✔ [12228/19170] Built mathlib/Mathlib.Data.Fin.Tuple.Basic:docInfo (3.0s)
✔ [12229/19170] Built mathlib/Mathlib.Algebra.BigOperators.Group.Multiset.Basic:docInfo (2.6s)
✔ [12230/19170] Built mathlib/Mathlib.Data.Multiset.Sum:docInfo (2.6s)
✔ [12231/19170] Built mathlib/Mathlib.GroupTheory.Congruence.Defs:docInfo (1.9s)
✔ [12232/19170] Built mathlib/Mathlib.Data.Sym.Basic:docInfo (2.8s)
✔ [12233/19170] Built mathlib/Mathlib.Data.Multiset.OrderedMonoid:docInfo (2.6s)
✔ [12234/19170] Built mathlib/Mathlib.Algebra.Order.BigOperators.Ring.Multiset:docInfo (2.6s)
✔ [12235/19170] Built mathlib/Mathlib.Order.Interval.Set.Fin:docInfo (2.7s)
✔ [12236/19170] Built mathlib/Mathlib.Algebra.GCDMonoid.Multiset:docInfo (2.6s)
✔ [12237/19170] Built mathlib/Mathlib.Algebra.Star.Rat:docInfo (2.4s)
✔ [12238/19170] Built mathlib/Mathlib.Algebra.CharP.Basic:docInfo (2.8s)
✔ [12239/19170] Built mathlib/Mathlib.CategoryTheory.Products.Unitor:docInfo (2.6s)
✔ [12240/19170] Built mathlib/Mathlib.CategoryTheory.PUnit:docInfo (2.6s)
✔ [12241/19170] Built mathlib/Mathlib.CategoryTheory.PEmpty:docInfo (2.4s)
✔ [12242/19170] Built mathlib/Mathlib.Algebra.Module.LinearMap.Rat:docInfo (2.4s)
✔ [12243/19170] Built mathlib/Mathlib.Tactic.CategoryTheory.Monoidal.Datatypes:docInfo (2.7s)
✔ [12244/19170] Built mathlib/Mathlib.CategoryTheory.ObjectProperty.Opposite:docInfo (2.5s)
✔ [12245/19170] Built mathlib/Mathlib.Topology.Defs.Filter:docInfo (2.1s)
✔ [12246/19170] Built mathlib/Mathlib.Algebra.Divisibility.Finite:docInfo (2.6s)
✔ [12247/19170] Built mathlib/Mathlib.Algebra.Group.Equiv.Finite:docInfo (2.5s)
✔ [12248/19170] Built mathlib/Mathlib.Algebra.Group.PNatPowAssoc:docInfo (2.7s)
✔ [12249/19170] Built mathlib/Mathlib.AlgebraicTopology.SimplexCategory.Defs:docInfo (2.7s)
✔ [12250/19170] Built mathlib/Mathlib.Order.Fin.Clamp:docInfo (2.6s)
✔ [12251/19170] Built mathlib/Mathlib.Algebra.Star.Pi:docInfo (2.3s)
✔ [12252/19170] Built mathlib/Mathlib.Algebra.Star.MonoidHom:docInfo (2.5s)
✔ [12253/19170] Built mathlib/Mathlib.Algebra.Order.Ring.Cone:docInfo (2.6s)
✔ [12254/19170] Built mathlib/Mathlib.Algebra.Order.WithTop.Untop0:docInfo (2.6s)
✔ [12255/19170] Built mathlib/Mathlib.Order.Interval.Set.InitialSeg:docInfo (2.6s)
✔ [12285/19198] Built mathlib/Mathlib.Algebra.Order.Floor.Defs:docInfo (2.6s)
ℹ [12286/19198] Built mathlib/Mathlib.Tactic.Positivity.Core:docInfo (3.1s)
info: stdout:
WARNING: Failed to calculate equational lemmata for Mathlib.Meta.Positivity.compareHyp: unquoteExpr: __result.1 : Lean.Expr
✔ [12287/19198] Built mathlib/Mathlib.Data.Set.BooleanAlgebra:docInfo (1.7s)
✔ [12288/19198] Built mathlib/Mathlib.Data.List.OfFn:docInfo (2.3s)
✔ [12289/19198] Built mathlib/Mathlib.Order.Cover:docInfo (2.6s)
✔ [12290/19198] Built mathlib/Mathlib.GroupTheory.Congruence.Hom:docInfo (2.0s)
✔ [12291/19198] Built mathlib/Mathlib.Algebra.Module.Torsion.Pi:docInfo (2.4s)
✔ [12292/19198] Built mathlib/Mathlib.Algebra.Module.Equiv.Opposite:docInfo (2.7s)
✔ [12293/19198] Built mathlib/Mathlib.Algebra.Module.ULift:docInfo (2.7s)
✔ [12294/19198] Built mathlib/Mathlib.Tactic.FinCases:docInfo (2.5s)
ℹ [12295/19198] Built mathlib/Mathlib.Data.Fin.VecNotation:docInfo (2.6s)
info: stdout:
WARNING: Failed to calculate equational lemmata for PiFin.toExpr: failed
✔ [12296/19198] Built mathlib/Mathlib.RingTheory.Congruence.Defs:docInfo (2.2s)
✔ [12297/19198] Built mathlib/Mathlib.LinearAlgebra.Matrix.Defs:docInfo (2.5s)
✔ [12298/19198] Built mathlib/Mathlib.GroupTheory.Congruence.Opposite:docInfo (2.0s)
✔ [12299/19198] Built mathlib/Mathlib.Algebra.Module.LinearMap.Star:docInfo (2.7s)
✔ [12300/19198] Built mathlib/Mathlib.Algebra.Algebra.Field:docInfo (2.8s)
✔ [12301/19198] Built mathlib/Mathlib.Algebra.Ring.Fin:docInfo (2.5s)
✔ [12302/19198] Built mathlib/Mathlib.Data.FunLike.Module:docInfo (2.4s)
✔ [12303/19198] Built mathlib/Mathlib.Order.Interval.Set.ProjIcc:docInfo (2.5s)
✔ [12304/19198] Built mathlib/Mathlib.Tactic.Qify:docInfo (2.5s)
✔ [12305/19198] Built mathlib/Mathlib.Order.Quotient:docInfo (2.5s)
✔ [12306/19198] Built mathlib/Mathlib.Data.Fin.Tuple.Embedding:docInfo (2.3s)
✔ [12307/19198] Built mathlib/Mathlib.Data.Fin.Tuple.Take:docInfo (2.5s)
✔ [12308/19198] Built mathlib/Mathlib.Data.Nat.Cast.SetInterval:docInfo (2.5s)
✔ [12309/19198] Built mathlib/Mathlib.Data.Num.ZNum:docInfo (2.5s)
✔ [12310/19198] Built mathlib/Mathlib.Data.Ordmap.Ordset:docInfo (2.7s)
✔ [12311/19198] Built mathlib/Mathlib.RingTheory.Invariant.Defs:docInfo (2.6s)
✔ [12337/19224] Built mathlib/Mathlib.Data.Rat.Sqrt:docInfo (2.4s)
✔ [12338/19224] Built mathlib/Mathlib.Logic.Function.FromTypes:docInfo (2.5s)
✔ [12339/19224] Built mathlib/Mathlib.Data.Int.Order.Lemmas:docInfo (2.4s)
✔ [12340/19224] Built mathlib/Mathlib.Data.Multiset.DershowitzManna:docInfo (2.4s)
ℹ [12343/19225] Built mathlib/Mathlib.Tactic.NormNum.Inv:docInfo (3.0s)
info: stdout:
WARNING: Failed to calculate equational lemmata for Mathlib.Meta.NormNum.evalNNRatCast: unquoteExpr: __result.1 : Lean.Expr
✔ [12344/19225] Built mathlib/Mathlib.Tactic.Linarith.Datatypes:docInfo (2.8s)
✔ [12345/19225] Built mathlib/Mathlib.Data.Set.Lattice:docInfo (2.5s)
✔ [12346/19225] Built mathlib/Mathlib.Data.Finset.Basic:docInfo (2.5s)
✔ [12347/19225] Built mathlib/Mathlib.Data.Finset.Image:docInfo (2.4s)
✔ [12348/19225] Built mathlib/Mathlib.Data.Multiset.Bind:docInfo (2.6s)
✔ [12349/19225] Built mathlib/Mathlib.Data.Set.Sigma:docInfo (1.9s)
✔ [12350/19225] Built mathlib/Mathlib.GroupTheory.GroupAction.Defs:docInfo (2.8s)
✔ [12351/19225] Built mathlib/Mathlib.Algebra.Module.LinearMap.Basic:docInfo (2.5s)
✔ [12352/19225] Built mathlib/Mathlib.Algebra.Module.LinearMap.End:docInfo (2.8s)
✔ [12353/19225] Built mathlib/Mathlib.Order.ModularLattice:docInfo (2.7s)
✔ [12354/19225] Built mathlib/Mathlib.Order.Closure:docInfo (2.0s)
✔ [12355/19225] Built mathlib/Mathlib.Algebra.Group.Fin.Tuple:docInfo (2.5s)
✔ [12356/19225] Built mathlib/Mathlib.Data.Set.Semiring:docInfo (2.7s)
✔ [12357/19225] Built mathlib/Mathlib.Data.Matrix.Diagonal:docInfo (2.5s)
✔ [12358/19225] Built mathlib/Mathlib.Algebra.Star.SelfAdjoint:docInfo (2.9s)
✔ [12359/19225] Built mathlib/Mathlib.Algebra.Algebra.Rat:docInfo (2.7s)
✔ [12360/19225] Built mathlib/Mathlib.CategoryTheory.Comma.Basic:docInfo (3.2s)
✔ [12361/19225] Built mathlib/Mathlib.Data.Int.Order.Units:docInfo (2.5s)
✔ [12362/19225] Built mathlib/Mathlib.Tactic.CategoryTheory.Monoidal.PureCoherence:docInfo (2.6s)
✔ [12363/19225] Built mathlib/Mathlib.Tactic.CategoryTheory.Monoidal.Normalize:docInfo (3.6s)
✔ [12364/19225] Built mathlib/Mathlib.Order.Interval.Set.Pi:docInfo (2.7s)
✔ [12365/19225] Built mathlib/Mathlib.Algebra.FreeMonoid.Symbols:docInfo (2.6s)
✔ [12413/19272] Built mathlib/Mathlib.Algebra.Order.Floor.Semiring:docInfo (2.6s)
✔ [12414/19272] Built mathlib/Mathlib.Algebra.Order.Field.Basic:docInfo (3.0s)
✔ [12415/19272] Built mathlib/Mathlib.Tactic.FieldSimp.Discharger:docInfo (2.7s)
✔ [12416/19272] Built mathlib/Mathlib.Tactic.Linarith.Oracle.SimplexAlgorithm:docInfo (2.7s)
✔ [12417/19272] Built mathlib/Mathlib.Tactic.Linarith.Preprocessing:docInfo (2.7s)
✔ [12418/19272] Built mathlib/Mathlib.Tactic.Linarith.Parsing:docInfo (2.8s)
✔ [12419/19272] Built mathlib/Mathlib.Order.ConditionallyCompletePartialOrder.Basic:docInfo (1.9s)
✔ [12420/19272] Built mathlib/Mathlib.Tactic.NormNum.Eq:docInfo (2.6s)
ℹ [12421/19272] Built mathlib/Mathlib.Tactic.Positivity.Basic:docInfo (3.5s)
info: stdout:
WARNING: Failed to calculate equational lemmata for Mathlib.Meta.Positivity.evalNatCast: unquoteExpr: __result.2.1 : Lean.Expr
WARNING: Failed to calculate equational lemmata for Mathlib.Meta.Positivity.evalPosPart: failed
WARNING: Failed to calculate equational lemmata for Mathlib.Meta.Positivity.evalIntCast: failed
WARNING: Failed to calculate equational lemmata for Mathlib.Meta.Positivity.evalNegPart: failed
✔ [12422/19272] Built mathlib/Mathlib.Data.Finset.Card:docInfo (2.8s)
✔ [12423/19272] Built mathlib/Mathlib.Data.Finset.BooleanAlgebra:docInfo (2.8s)
✔ [12424/19272] Built mathlib/Mathlib.Data.Fintype.OfMap:docInfo (2.5s)
✔ [12425/19272] Built mathlib/Mathlib.Data.Finset.SymmDiff:docInfo (2.3s)
✔ [12426/19272] Built mathlib/Mathlib.Data.List.FinRange:docInfo (2.3s)
✔ [12427/19272] Built mathlib/Mathlib.Data.List.Sort:docInfo (2.5s)
✔ [12428/19272] Built mathlib/Mathlib.Data.Finset.Fold:docInfo (2.6s)
✔ [12429/19272] Built mathlib/Mathlib.Data.Multiset.Pi:docInfo (2.7s)
✔ [12430/19272] Built mathlib/Mathlib.Data.Multiset.Powerset:docInfo (2.6s)
✔ [12431/19272] Built mathlib/Mathlib.Data.Multiset.Sections:docInfo (2.7s)
✔ [12432/19272] Built mathlib/Mathlib.Algebra.Order.AbsoluteValue.Basic:docInfo (2.7s)
✔ [12433/19272] Built mathlib/Mathlib.Logic.Equiv.Fin.Basic:docInfo (2.5s)
✔ [12434/19272] Built mathlib/Mathlib.Order.Cofinal:docInfo (1.8s)
✔ [12435/19272] Built mathlib/Mathlib.Algebra.Group.Pointwise.Set.ListOfFn:docInfo (2.3s)
✔ [12436/19272] Built mathlib/Mathlib.Algebra.Star.StarProjection:docInfo (2.4s)
✔ [12437/19272] Built mathlib/Mathlib.CategoryTheory.Comma.Arrow:docInfo (2.4s)
✔ [12438/19272] Built mathlib/Mathlib.Data.Fintype.Inv:docInfo (2.6s)
✔ [12439/19272] Built mathlib/Mathlib.Tactic.CategoryTheory.Monoidal.Basic:docInfo (2.5s)
✔ [12440/19272] Built mathlib/Mathlib.CategoryTheory.Monoidal.CoherenceLemmas:docInfo (2.4s)
✔ [12441/19272] Built mathlib/Mathlib.Data.Set.Constructions:docInfo (2.4s)
✔ [12442/19272] Built mathlib/Mathlib.Algebra.Group.Nat.Range:docInfo (2.5s)
✔ [12443/19272] Built mathlib/Mathlib.Algebra.ContinuedFractions.Computation.Basic:docInfo (2.6s)
✔ [12444/19272] Built mathlib/Mathlib.Tactic.Monotonicity.Lemmas:docInfo (1.9s)
✔ [12445/19272] Built mathlib/Mathlib.Tactic.Finiteness:docInfo (2.8s)
✔ [12446/19272] Built mathlib/Mathlib.Algebra.Order.Nonneg.Floor:docInfo (2.5s)
✔ [12447/19272] Built mathlib/Mathlib.Algebra.Order.Module.Field:docInfo (2.9s)
✔ [12448/19272] Built mathlib/Mathlib.Algebra.Order.Field.Power:docInfo (2.7s)
ℹ [12449/19272] Built mathlib/Mathlib.Algebra.Order.Algebra:docInfo (2.8s)
info: stdout:
WARNING: Failed to calculate equational lemmata for Mathlib.Meta.Positivity.evalAlgebraMap: unquoteExpr: __result.2.1 : Lean.Expr
✔ [12450/19272] Built mathlib/Mathlib.Combinatorics.Enumerative.Stirling:docInfo (2.4s)
✔ [12451/19272] Built mathlib/Mathlib.Data.Fin.Fin2:docInfo (2.7s)
✔ [12452/19272] Built mathlib/Mathlib.Data.Int.Lemmas:docInfo (2.4s)
✔ [12453/19272] Built mathlib/Mathlib.Data.Nat.Hyperoperation:docInfo (2.4s)
✔ [12454/19272] Built mathlib/Mathlib.Data.Num.Prime:docInfo (2.5s)
✔ [12455/19272] Built mathlib/Mathlib.LinearAlgebra.Matrix.CharP:docInfo (2.3s)
✔ [12456/19272] Built mathlib/Mathlib.Order.Interval.Set.Union:docInfo (2.5s)
✔ [12457/19272] Built mathlib/Mathlib.Tactic.Linarith.Oracle.FourierMotzkin:docInfo (2.8s)
✔ [12458/19272] Built mathlib/Mathlib.Tactic.Widget.StringDiagram:docInfo (2.7s)
✔ [12471/19284] Built mathlib/Mathlib.Tactic.Ring.Common:docInfo (5.5s)
✔ [12494/19307] Built mathlib/Mathlib.Algebra.Order.CauSeq.Basic:docInfo (3.2s)
✔ [12495/19307] Built mathlib/Mathlib.Algebra.Order.Module.Pointwise:docInfo (2.5s)
✔ [12496/19307] Built mathlib/Mathlib.Data.Nat.Cast.Order.Field:docInfo (2.6s)
✔ [12497/19307] Built mathlib/Mathlib.Algebra.Order.AbsoluteValue.Euclidean:docInfo (2.9s)
✔ [12498/19307] Built mathlib/Mathlib.Algebra.Order.Module.Algebra:docInfo (2.3s)
✔ [12499/19307] Built mathlib/Mathlib.CategoryTheory.Comma.CatCommSq:docInfo (2.5s)
✔ [12500/19307] Built mathlib/Mathlib.Data.Int.Log:docInfo (3.1s)
✔ [12501/19307] Built mathlib/Mathlib.Data.Nat.BitIndices:docInfo (2.9s)
✔ [12502/19307] Built mathlib/Mathlib.Data.Semiquot:docInfo (1.9s)
✔ [12503/19307] Built mathlib/Mathlib.Logic.Function.OfArity:docInfo (2.7s)
✔ [12504/19307] Built mathlib/Mathlib.Data.Int.AbsoluteValue:docInfo (3.0s)
✔ [12505/19307] Built mathlib/Mathlib.GroupTheory.GroupAction.Transitive:docInfo (2.6s)
✔ [12506/19307] Built mathlib/Mathlib.Order.Concept:docInfo (2.0s)
✔ [12507/19307] Built mathlib/Mathlib.SetTheory.ZFC.PSet:docInfo (2.2s)
ℹ [12510/19316] Built mathlib/Mathlib.Tactic.FieldSimp:docInfo (3.9s)
info: stdout:
WARNING: Failed to calculate equational lemmata for Mathlib.Tactic.FieldSimp.reduceProp: failed
WARNING: Failed to calculate equational lemmata for Mathlib.Tactic.FieldSimp.reduceExpr: failed
ℹ [12511/19316] Built mathlib/Mathlib.Tactic.Linarith.Verification:docInfo (2.8s)
info: stdout:
WARNING: Failed to calculate equational lemmata for Qq.ofNatQ: failed
✔ [12512/19316] Built mathlib/Mathlib.Tactic.NormNum.Ineq:docInfo (2.9s)
✔ [12513/19316] Built mathlib/Mathlib.Data.List.NodupEquivFin:docInfo (2.9s)
✔ [12514/19316] Built mathlib/Mathlib.Data.Set.Lattice.Image:docInfo (1.7s)
✔ [12515/19316] Built mathlib/Mathlib.Data.Set.Pairwise.Lattice:docInfo (1.6s)
✔ [12516/19316] Built mathlib/Mathlib.Data.Finset.Piecewise:docInfo (2.8s)
✔ [12517/19316] Built mathlib/Mathlib.Logic.Small.Set:docInfo (1.8s)
✔ [12518/19316] Built mathlib/Mathlib.Order.BourbakiWitt:docInfo (2.7s)
✔ [12519/19316] Built mathlib/Mathlib.Order.CompleteLattice.Chain:docInfo (1.8s)
✔ [12520/19316] Built mathlib/Mathlib.Algebra.Module.Equiv.Basic:docInfo (3.2s)
✔ [12521/19316] Built mathlib/Mathlib.Data.Multiset.Antidiagonal:docInfo (2.9s)
✔ [12522/19316] Built mathlib/Mathlib.Logic.Equiv.Fin.Rotate:docInfo (2.7s)
✔ [12523/19316] Built mathlib/Mathlib.Order.Filter.Basic:docInfo (2.3s)
✔ [12524/19316] Built mathlib/Mathlib.Order.DirSupClosed:docInfo (2.6s)
✔ [12525/19316] Built mathlib/Mathlib.Data.List.Pi:docInfo (2.9s)
ℹ [12526/19316] Built mathlib/Mathlib.Data.Multiset.Sort:docInfo (2.8s)
info: stdout:
WARNING: Failed to calculate equational lemmata for Multiset.instToExprOfToLevel: failed
✔ [12527/19316] Built mathlib/Mathlib.Data.Set.UnionLift:docInfo (1.9s)
✔ [12528/19316] Built mathlib/Mathlib.Algebra.Ring.Action.Submonoid:docInfo (2.5s)
✔ [12529/19316] Built mathlib/Mathlib.Data.Nat.Factors:docInfo (2.8s)
✔ [12530/19316] Built mathlib/Mathlib.CategoryTheory.MorphismProperty.Basic:docInfo (2.9s)
✔ [12531/19316] Built mathlib/Mathlib.CategoryTheory.CommSq:docInfo (2.6s)
✔ [12532/19316] Built mathlib/Mathlib.Order.Fin.Tuple:docInfo (2.8s)
✔ [12533/19316] Built mathlib/Mathlib.Algebra.Order.Group.Pointwise.Interval:docInfo (3.0s)
ℹ [12575/19349] Built mathlib/Mathlib.Tactic.Ring.Basic:docInfo (3.7s)
info: stdout:
WARNING: Failed to calculate equational lemmata for Mathlib.Tactic.Ring.ExProd.mkNegNat: failed
WARNING: Failed to calculate equational lemmata for Mathlib.Tactic.Ring.evalCast: failed
WARNING: Failed to calculate equational lemmata for Mathlib.Tactic.Ring.RingCompute.pow: failed
WARNING: Failed to calculate equational lemmata for Mathlib.Tactic.Ring.ExProd.mkNat: failed
✔ [12576/19349] Built mathlib/Mathlib.Order.ConditionallyCompleteLattice.Basic:docInfo (1.9s)
✔ [12577/19349] Built mathlib/Mathlib.Data.Fintype.Sets:docInfo (2.2s)
✔ [12578/19349] Built mathlib/Mathlib.Data.Finset.Union:docInfo (2.9s)
✔ [12579/19349] Built mathlib/Mathlib.Algebra.Group.Pointwise.Set.Lattice:docInfo (1.9s)
✔ [12580/19349] Built mathlib/Mathlib.Algebra.Group.Subsemigroup.Basic:docInfo (1.9s)
✔ [12581/19349] Built mathlib/Mathlib.Data.Nat.Pairing:docInfo (1.6s)
✔ [12582/19349] Built mathlib/Mathlib.Algebra.Group.Action.Pointwise.Set.Basic:docInfo (1.9s)
✔ [12583/19349] Built mathlib/Mathlib.Data.Finset.Sum:docInfo (2.6s)
✔ [12584/19349] Built mathlib/Mathlib.Order.ConditionallyCompletePartialOrder.Indexed:docInfo (1.0s)
✔ [12585/19349] Built mathlib/Mathlib.Order.FixedPoints:docInfo (2.6s)
✔ [12586/19349] Built mathlib/Mathlib.Order.Zorn:docInfo (2.1s)
✔ [12587/19349] Built mathlib/Mathlib.Order.Hom.CompleteLattice:docInfo (1.9s)
✔ [12588/19349] Built mathlib/Mathlib.Data.Finset.Fin:docInfo (2.5s)
✔ [12589/19349] Built mathlib/Mathlib.Order.Filter.Map:docInfo (1.9s)
✔ [12590/19349] Built mathlib/Mathlib.Order.Filter.AtTopBot.Defs:docInfo (2.1s)
✔ [12591/19349] Built mathlib/Mathlib.Order.Interval.Set.Disjoint:docInfo (1.7s)
✔ [12592/19349] Built mathlib/Mathlib.LinearAlgebra.GeneralLinearGroup.Basic:docInfo (2.5s)
✔ [12593/19349] Built mathlib/Mathlib.Algebra.GCDMonoid.Finset:docInfo (2.7s)
✔ [12594/19349] Built mathlib/Mathlib.Data.Set.Functor:docInfo (1.7s)
✔ [12595/19349] Built mathlib/Mathlib.Order.UpperLower.CompleteLattice:docInfo (2.5s)
✔ [12596/19349] Built mathlib/Mathlib.Tactic.DeriveFintype:docInfo (2.2s)
✔ [12597/19349] Built mathlib/Mathlib.Tactic.Monotonicity:docInfo (1.7s)
✔ [12598/19349] Built mathlib/Mathlib.Algebra.Group.Pointwise.Set.Small:docInfo (2.1s)
✔ [12599/19349] Built mathlib/Mathlib.Order.Fin.Finset:docInfo (2.5s)
✔ [12600/19349] Built mathlib/Mathlib.CategoryTheory.Square:docInfo (2.8s)
✔ [12601/19349] Built mathlib/Mathlib.Order.Interval.Set.OrdConnectedComponent:docInfo (2.4s)
✔ [12602/19349] Built mathlib/Mathlib.Order.Interval.Basic:docInfo (1.9s)
✔ [12603/19349] Built mathlib/Mathlib.Algebra.Order.Module.Equiv:docInfo (2.5s)
✔ [12604/19349] Built mathlib/Mathlib.Data.Finset.CastCard:docInfo (2.6s)
✔ [12605/19349] Built mathlib/Mathlib.Control.EquivFunctor.Instances:docInfo (2.2s)
✔ [12606/19349] Built mathlib/Mathlib.Data.TypeVec:docInfo (2.8s)
✔ [12607/19349] Built mathlib/Mathlib.Data.FP.Basic:docInfo (2.4s)
✔ [12608/19349] Built mathlib/Mathlib.Data.Fin.Tuple.Curry:docInfo (2.7s)
✔ [12609/19349] Built mathlib/Mathlib.Data.Set.Pairwise.Chain:docInfo (1.8s)
✔ [12610/19349] Built mathlib/Mathlib.Data.Vector3:docInfo (2.3s)
✔ [12611/19349] Built mathlib/Mathlib.Order.Bounds.Lattice:docInfo (1.7s)
✔ [12612/19349] Built mathlib/Mathlib.SetTheory.ZFC.Basic:docInfo (3.0s)
✔ [12613/19349] Built mathlib/Mathlib.Tactic.Simproc.Factors:docInfo (2.6s)
✔ [12661/19395] Built mathlib/Mathlib.Tactic.NormNum.DivMod:docInfo (3.0s)
✔ [12662/19395] Built mathlib/Mathlib.Data.Fintype.Basic:docInfo (3.1s)
✔ [12663/19395] Built mathlib/Mathlib.Data.Finset.Prod:docInfo (2.8s)
✔ [12664/19395] Built mathlib/Mathlib.Data.Finset.Pi:docInfo (2.8s)
✔ [12665/19395] Built mathlib/Mathlib.Data.Finset.Lattice.Fold:docInfo (3.0s)
✔ [12666/19395] Built mathlib/Mathlib.Data.Finset.Option:docInfo (2.0s)
✔ [12667/19395] Built mathlib/Mathlib.Algebra.BigOperators.Group.Finset.Defs:docInfo (3.1s)
✔ [12668/19395] Built mathlib/Mathlib.Order.SuccPred.Basic:docInfo (2.7s)
✔ [12669/19395] Built mathlib/Mathlib.Algebra.Order.Group.Action:docInfo (2.1s)
✔ [12670/19395] Built mathlib/Mathlib.Algebra.BigOperators.Ring.Multiset:docInfo (2.0s)
✔ [12671/19395] Built mathlib/Mathlib.Data.Fintype.Quotient:docInfo (2.7s)
✔ [12672/19395] Built mathlib/Mathlib.CategoryTheory.Groupoid:docInfo (3.0s)
✔ [12673/19395] Built mathlib/Mathlib.CategoryTheory.MorphismProperty.Factorization:docInfo (2.9s)
✔ [12674/19395] Built mathlib/Mathlib.CategoryTheory.MorphismProperty.Composition:docInfo (3.0s)
✔ [12675/19395] Built mathlib/Mathlib.Data.Set.Subset:docInfo (1.9s)
✔ [12676/19395] Built mathlib/Mathlib.Topology.Defs.Sequences:docInfo (2.4s)
✔ [12677/19395] Built mathlib/Mathlib.Order.OrdContinuous:docInfo (1.0s)
✔ [12678/19395] Built mathlib/Mathlib.Tactic.Ring.Compare:docInfo (3.1s)
✔ [12679/19395] Built mathlib/Mathlib.Order.Copy:docInfo (2.1s)
✔ [12680/19395] Built mathlib/Mathlib.CategoryTheory.MorphismProperty.IsInvertedBy:docInfo (2.0s)
✔ [12681/19395] Built mathlib/Mathlib.CategoryTheory.Bicategory.LocallyDiscrete:docInfo (2.6s)
✔ [12682/19395] Built mathlib/Mathlib.Algebra.Order.CauSeq.Completion:docInfo (3.2s)
✔ [12683/19395] Built mathlib/Mathlib.Data.Sign.Defs:docInfo (3.0s)
✔ [12684/19395] Built mathlib/Mathlib.Algebra.Tropical.Lattice:docInfo (2.2s)
✔ [12685/19395] Built mathlib/Mathlib.CategoryTheory.MorphismProperty.IsSmall:docInfo (2.0s)
✔ [12686/19395] Built mathlib/Mathlib.Order.Monotone.Extension:docInfo (2.1s)
✔ [12687/19395] Built mathlib/Mathlib.Order.Interval.Set.IsoIoo:docInfo (2.9s)
✔ [12688/19395] Built mathlib/Mathlib.CategoryTheory.FiberedCategory.HomLift:docInfo (2.7s)
✔ [12689/19395] Built mathlib/Mathlib.Control.Traversable.Instances:docInfo (2.6s)
✔ [12690/19395] Built mathlib/Mathlib.Control.Functor.Multivariate:docInfo (2.7s)
✔ [12691/19395] Built mathlib/Mathlib.Data.PNat.Factors:docInfo (2.9s)
✔ [12692/19395] Built mathlib/Mathlib.Order.CompleteLattice.PiLex:docInfo (2.8s)
✔ [12693/19395] Built mathlib/Mathlib.Order.Extension.Linear:docInfo (1.9s)
✔ [12694/19395] Built mathlib/Mathlib.Order.Interval.Lex:docInfo (1.9s)
✔ [12695/19395] Built mathlib/Mathlib.Order.SaddlePoint:docInfo (2.7s)
✔ [12696/19395] Built mathlib/Mathlib.Tactic.CancelDenoms:docInfo (3.0s)
✔ [12697/19396] Built mathlib/Mathlib.Tactic.Field:docInfo (2.9s)
✔ [12698/19396] Built mathlib/Mathlib.Tactic.Linarith.Frontend:docInfo (3.1s)
✔ [12699/19396] Built mathlib/Mathlib.Order.CompleteLatticeIntervals:docInfo (2.6s)
✔ [12700/19396] Built mathlib/Mathlib.Tactic.Ring.PNat:docInfo (2.9s)
✔ [12701/19396] Built mathlib/Mathlib.Tactic.Ring.RingNF:docInfo (2.8s)
✔ [12702/19396] Built mathlib/Mathlib.Algebra.Group.Submonoid.Basic:docInfo (1.9s)
✔ [12703/19396] Built mathlib/Mathlib.Order.ConditionallyCompleteLattice.Indexed:docInfo (1.9s)
✔ [12704/19396] Built mathlib/Mathlib.GroupTheory.Subsemigroup.Centralizer:docInfo (1.8s)
✔ [12705/19396] Built mathlib/Mathlib.SetTheory.Cardinal.SchroederBernstein:docInfo (2.7s)
✔ [12706/19396] Built mathlib/Mathlib.Algebra.Group.Subsemigroup.Membership:docInfo (1.7s)
✔ [12707/19396] Built mathlib/Mathlib.Algebra.Group.Subsemigroup.Operations:docInfo (1.9s)
✔ [12770/19459] Built mathlib/Mathlib.Data.Fintype.Card:docInfo (3.2s)
✔ [12771/19459] Built mathlib/Mathlib.Algebra.Group.Subsemigroup.MulOpposite:docInfo (1.0s)
✔ [12772/19459] Built mathlib/Mathlib.Logic.Equiv.Nat:docInfo (2.6s)
✔ [12773/19459] Built mathlib/Mathlib.Data.Finset.Max:docInfo (3.3s)
✔ [12774/19459] Built mathlib/Mathlib.Data.Finset.Lattice.Union:docInfo (3.4s)
✔ [12775/19459] Built mathlib/Mathlib.Order.CompleteLattice.Finset:docInfo (2.9s)
✔ [12776/19459] Built mathlib/Mathlib.Data.Finset.Lattice.Prod:docInfo (3.5s)
✔ [12777/19459] Built mathlib/Mathlib.Data.Rat.BigOperators:docInfo (3.1s)
✔ [12778/19459] Built mathlib/Mathlib.Order.Filter.AtTopBot.Disjoint:docInfo (2.5s)
✔ [12779/19459] Built mathlib/Mathlib.Order.Filter.Tendsto:docInfo (2.6s)
✔ [12780/19459] Built mathlib/Mathlib.Algebra.Group.TransferInstance:docInfo (3.1s)
✔ [12781/19459] Built mathlib/Mathlib.Algebra.BigOperators.RingEquiv:docInfo (3.2s)
✔ [12782/19459] Built mathlib/Mathlib.Algebra.Regular.Pow:docInfo (3.3s)
✔ [12783/19459] Built mathlib/Mathlib.Algebra.CharP.Two:docInfo (3.5s)
✔ [12784/19459] Built mathlib/Mathlib.Data.Sym.Sym2:docInfo (3.7s)
✔ [12785/19459] Built mathlib/Mathlib.CategoryTheory.EpiMono:docInfo (3.6s)
✔ [12786/19459] Built mathlib/Mathlib.CategoryTheory.Endomorphism:docInfo (3.5s)
✔ [12787/19459] Built mathlib/Mathlib.Data.Nat.GCD.BigOperators:docInfo (3.2s)
✔ [12788/19459] Built mathlib/Mathlib.CategoryTheory.IsConnected:docInfo (3.4s)
✔ [12789/19459] Built mathlib/Mathlib.Order.Filter.Ker:docInfo (2.6s)
✔ [12790/19459] Built mathlib/Mathlib.Order.UpperLower.Principal:docInfo (3.5s)
✔ [12791/19459] Built mathlib/Mathlib.CategoryTheory.ComposableArrows.Basic:docInfo (4.0s)
ℹ [12792/19459] Built mathlib/Mathlib.Tactic.Peel:docInfo (16s)
info: stdout:
WARNING: Failed to calculate equational lemmata for Mathlib.Tactic.Peel.peelArgsIff: (deterministic) timeout at `whnf`, maximum number of heartbeats (200000) has been reached

Note: Use `set_option maxHeartbeats <num>` to set the limit.(invalid MessageData.lazy, missing context)
✔ [12793/19459] Built mathlib/Mathlib.CategoryTheory.Quotient:docInfo (3.6s)
✔ [12794/19459] Built mathlib/Mathlib.Order.Fin.SuccAboveOrderIso:docInfo (2.0s)
✔ [12795/19459] Built mathlib/Mathlib.AlgebraicTopology.ModelCategory.CategoryWithCofibrations:docInfo (3.4s)
✔ [12796/19459] Built mathlib/Mathlib.Data.Real.Basic:docInfo (3.7s)
✔ [12797/19459] Built mathlib/Mathlib.Data.Finset.Update:docInfo (3.3s)
✔ [12798/19459] Built mathlib/Mathlib.Algebra.Order.Group.Pointwise.CompleteLattice:docInfo (2.5s)
✔ [12799/19459] Built mathlib/Mathlib.Algebra.Order.Monoid.Canonical.Basic:docInfo (3.6s)
✔ [12800/19459] Built mathlib/Mathlib.Algebra.Order.GroupWithZero.Finset:docInfo (3.6s)
✔ [12801/19459] Built mathlib/Mathlib.Algebra.Order.Ring.Finset:docInfo (3.7s)
✔ [12802/19459] Built mathlib/Mathlib.Algebra.Order.Field.Pi:docInfo (3.4s)
✔ [12803/19459] Built mathlib/Mathlib.Algebra.Order.Group.Action.Flag:docInfo (2.4s)
✔ [12804/19459] Built mathlib/Mathlib.Algebra.Order.Group.CompleteLattice:docInfo (2.5s)
✔ [12805/19459] Built mathlib/Mathlib.Data.Fin.SuccPredOrder:docInfo (3.3s)
✔ [12806/19459] Built mathlib/Mathlib.Order.Interval.Set.SuccOrder:docInfo (3.4s)
✔ [12807/19459] Built mathlib/Mathlib.Order.Shrink:docInfo (3.6s)
✔ [12808/19459] Built mathlib/Mathlib.CategoryTheory.Widesubcategory:docInfo (3.6s)
✔ [12809/19459] Built mathlib/Mathlib.CategoryTheory.FiberedCategory.BasedCategory:docInfo (3.1s)
✔ [12810/19459] Built mathlib/Mathlib.CategoryTheory.FiberedCategory.Cartesian:docInfo (3.2s)
✔ [12811/19459] Built mathlib/Mathlib.CategoryTheory.FiberedCategory.Cocartesian:docInfo (3.1s)
✔ [12812/19459] Built mathlib/Mathlib.CategoryTheory.FiberedCategory.Fiber:docInfo (3.2s)
✔ [12813/19459] Built mathlib/Mathlib.CategoryTheory.Groupoid.Basic:docInfo (3.4s)
✔ [12814/19459] Built mathlib/Mathlib.CategoryTheory.Groupoid.Discrete:docInfo (3.2s)
✔ [12815/19459] Built mathlib/Mathlib.CategoryTheory.ObjectProperty.InheritedFromHom:docInfo (3.4s)
✔ [12816/19459] Built mathlib/Mathlib.Data.Finset.Pairwise:docInfo (3.4s)
✔ [12817/19459] Built mathlib/Mathlib.Combinatorics.SetFamily.Compression.Down:docInfo (3.5s)
✔ [12818/19459] Built mathlib/Mathlib.Order.Irreducible:docInfo (3.7s)
✔ [12819/19459] Built mathlib/Mathlib.Computability.StateTransition:docInfo (3.3s)
✔ [12820/19459] Built mathlib/Mathlib.Data.Finset.PImage:docInfo (2.0s)
✔ [12821/19459] Built mathlib/Mathlib.Order.SemiconjSup:docInfo (2.6s)
✔ [12822/19459] Built mathlib/Mathlib.Dynamics.FixedPoints.Prufer:docInfo (3.2s)
✔ [12823/19459] Built mathlib/Mathlib.Order.Completion:docInfo (3.6s)
✔ [12824/19459] Built mathlib/Mathlib.Order.Nucleus:docInfo (3.1s)
✔ [12825/19459] Built mathlib/Mathlib.Order.ScottContinuity.Prod:docInfo (3.2s)
✔ [12826/19459] Built mathlib/Mathlib.Tactic.DeriveCountable:docInfo (2.3s)
✔ [12827/19459] Built mathlib/Mathlib.Tactic.NormNum.ModEq:docInfo (3.6s)
✔ [12828/19459] Built mathlib/Mathlib.Topology.MetricSpace.BundledFun:docInfo (3.7s)
✔ [12831/19464] Built mathlib/Mathlib.Algebra.BigOperators.Group.Finset.Basic:docInfo (3.0s)
✔ [12832/19464] Built mathlib/Mathlib.Order.SuccPred.Archimedean:docInfo (3.4s)
✔ [12833/19464] Built mathlib/Mathlib.Order.SuccPred.WithBot:docInfo (3.5s)
✔ [12834/19464] Built mathlib/Mathlib.Algebra.GroupWithZero.Action.Pointwise.Set:docInfo (3.4s)
✔ [12835/19464] Built mathlib/Mathlib.Algebra.Order.Group.Indicator:docInfo (2.6s)
✔ [12836/19464] Built mathlib/Mathlib.Order.Interval.Set.SuccPred:docInfo (3.4s)
✔ [12837/19464] Built mathlib/Mathlib.Order.Filter.Bases.Basic:docInfo (2.9s)
✔ [12909/19531] Built mathlib/Mathlib.Algebra.Order.Nonneg.Lattice:docInfo (2.7s)
✔ [12910/19531] Built mathlib/Mathlib.Tactic.Ring:docInfo (3.2s)
✔ [12911/19531] Built mathlib/Mathlib.Data.Fintype.EquivFin:docInfo (2.8s)
✔ [12912/19531] Built mathlib/Mathlib.Algebra.Group.Submonoid.Operations:docInfo (2.5s)
✔ [12913/19531] Built mathlib/Mathlib.Algebra.Group.Submonoid.MulOpposite:docInfo (2.3s)
✔ [12914/19531] Built mathlib/Mathlib.Logic.Encodable.Basic:docInfo (2.4s)
✔ [12915/19531] Built mathlib/Mathlib.Data.Finset.Powerset:docInfo (3.2s)
✔ [12916/19531] Built mathlib/Mathlib.Data.Finset.Sigma:docInfo (2.0s)
✔ [12917/19531] Built mathlib/Mathlib.Algebra.BigOperators.Option:docInfo (2.8s)
✔ [12918/19531] Built mathlib/Mathlib.Data.Countable.Basic:docInfo (2.4s)
✔ [12919/19531] Built mathlib/Mathlib.Algebra.Ring.Submonoid.Basic:docInfo (2.1s)
✔ [12920/19531] Built mathlib/Mathlib.Order.Atoms:docInfo (3.7s)
✔ [12921/19531] Built mathlib/Mathlib.Order.Filter.AtTopBot.Tendsto:docInfo (1.8s)
✔ [12922/19531] Built mathlib/Mathlib.Algebra.Group.Action.TransferInstance:docInfo (2.7s)
✔ [12923/19531] Built mathlib/Mathlib.Data.Fintype.Lattice:docInfo (2.6s)
✔ [12924/19531] Built mathlib/Mathlib.GroupTheory.DedekindFinite:docInfo (2.9s)
✔ [12925/19531] Built mathlib/Mathlib.Algebra.Order.Group.Finset:docInfo (2.8s)
✔ [12926/19531] Built mathlib/Mathlib.Algebra.Ring.TransferInstance:docInfo (2.7s)
✔ [12927/19531] Built mathlib/Mathlib.Order.Filter.Extr:docInfo (2.9s)
✔ [12928/19531] Built mathlib/Mathlib.Data.List.Sym:docInfo (2.9s)
✔ [12929/19531] Built mathlib/Mathlib.Data.Sym.Sym2.Order:docInfo (2.7s)
✔ [12930/19531] Built mathlib/Mathlib.CategoryTheory.Types.Basic:docInfo (3.1s)
✔ [12931/19531] Built mathlib/Mathlib.CategoryTheory.Conj:docInfo (2.9s)
✔ [12932/19531] Built mathlib/Mathlib.CategoryTheory.Balanced:docInfo (2.8s)
✔ [12933/19531] Built mathlib/Mathlib.CategoryTheory.Retract:docInfo (3.2s)
✔ [12934/19531] Built mathlib/Mathlib.Algebra.Group.TypeTags.Finite:docInfo (2.8s)
✔ [12935/19531] Built mathlib/Mathlib.CategoryTheory.Monad.Basic:docInfo (3.3s)
✔ [12936/19531] Built mathlib/Mathlib.Order.Filter.Prod:docInfo (2.4s)
✔ [12937/19531] Built mathlib/Mathlib.Order.Filter.AtTopBot.Map:docInfo (2.1s)
✔ [12938/19531] Built mathlib/Mathlib.Order.UpperLower.Closure:docInfo (3.2s)
✔ [12939/19531] Built mathlib/Mathlib.Tactic.LinearCombination:docInfo (3.4s)
✔ [12940/19531] Built mathlib/Mathlib.CategoryTheory.PathCategory.Basic:docInfo (3.3s)
✔ [12941/19531] Built mathlib/Mathlib.CategoryTheory.Center.Basic:docInfo (2.9s)
✔ [12942/19531] Built mathlib/Mathlib.Data.Fintype.Parity:docInfo (2.5s)
✔ [12943/19531] Built mathlib/Mathlib.Algebra.Group.Submonoid.Saturation:docInfo (3.1s)
✔ [12944/19531] Built mathlib/Mathlib.Algebra.GroupWithZero.TransferInstance:docInfo (3.0s)
✔ [12945/19531] Built mathlib/Mathlib.CategoryTheory.ComposableArrows.One:docInfo (2.8s)
✔ [12946/19531] Built mathlib/Mathlib.CategoryTheory.ComposableArrows.Two:docInfo (2.4s)
✔ [12947/19531] Built mathlib/Mathlib.CategoryTheory.ComposableArrows.Three:docInfo (2.4s)
✔ [12948/19531] Built mathlib/Mathlib.CategoryTheory.ComposableArrows.Four:docInfo (2.5s)
✔ [12949/19531] Built mathlib/Mathlib.Data.Multiset.Fintype:docInfo (3.0s)
✔ [12950/19531] Built mathlib/Mathlib.Data.Real.Star:docInfo (3.4s)
✔ [12951/19531] Built mathlib/Mathlib.Order.ConditionallyCompleteLattice.Group:docInfo (2.0s)
✔ [12952/19531] Built mathlib/Mathlib.Tactic.Bound:docInfo (3.2s)
✔ [12953/19531] Built mathlib/Mathlib.Order.Filter.Germ.Basic:docInfo (2.7s)
✔ [12954/19531] Built mathlib/Mathlib.Order.Filter.IndicatorFunction:docInfo (2.9s)
✔ [12955/19531] Built mathlib/Mathlib.Order.GameAdd:docInfo (2.4s)
✔ [12956/19531] Built mathlib/Mathlib.CategoryTheory.MorphismProperty.Quotient:docInfo (3.3s)
✔ [12957/19531] Built mathlib/Mathlib.Dynamics.BirkhoffSum.Basic:docInfo (3.0s)
✔ [12958/19531] Built mathlib/Mathlib.NumberTheory.Harmonic.Defs:docInfo (3.1s)
✔ [12959/19531] Built mathlib/Mathlib.CategoryTheory.ConnectedComponents:docInfo (2.0s)
✔ [12960/19531] Built mathlib/Mathlib.CategoryTheory.FiberedCategory.Fibered:docInfo (2.6s)
✔ [12961/19531] Built mathlib/Mathlib.Combinatorics.Graph.Basic:docInfo (2.6s)
✔ [12962/19531] Built mathlib/Mathlib.Combinatorics.SetFamily.Intersecting:docInfo (2.7s)
✔ [12963/19531] Built mathlib/Mathlib.Computability.TuringMachine.PostTuringMachine:docInfo (2.8s)
✔ [12964/19531] Built mathlib/Mathlib.Data.DList.Instances:docInfo (3.1s)
✔ [12965/19531] Built mathlib/Mathlib.Data.Fin.Pigeonhole:docInfo (2.7s)
✔ [12966/19531] Built mathlib/Mathlib.Data.Multiset.Functor:docInfo (3.2s)
✔ [12967/19531] Built mathlib/Mathlib.Data.Finset.Lattice.Pi:docInfo (2.0s)
✔ [12968/19531] Built mathlib/Mathlib.Data.Holor:docInfo (3.2s)
✔ [12969/19531] Built mathlib/Mathlib.Data.Nat.ChineseRemainder:docInfo (2.6s)
✔ [12970/19531] Built mathlib/Mathlib.Data.Real.Sign:docInfo (3.1s)
✔ [12971/19531] Built mathlib/Mathlib.GroupTheory.Subsemigroup.Lemmas:docInfo (2.2s)
✔ [12972/19531] Built mathlib/Mathlib.RingTheory.Prime:docInfo (3.2s)
✔ [12973/19531] Built mathlib/Mathlib.Order.Filter.ListTraverse:docInfo (3.1s)
✔ [12974/19531] Built mathlib/Mathlib.Order.Filter.Partial:docInfo (2.2s)
✔ [12975/19531] Built mathlib/Mathlib.Order.ScottContinuity.Complete:docInfo (2.7s)
✔ [12976/19531] Built mathlib/Mathlib.Order.UpperLower.Hom:docInfo (2.6s)
✔ [12977/19531] Built mathlib/Mathlib.Tactic.ComputeAsymptotics.Multiseries.Monomial.Predicates:docInfo (3.1s)
✔ [13062/19615] Built mathlib/Mathlib.Algebra.Order.Nonneg.Ring:docInfo (3.0s)
✔ [13063/19615] Built mathlib/Mathlib.Data.Fintype.Prod:docInfo (2.9s)
✔ [13064/19615] Built mathlib/Mathlib.Algebra.Group.Subgroup.Lattice:docInfo (3.1s)
✔ [13065/19615] Built mathlib/Mathlib.Algebra.Group.Subgroup.MulOpposite:docInfo (3.1s)
✔ [13066/19615] Built mathlib/Mathlib.Algebra.Group.Submonoid.Membership:docInfo (3.5s)
✔ [13067/19615] Built mathlib/Mathlib.GroupTheory.Submonoid.Center:docInfo (2.2s)
✔ [13068/19615] Built mathlib/Mathlib.Data.Finset.NoncommProd:docInfo (3.6s)
✔ [13069/19615] Built mathlib/Mathlib.GroupTheory.MonoidLocalization.Basic:docInfo (3.8s)
✔ [13070/19615] Built mathlib/Mathlib.Order.SuccPred.Limit:docInfo (3.0s)
✔ [13071/19615] Built mathlib/Mathlib.Algebra.BigOperators.Group.Finset.Piecewise:docInfo (3.5s)
✔ [13072/19615] Built mathlib/Mathlib.Algebra.BigOperators.Group.Finset.Sigma:docInfo (3.5s)
✔ [13073/19615] Built mathlib/Mathlib.Data.Fintype.Sigma:docInfo (3.6s)
✔ [13074/19615] Built mathlib/Mathlib.Data.Fintype.Sum:docInfo (2.0s)
✔ [13075/19615] Built mathlib/Mathlib.Algebra.BigOperators.Group.Finset.Lemmas:docInfo (3.2s)
✔ [13076/19615] Built mathlib/Mathlib.Algebra.BigOperators.GroupWithZero.Finset:docInfo (2.9s)
✔ [13077/19615] Built mathlib/Mathlib.Algebra.Order.BigOperators.GroupWithZero.Finset:docInfo (3.6s)
✔ [13078/19615] Built mathlib/Mathlib.Algebra.Group.Submonoid.Finite:docInfo (2.8s)
✔ [13079/19615] Built mathlib/Mathlib.GroupTheory.Congruence.Basic:docInfo (2.2s)
✔ [13080/19615] Built mathlib/Mathlib.Data.Fintype.Pigeonhole:docInfo (2.9s)
✔ [13081/19615] Built mathlib/Mathlib.Order.Filter.AtTopBot.Basic:docInfo (2.2s)
✔ [13082/19615] Built mathlib/Mathlib.Algebra.Group.Shrink:docInfo (3.5s)
✔ [13083/19615] Built mathlib/Mathlib.Algebra.GroupWithZero.Action.TransferInstance:docInfo (3.3s)
✔ [13084/19615] Built mathlib/Mathlib.Data.Finset.Sort:docInfo (3.4s)
✔ [13085/19615] Built mathlib/Mathlib.RingTheory.Coprime.Basic:docInfo (3.5s)
✔ [13086/19615] Built mathlib/Mathlib.Algebra.BigOperators.Group.Finset.Indicator:docInfo (3.0s)
✔ [13087/19615] Built mathlib/Mathlib.Algebra.Group.EvenFunction:docInfo (2.0s)
✔ [13088/19615] Built mathlib/Mathlib.Data.Multiset.Sym:docInfo (3.4s)
✔ [13089/19615] Built mathlib/Mathlib.CategoryTheory.ConcreteCategory.Forget:docInfo (2.9s)
✔ [13090/19615] Built mathlib/Mathlib.CategoryTheory.Functor.Hom:docInfo (2.6s)
✔ [13091/19615] Built mathlib/Mathlib.CategoryTheory.Category.Cat:docInfo (3.5s)
✔ [13092/19615] Built mathlib/Mathlib.CategoryTheory.LiftingProperties.Basic:docInfo (3.5s)
✔ [13093/19615] Built mathlib/Mathlib.Tactic.Group:docInfo (3.5s)
✔ [13094/19615] Built mathlib/Mathlib.CategoryTheory.Limits.Types.ColimitType:docInfo (3.3s)
✔ [13095/19615] Built mathlib/Mathlib.Algebra.Ring.BooleanRing:docInfo (3.6s)
✔ [13096/19615] Built mathlib/Mathlib.Order.Filter.Lift:docInfo (2.3s)
✔ [13097/19615] Built mathlib/Mathlib.Order.Filter.Curry:docInfo (2.1s)
✔ [13098/19615] Built mathlib/Mathlib.Order.Filter.NAry:docInfo (2.3s)
✔ [13099/19615] Built mathlib/Mathlib.Order.ZornAtoms:docInfo (3.3s)
✔ [13100/19615] Built mathlib/Mathlib.Order.SuccPred.Relation:docInfo (2.9s)
✔ [13101/19615] Built mathlib/Mathlib.CategoryTheory.MorphismProperty.Retract:docInfo (3.1s)
✔ [13102/19615] Built mathlib/Mathlib.Order.Filter.AtTopBot.Monoid:docInfo (2.0s)
✔ [13103/19615] Built mathlib/Mathlib.Order.Filter.AtTopBot.CompleteLattice:docInfo (2.1s)
✔ [13104/19615] Built mathlib/Mathlib.Algebra.Ring.Action.Pointwise.Set:docInfo (3.3s)
✔ [13105/19615] Built mathlib/Mathlib.CategoryTheory.PathCategory.MorphismProperty:docInfo (3.4s)
✔ [13106/19615] Built mathlib/Mathlib.Algebra.GradedMonoid:docInfo (3.0s)
✔ [13107/19615] Built mathlib/Mathlib.CategoryTheory.Subfunctor.Basic:docInfo (3.3s)
✔ [13108/19615] Built mathlib/Mathlib.Algebra.Field.TransferInstance:docInfo (3.4s)
✔ [13109/19615] Built mathlib/Mathlib.Algebra.GroupWithZero.Submonoid.Instances:docInfo (2.5s)
✔ [13110/19615] Built mathlib/Mathlib.Logic.Encodable.Lattice:docInfo (2.9s)
✔ [13111/19615] Built mathlib/Mathlib.Data.Rat.Encodable:docInfo (2.9s)
✔ [13112/19615] Built mathlib/Mathlib.Order.Interval.Set.Monotone:docInfo (3.2s)
✔ [13113/19615] Built mathlib/Mathlib.Data.Complex.Basic:docInfo (3.7s)
ℹ [13114/19615] Built mathlib/Mathlib.Tactic.NormNum.BigOperators:docInfo (3.2s)
info: stdout:
WARNING: Failed to calculate equational lemmata for Mathlib.Meta.NormNum.Result.eq_trans: failed
✔ [13115/19615] Built mathlib/Mathlib.Data.Nat.Factorial.DoubleFactorial:docInfo (3.7s)
✔ [13116/19615] Built mathlib/Mathlib.Algebra.Order.Hom.Submonoid:docInfo (2.5s)
✔ [13117/19615] Built mathlib/Mathlib.Algebra.Order.SuccPred.TypeTags:docInfo (3.2s)
✔ [13118/19615] Built mathlib/Mathlib.Algebra.Order.UpperLower:docInfo (3.4s)
✔ [13119/19615] Built mathlib/Mathlib.Algebra.PresentedMonoid.Basic:docInfo (3.2s)
✔ [13120/19615] Built mathlib/Mathlib.Algebra.Ring.Identities:docInfo (3.5s)
✔ [13121/19615] Built mathlib/Mathlib.Algebra.Star.TransferInstance:docInfo (3.6s)
✔ [13122/19615] Built mathlib/Mathlib.CategoryTheory.Types.Set:docInfo (3.3s)
✔ [13123/19615] Built mathlib/Mathlib.Data.Set.Pointwise.Support:docInfo (3.2s)
✔ [13124/19615] Built mathlib/Mathlib.Order.Filter.Germ.OrderedMonoid:docInfo (2.9s)
✔ [13125/19615] Built mathlib/Mathlib.Order.SuccPred.IntervalSucc:docInfo (3.0s)
✔ [13126/19615] Built mathlib/Mathlib.CategoryTheory.Core:docInfo (3.6s)
✔ [13127/19615] Built mathlib/Mathlib.CategoryTheory.Category.RelCat:docInfo (2.0s)
✔ [13128/19615] Built mathlib/Mathlib.CategoryTheory.FiberedCategory.HasFibers:docInfo (3.1s)
✔ [13129/19615] Built mathlib/Mathlib.CategoryTheory.Groupoid.FreeGroupoid:docInfo (3.6s)
✔ [13130/19615] Built mathlib/Mathlib.CategoryTheory.Groupoid.VertexGroup:docInfo (3.4s)
✔ [13131/19615] Built mathlib/Mathlib.CategoryTheory.UnivLE:docInfo (3.3s)
✔ [13132/19615] Built mathlib/Mathlib.Combinatorics.Graph.Subgraph:docInfo (3.1s)
✔ [13133/19615] Built mathlib/Mathlib.Computability.PostTuringMachine:docInfo (3.1s)
✔ [13134/19615] Built mathlib/Mathlib.Control.Fold:docInfo (3.5s)
✔ [13135/19615] Built mathlib/Mathlib.Data.FinEnum:docInfo (3.0s)
✔ [13136/19615] Built mathlib/Mathlib.Data.Finmap:docInfo (3.5s)
✔ [13137/19615] Built mathlib/Mathlib.Data.Finset.PiInduction:docInfo (3.3s)
✔ [13138/19615] Built mathlib/Mathlib.Data.NNRat.Encodable:docInfo (2.0s)
✔ [13139/19615] Built mathlib/Mathlib.Data.PNat.Xgcd:docInfo (3.4s)
✔ [13140/19615] Built mathlib/Mathlib.Order.Radical:docInfo (3.1s)
✔ [13141/19615] Built mathlib/Mathlib.Logic.Godel.GodelBetaFunction:docInfo (3.5s)
✔ [13142/19615] Built mathlib/Mathlib.Order.SuccPred.Tree:docInfo (3.3s)
✔ [13143/19615] Built mathlib/Mathlib.Order.UpperLower.Prod:docInfo (3.4s)
✔ [13144/19615] Built mathlib/Mathlib.Tactic.DeriveEncodable:docInfo (3.1s)
✔ [13145/19615] Built mathlib/Mathlib.Tactic.LinearCombinationPrime:docInfo (3.5s)
✔ [13203/19671] Built mathlib/Mathlib.Data.Set.Finite.Basic:docInfo (3.3s)
✔ [13204/19671] Built mathlib/Mathlib.Logic.Denumerable:docInfo (3.3s)
✔ [13205/19671] Built mathlib/Mathlib.Data.Set.Finite.Range:docInfo (3.2s)
✔ [13206/19671] Built mathlib/Mathlib.Data.Fintype.Option:docInfo (3.3s)
✔ [13207/19671] Built mathlib/Mathlib.Data.Finite.Set:docInfo (3.2s)
✔ [13208/19671] Built mathlib/Mathlib.Data.ZMod.Defs:docInfo (3.2s)
✔ [13209/19671] Built mathlib/Mathlib.Algebra.BigOperators.WithTop:docInfo (3.3s)
✔ [13210/19671] Built mathlib/Mathlib.CategoryTheory.FinCategory.Basic:docInfo (3.3s)
✔ [13211/19671] Built mathlib/Mathlib.GroupTheory.Perm.Support:docInfo (3.3s)
✔ [13212/19671] Built mathlib/Mathlib.Logic.Equiv.Fintype:docInfo (3.2s)
✔ [13213/19671] Built mathlib/Mathlib.Data.Fintype.Perm:docInfo (3.3s)
✔ [13214/19671] Built mathlib/Mathlib.Order.Filter.SmallSets:docInfo (2.1s)
✔ [13215/19671] Built mathlib/Mathlib.Order.Filter.Ultrafilter.Defs:docInfo (3.1s)
✔ [13216/19671] Built mathlib/Mathlib.Order.TransfiniteIteration:docInfo (3.1s)
✔ [13217/19671] Built mathlib/Mathlib.Data.Fintype.Shrink:docInfo (3.1s)
✔ [13218/19671] Built mathlib/Mathlib.Algebra.CharZero.Infinite:docInfo (3.3s)
✔ [13219/19671] Built mathlib/Mathlib.Algebra.GradedMulAction:docInfo (3.6s)
✔ [13220/19671] Built mathlib/Mathlib.Order.Interval.Set.Limit:docInfo (3.0s)
✔ [13221/19671] Built mathlib/Mathlib.CategoryTheory.SmallObject.WellOrderInductionData:docInfo (3.2s)
✔ [13222/19671] Built mathlib/Mathlib.Dynamics.BirkhoffSum.Average:docInfo (3.5s)
✔ [13223/19671] Built mathlib/Mathlib.GroupTheory.MonoidLocalization.Lemmas:docInfo (3.0s)
✔ [13224/19671] Built mathlib/Mathlib.GroupTheory.MonoidLocalization.Order:docInfo (2.0s)
✔ [13225/19672] Built mathlib/Mathlib.Algebra.Order.Nonneg.Field:docInfo (3.1s)
✔ [13226/19672] Built mathlib/Mathlib.Algebra.Group.Subgroup.Map:docInfo (3.3s)
✔ [13227/19672] Built mathlib/Mathlib.GroupTheory.Submonoid.Centralizer:docInfo (1.0s)
✔ [13228/19672] Built mathlib/Mathlib.Algebra.Group.Submonoid.BigOperators:docInfo (3.3s)
✔ [13229/19672] Built mathlib/Mathlib.GroupTheory.Coset.Defs:docInfo (3.1s)
✔ [13230/19672] Built mathlib/Mathlib.GroupTheory.MonoidLocalization.Maps:docInfo (3.1s)
✔ [13231/19672] Built mathlib/Mathlib.Algebra.Order.SuccPred:docInfo (3.4s)
✔ [13232/19672] Built mathlib/Mathlib.Data.Fintype.Powerset:docInfo (3.1s)
✔ [13233/19672] Built mathlib/Mathlib.Order.SuccPred.CompleteLinearOrder:docInfo (3.2s)
✔ [13234/19672] Built mathlib/Mathlib.Algebra.BigOperators.Pi:docInfo (3.3s)
✔ [13235/19672] Built mathlib/Mathlib.Algebra.Module.Congruence.Defs:docInfo (3.2s)
✔ [13236/19672] Built mathlib/Mathlib.Order.SuccPred.InitialSeg:docInfo (3.1s)
✔ [13237/19672] Built mathlib/Mathlib.Algebra.Group.Pointwise.Set.BigOperators:docInfo (3.2s)
✔ [13238/19672] Built mathlib/Mathlib.Data.Fintype.List:docInfo (2.9s)
✔ [13239/19672] Built mathlib/Mathlib.Order.DirectedInverseSystem:docInfo (3.4s)
✔ [13240/19672] Built mathlib/Mathlib.Data.NNRat.Order:docInfo (3.1s)
✔ [13241/19672] Built mathlib/Mathlib.Algebra.BigOperators.Group.Finset.Powerset:docInfo (3.3s)
✔ [13242/19672] Built mathlib/Mathlib.CategoryTheory.ConcreteCategory.ReflectsIso:docInfo (3.1s)
✔ [13243/19672] Built mathlib/Mathlib.Algebra.Category.MonCat.Basic:docInfo (3.5s)
✔ [13244/19672] Built mathlib/Mathlib.CategoryTheory.Yoneda:docInfo (3.7s)
✔ [13245/19672] Built mathlib/Mathlib.CategoryTheory.IsomorphismClasses:docInfo (2.9s)
✔ [13246/19672] Built mathlib/Mathlib.CategoryTheory.Limits.Shapes.StrongEpi:docInfo (3.2s)
✔ [13247/19672] Built mathlib/Mathlib.Order.Category.Preord:docInfo (3.1s)
✔ [13248/19672] Built mathlib/Mathlib.Tactic.CategoryTheory.ToApp:docInfo (3.0s)
✔ [13249/19672] Built mathlib/Mathlib.CategoryTheory.Category.Cat.AsSmall:docInfo (3.0s)
✔ [13250/19672] Built mathlib/Mathlib.CategoryTheory.MorphismProperty.Concrete:docInfo (3.2s)
✔ [13251/19672] Built mathlib/Mathlib.Order.Filter.AtTopBot.Prod:docInfo (3.3s)
✔ [13252/19672] Built mathlib/Mathlib.Order.Filter.AtTopBot.Group:docInfo (2.4s)
✔ [13253/19672] Built mathlib/Mathlib.Algebra.Category.Semigrp.Basic:docInfo (3.3s)
✔ [13254/19672] Built mathlib/Mathlib.Order.Filter.AtTopBot.ModEq:docInfo (3.3s)
✔ [13255/19672] Built mathlib/Mathlib.Combinatorics.Quiver.ReflQuiver:docInfo (3.2s)
✔ [13256/19672] Built mathlib/Mathlib.Order.Filter.Ring:docInfo (3.2s)
✔ [13257/19672] Built mathlib/Mathlib.CategoryTheory.Category.Cat.Op:docInfo (3.1s)
✔ [13258/19672] Built mathlib/Mathlib.CategoryTheory.Groupoid.Subgroupoid:docInfo (3.4s)
✔ [13259/19672] Built mathlib/Mathlib.Combinatorics.Graph.Maps:docInfo (3.4s)
✔ [13324/19736] Built mathlib/Mathlib.Algebra.Order.Field.Rat:docInfo (3.4s)
✔ [13325/19736] Built mathlib/Mathlib.Data.Fintype.Pi:docInfo (3.2s)
✔ [13326/19736] Built mathlib/Mathlib.Data.Set.Finite.Powerset:docInfo (2.9s)
✔ [13327/19736] Built mathlib/Mathlib.Data.Finset.Preimage:docInfo (3.1s)
✔ [13328/19736] Built mathlib/Mathlib.Order.Preorder.Finite:docInfo (3.0s)
✔ [13329/19736] Built mathlib/Mathlib.GroupTheory.MonoidLocalization.GrothendieckGroup:docInfo (3.5s)
✔ [13330/19736] Built mathlib/Mathlib.Data.Nat.SuccPred:docInfo (3.2s)
✔ [13331/19736] Built mathlib/Mathlib.Logic.Equiv.List:docInfo (3.1s)
✔ [13332/19736] Built mathlib/Mathlib.SetTheory.Cardinal.Order:docInfo (3.4s)
✔ [13333/19736] Built mathlib/Mathlib.RingTheory.NonUnitalSubsemiring.Basic:docInfo (3.7s)
✔ [13334/19736] Built mathlib/Mathlib.Algebra.GroupWithZero.NonZeroDivisors:docInfo (3.3s)
✔ [13335/19736] Built mathlib/Mathlib.Order.SupIndep:docInfo (3.2s)
✔ [13336/19736] Built mathlib/Mathlib.Algebra.FiniteSupport.Defs:docInfo (3.3s)
✔ [13337/19736] Built mathlib/Mathlib.Algebra.Order.BigOperators.Group.Finset:docInfo (3.6s)
✔ [13338/19736] Built mathlib/Mathlib.Algebra.Module.TransferInstance:docInfo (3.3s)
✔ [13339/19736] Built mathlib/Mathlib.Data.Set.Finite.Lemmas:docInfo (3.1s)
✔ [13340/19736] Built mathlib/Mathlib.Order.IsNormal:docInfo (3.1s)
✔ [13341/19736] Built mathlib/Mathlib.Data.DFinsupp.Defs:docInfo (3.6s)
✔ [13342/19736] Built mathlib/Mathlib.RingTheory.UniqueFactorizationDomain.Defs:docInfo (3.2s)
✔ [13343/19736] Built mathlib/Mathlib.Data.Finite.Sum:docInfo (3.1s)
✔ [13344/19736] Built mathlib/Mathlib.Algebra.Ring.Shrink:docInfo (3.4s)
✔ [13345/19736] Built mathlib/Mathlib.Algebra.Star.Pointwise:docInfo (3.3s)
✔ [13346/19736] Built mathlib/Mathlib.Algebra.Order.Star.Basic:docInfo (3.3s)
✔ [13347/19736] Built mathlib/Mathlib.Data.List.Cycle:docInfo (3.4s)
✔ [13348/19736] Built mathlib/Mathlib.Data.Finite.Sigma:docInfo (3.3s)
✔ [13349/19736] Built mathlib/Mathlib.Order.Interval.Set.Infinite:docInfo (3.1s)
✔ [13350/19736] Built mathlib/Mathlib.Order.Interval.Finset.Gaps:docInfo (3.0s)
✔ [13351/19736] Built mathlib/Mathlib.CategoryTheory.FinCategory.AsType:docInfo (3.3s)
✔ [13352/19736] Built mathlib/Mathlib.GroupTheory.Perm.List:docInfo (3.3s)
✔ [13353/19736] Built mathlib/Mathlib.GroupTheory.Perm.Sign:docInfo (3.5s)
✔ [13354/19736] Built mathlib/Mathlib.GroupTheory.MonoidLocalization.Away:docInfo (3.2s)
✔ [13355/19736] Built mathlib/Mathlib.Topology.Basic:docInfo (3.2s)
✔ [13356/19736] Built mathlib/Mathlib.Order.Filter.Pointwise:docInfo (3.5s)
✔ [13357/19736] Built mathlib/Mathlib.Topology.Defs.Ultrafilter:docInfo (3.0s)
✔ [13358/19736] Built mathlib/Mathlib.Data.Nat.Count:docInfo (3.2s)
✔ [13359/19736] Built mathlib/Mathlib.Order.Filter.AtTopBot.Ring:docInfo (2.6s)
✔ [13360/19736] Built mathlib/Mathlib.Algebra.Order.SuccPred.WithBot:docInfo (3.3s)
✔ [13361/19736] Built mathlib/Mathlib.Order.Ideal:docInfo (3.3s)
✔ [13362/19736] Built mathlib/Mathlib.Data.SetLike.Fintype:docInfo (3.0s)
✔ [13363/19736] Built mathlib/Mathlib.Data.Fintype.Sort:docInfo (3.1s)
✔ [13364/19736] Built mathlib/Mathlib.Algebra.Field.Shrink:docInfo (3.2s)
✔ [13365/19736] Built mathlib/Mathlib.Algebra.Group.Action.Pointwise.Set.Finite:docInfo (3.2s)
✔ [13366/19736] Built mathlib/Mathlib.Algebra.Group.Translate:docInfo (3.2s)
✔ [13367/19736] Built mathlib/Mathlib.Algebra.GroupWithZero.Shrink:docInfo (3.2s)
✔ [13368/19736] Built mathlib/Mathlib.Data.Fin.Parity:docInfo (3.3s)
✔ [13369/19736] Built mathlib/Mathlib.Algebra.Order.Rearrangement:docInfo (3.5s)
✔ [13370/19736] Built mathlib/Mathlib.Algebra.Order.Interval.Set.SuccPred:docInfo (3.2s)
✔ [13371/19736] Built mathlib/Mathlib.Algebra.Star.Conjneg:docInfo (3.2s)
✔ [13372/19736] Built mathlib/Mathlib.Algebra.Quandle:docInfo (3.7s)
✔ [13373/19736] Built mathlib/Mathlib.Combinatorics.Hall.Finite:docInfo (3.2s)
✔ [13374/19736] Built mathlib/Mathlib.Combinatorics.Graph.Delete:docInfo (3.5s)
✔ [13375/19736] Built mathlib/Mathlib.Combinatorics.Graph.Lattice:docInfo (3.4s)
✔ [13376/19736] Built mathlib/Mathlib.Combinatorics.SetFamily.HarrisKleitman:docInfo (3.1s)
✔ [13377/19736] Built mathlib/Mathlib.Computability.Primrec.Basic:docInfo (3.4s)
✔ [13378/19736] Built mathlib/Mathlib.Computability.Language:docInfo (3.5s)
✔ [13379/19736] Built mathlib/Mathlib.Data.BitVec:docInfo (3.2s)
✔ [13380/19736] Built mathlib/Mathlib.Data.FinEnum.Option:docInfo (3.3s)
✔ [13381/19736] Built mathlib/Mathlib.Data.Finset.DenselyOrdered:docInfo (3.1s)
✔ [13382/19736] Built mathlib/Mathlib.Data.Fintype.WithTopBot:docInfo (3.2s)
✔ [13383/19736] Built mathlib/Mathlib.Data.PNat.Order:docInfo (3.3s)
✔ [13384/19736] Built mathlib/Mathlib.Data.Rat.Denumerable:docInfo (3.3s)
✔ [13385/19736] Built mathlib/Mathlib.GroupTheory.MonoidLocalization.DivPairs:docInfo (3.1s)
✔ [13386/19736] Built mathlib/Mathlib.Order.Circular.ZMod:docInfo (3.3s)
✔ [13387/19736] Built mathlib/Mathlib.RingTheory.FilteredAlgebra.Basic:docInfo (3.6s)
✔ [13446/19794] Built mathlib/Mathlib.Data.Rat.Cast.Lemmas:docInfo (3.6s)
✔ [13447/19794] Built mathlib/Mathlib.Data.Finite.Prod:docInfo (3.2s)
✔ [13448/19794] Built mathlib/Mathlib.Algebra.Group.Subgroup.Ker:docInfo (3.7s)
✔ [13449/19794] Built mathlib/Mathlib.Algebra.Group.Subgroup.ZPowers.Basic:docInfo (3.5s)
✔ [13450/19794] Built mathlib/Mathlib.Data.Set.Finite.Lattice:docInfo (3.2s)
✔ [13451/19794] Built mathlib/Mathlib.Order.Interval.Finset.Defs:docInfo (3.2s)
✔ [13452/19794] Built mathlib/Mathlib.Data.Set.Countable:docInfo (3.7s)
✔ [13453/19794] Built mathlib/Mathlib.Algebra.Ring.Subsemiring.Basic:docInfo (3.7s)
✔ [13454/19794] Built mathlib/Mathlib.Algebra.BigOperators.Group.Finset.Pi:docInfo (3.5s)
✔ [13455/19794] Built mathlib/Mathlib.Data.Finsupp.Defs:docInfo (3.7s)
✔ [13456/19794] Built mathlib/Mathlib.Algebra.BigOperators.Group.Finset.Preimage:docInfo (2.9s)
✔ [13457/19794] Built mathlib/Mathlib.Algebra.Notation.FiniteSupport:docInfo (3.4s)
✔ [13458/19794] Built mathlib/Mathlib.Algebra.Module.Shrink:docInfo (3.2s)
✔ [13459/19794] Built mathlib/Mathlib.Data.DFinsupp.Ext:docInfo (3.7s)
✔ [13460/19794] Built mathlib/Mathlib.Algebra.Ring.NonZeroDivisors:docInfo (3.2s)
✔ [13461/19794] Built mathlib/Mathlib.GroupTheory.MonoidLocalization.MonoidWithZero:docInfo (3.3s)
✔ [13462/19794] Built mathlib/Mathlib.RingTheory.OreLocalization.NonZeroDivisors:docInfo (3.3s)
✔ [13463/19794] Built mathlib/Mathlib.Algebra.Star.Center:docInfo (3.7s)
✔ [13464/19794] Built mathlib/Mathlib.GroupTheory.GroupAction.Basic:docInfo (3.2s)
✔ [13465/19794] Built mathlib/Mathlib.Algebra.BigOperators.Group.Finset.Gaps:docInfo (3.0s)
✔ [13466/19794] Built mathlib/Mathlib.Algebra.Category.Grp.Basic:docInfo (3.5s)
✔ [13467/19794] Built mathlib/Mathlib.CategoryTheory.Adjunction.Basic:docInfo (3.7s)
✔ [13468/19794] Built mathlib/Mathlib.CategoryTheory.Limits.Cones:docInfo (4.6s)
✔ [13469/19794] Built mathlib/Mathlib.Algebra.Category.MonCat.ForgetCorepresentable:docInfo (3.1s)
✔ [13470/19794] Built mathlib/Mathlib.CategoryTheory.Bicategory.Functor.Oplax:docInfo (3.7s)
✔ [13471/19794] Built mathlib/Mathlib.CategoryTheory.Bicategory.Functor.Lax:docInfo (3.6s)
✔ [13472/19794] Built mathlib/Mathlib.CategoryTheory.ConcreteCategory.Representable:docInfo (3.2s)
✔ [13473/19794] Built mathlib/Mathlib.Algebra.WithConv:docInfo (3.2s)
✔ [13474/19794] Built mathlib/Mathlib.Topology.Closure:docInfo (3.8s)
✔ [13475/19794] Built mathlib/Mathlib.Topology.Defs.Induced:docInfo (3.6s)
✔ [13476/19794] Built mathlib/Mathlib.CategoryTheory.SingleObj:docInfo (3.4s)
✔ [13477/19794] Built mathlib/Mathlib.Logic.Equiv.Multiset:docInfo (2.9s)
✔ [13478/19794] Built mathlib/Mathlib.Algebra.Category.MonCat.Yoneda:docInfo (3.2s)
✔ [13479/19794] Built mathlib/Mathlib.Data.Int.Star:docInfo (3.2s)
✔ [13480/19794] Built mathlib/Mathlib.Algebra.Order.Ring.Star:docInfo (3.3s)
✔ [13481/19794] Built mathlib/Mathlib.Data.Fin.Tuple.Finset:docInfo (3.2s)
ℹ [13482/19794] Built mathlib/Mathlib.Algebra.Order.Interval.Basic:docInfo (3.6s)
info: stdout:
WARNING: Failed to calculate equational lemmata for Mathlib.Meta.Positivity.evalIntervalLength: unquoteExpr: __result.2.1 : Lean.Expr
WARNING: Failed to calculate equational lemmata for Mathlib.Meta.Positivity.evalNonemptyIntervalLength: unquoteExpr: __result.2.1 : Lean.Expr
✔ [13483/19794] Built mathlib/Mathlib.Algebra.Order.Monoid.PNat:docInfo (3.3s)
✔ [13484/19794] Built mathlib/Mathlib.Algebra.Order.Star.Pi:docInfo (3.3s)
✔ [13485/19794] Built mathlib/Mathlib.Algebra.Order.Star.Prod:docInfo (3.2s)
✔ [13486/19794] Built mathlib/Mathlib.Order.Filter.FilterProduct:docInfo (3.5s)
✔ [13487/19794] Built mathlib/Mathlib.CategoryTheory.Profunctor.Basic:docInfo (3.4s)
✔ [13488/19794] Built mathlib/Mathlib.CategoryTheory.RepresentedBy:docInfo (3.4s)
✔ [13489/19794] Built mathlib/Mathlib.Data.Set.Equitable:docInfo (3.2s)
✔ [13490/19794] Built mathlib/Mathlib.Order.Partition.Finpartition:docInfo (3.7s)
✔ [13491/19794] Built mathlib/Mathlib.Combinatorics.Additive.Dissociation:docInfo (3.8s)
✔ [13492/19794] Built mathlib/Mathlib.Combinatorics.Digraph.Basic:docInfo (3.6s)
✔ [13493/19794] Built mathlib/Mathlib.Combinatorics.Young.YoungDiagram:docInfo (3.1s)
✔ [13494/19794] Built mathlib/Mathlib.Computability.ContextFreeGrammar:docInfo (3.3s)
✔ [13495/19794] Built mathlib/Mathlib.Computability.RegularExpressions:docInfo (3.2s)
✔ [13496/19794] Built mathlib/Mathlib.Computability.TuringMachine.StackTuringMachine:docInfo (3.6s)
✔ [13497/19794] Built mathlib/Mathlib.Data.NNRat.BigOperators:docInfo (3.5s)
✔ [13498/19794] Built mathlib/Mathlib.Data.Rat.Star:docInfo (3.2s)
✔ [13499/19794] Built mathlib/Mathlib.Data.UInt:docInfo (3.2s)
✔ [13500/19794] Built mathlib/Mathlib.Logic.Equiv.Array:docInfo (2.0s)
✔ [13501/19794] Built mathlib/Mathlib.Order.CountableDenseLinearOrder:docInfo (3.3s)
✔ [13502/19794] Built mathlib/Mathlib.Order.PFilter:docInfo (3.4s)
✔ [13503/19794] Built mathlib/Mathlib.Order.Partition.Basic:docInfo (3.3s)
✔ [13583/19873] Built mathlib/Mathlib.CategoryTheory.Bicategory.NaturalTransformation.Oplax:docInfo (3.7s)
✔ [13584/19873] Built mathlib/Mathlib.CategoryTheory.Bicategory.NaturalTransformation.Lax:docInfo (3.6s)
✔ [13585/19873] Built mathlib/Mathlib.CategoryTheory.Category.Cat.Adjunction:docInfo (3.1s)
✔ [13586/19873] Built mathlib/Mathlib.CategoryTheory.CodiscreteCategory:docInfo (3.0s)
✔ [13587/19873] Built mathlib/Mathlib.CategoryTheory.Monad.Kleisli:docInfo (3.2s)
✔ [13588/19873] Built mathlib/Mathlib.Combinatorics.SetFamily.Kleitman:docInfo (4.1s)
✔ [13589/19873] Built mathlib/Mathlib.Combinatorics.Tiling.Tile:docInfo (3.2s)
✔ [13590/19873] Built mathlib/Mathlib.Data.DFinsupp.FiniteInfinite:docInfo (3.0s)
✔ [13591/19873] Built mathlib/Mathlib.Data.NNRat.Lemmas:docInfo (3.3s)
✔ [13592/19873] Built mathlib/Mathlib.Data.Rat.Cast.OfScientific:docInfo (3.3s)
✔ [13593/19873] Built mathlib/Mathlib.GroupTheory.Coprod.Basic:docInfo (3.7s)
✔ [13594/19873] Built mathlib/Mathlib.GroupTheory.NoncommCoprod:docInfo (3.1s)
✔ [13595/19873] Built mathlib/Mathlib.GroupTheory.Subgroup.Saturated:docInfo (3.1s)
✔ [13596/19873] Built mathlib/Mathlib.Order.Monotone.MonovaryOrder:docInfo (3.0s)
✔ [13597/19873] Built mathlib/Mathlib.Order.TeichmullerTukey:docInfo (3.0s)
✔ [13598/19873] Built mathlib/Mathlib.Order.Types.Arithmetic:docInfo (4.2s)
✔ [13599/19873] Built mathlib/Mathlib.RingTheory.LocalRing.Subring:docInfo (3.2s)
ℹ [13601/19874] Built mathlib/Mathlib.Data.Rat.Cast.Order:docInfo (3.5s)
info: stdout:
WARNING: Failed to calculate equational lemmata for Mathlib.Meta.Positivity.evalNNRatCast: failed
WARNING: Failed to calculate equational lemmata for Mathlib.Meta.Positivity.evalRatCast: failed
✔ [13602/19874] Built mathlib/Mathlib.Tactic.NormNum.OfScientific:docInfo (3.2s)
✔ [13603/19874] Built mathlib/Mathlib.Algebra.Group.Subgroup.Basic:docInfo (3.4s)
✔ [13604/19874] Built mathlib/Mathlib.Order.ConditionallyCompleteLattice.Finset:docInfo (3.3s)
✔ [13605/19874] Built mathlib/Mathlib.Order.Interval.Finset.Basic:docInfo (3.7s)
✔ [13606/19874] Built mathlib/Mathlib.GroupTheory.FreeGroup.Basic:docInfo (3.4s)
✔ [13607/19874] Built mathlib/Mathlib.GroupTheory.QuotientGroup.Defs:docInfo (3.4s)
✔ [13608/19874] Built mathlib/Mathlib.Data.ENat.Basic:docInfo (4.1s)
✔ [13609/19874] Built mathlib/Mathlib.Algebra.FiniteSupport.Basic:docInfo (3.2s)
✔ [13610/19874] Built mathlib/Mathlib.Algebra.Group.Graph:docInfo (3.2s)
✔ [13611/19874] Built mathlib/Mathlib.Order.Interval.Finset.SuccPred:docInfo (3.4s)
✔ [13612/19874] Built mathlib/Mathlib.Order.SuccPred.LinearLocallyFinite:docInfo (3.3s)
✔ [13613/19874] Built mathlib/Mathlib.Algebra.Order.Interval.Finset.Basic:docInfo (3.4s)
✔ [13614/19874] Built mathlib/Mathlib.Algebra.Order.Antidiag.Prod:docInfo (3.4s)
✔ [13615/19874] Built mathlib/Mathlib.Data.DFinsupp.Module:docInfo (3.9s)
✔ [13616/19874] Built mathlib/Mathlib.RingTheory.OreLocalization.Ring:docInfo (3.3s)
✔ [13617/19874] Built mathlib/Mathlib.Data.DFinsupp.NeLocus:docInfo (3.0s)
✔ [13618/19874] Built mathlib/Mathlib.Algebra.Ring.Subsemiring.MulOpposite:docInfo (3.5s)
✔ [13619/19874] Built mathlib/Mathlib.Dynamics.PeriodicPts.Defs:docInfo (4.1s)
✔ [13620/19874] Built mathlib/Mathlib.Data.Nat.PrimeFin:docInfo (3.2s)
✔ [13621/19874] Built mathlib/Mathlib.Data.Finset.Density:docInfo (3.5s)
✔ [13622/19874] Built mathlib/Mathlib.Algebra.Category.Ring.Basic:docInfo (3.4s)
✔ [13623/19874] Built mathlib/Mathlib.CategoryTheory.Limits.IsLimit:docInfo (3.6s)
✔ [13624/19874] Built mathlib/Mathlib.CategoryTheory.Skeletal:docInfo (3.1s)
✔ [13625/19874] Built mathlib/Mathlib.CategoryTheory.LiftingProperties.Adjunction:docInfo (3.2s)
✔ [13626/19874] Built mathlib/Mathlib.GroupTheory.Perm.Option:docInfo (3.7s)
✔ [13627/19874] Built mathlib/Mathlib.CategoryTheory.Adjunction.FullyFaithful:docInfo (3.2s)
✔ [13628/19874] Built mathlib/Mathlib.CategoryTheory.Adjunction.Mates:docInfo (3.3s)
✔ [13629/19874] Built mathlib/Mathlib.CategoryTheory.Category.Pointed:docInfo (2.9s)
✔ [13630/19874] Built mathlib/Mathlib.Order.Category.PartOrd:docInfo (3.2s)
✔ [13631/19874] Built mathlib/Mathlib.CategoryTheory.Bicategory.Functor.Pseudofunctor:docInfo (3.6s)
✔ [13632/19874] Built mathlib/Mathlib.Order.Filter.Finite:docInfo (3.1s)
✔ [13633/19874] Built mathlib/Mathlib.CategoryTheory.Adjunction.Restrict:docInfo (3.1s)
✔ [13634/19874] Built mathlib/Mathlib.Order.Filter.AtTopBot.BigOperators:docInfo (3.3s)
✔ [13635/19874] Built mathlib/Mathlib.CategoryTheory.Adjunction.Parametrized:docInfo (3.1s)
✔ [13636/19874] Built mathlib/Mathlib.Algebra.Category.Grp.Yoneda:docInfo (3.2s)
✔ [13637/19874] Built mathlib/Mathlib.Logic.Equiv.Finset:docInfo (2.9s)
✔ [13638/19874] Built mathlib/Mathlib.Algebra.Category.Grp.EquivalenceGroupAddGroup:docInfo (3.2s)
✔ [13639/19874] Built mathlib/Mathlib.Data.Int.SuccPred:docInfo (3.7s)
✔ [13640/19874] Built mathlib/Mathlib.Order.Filter.AtTopBot.Field:docInfo (2.7s)
✔ [13641/19874] Built mathlib/Mathlib.Algebra.Category.Grp.FiniteGrp:docInfo (2.0s)
✔ [13642/19874] Built mathlib/Mathlib.Order.Atoms.Finite:docInfo (3.2s)
✔ [13643/19874] Built mathlib/Mathlib.CategoryTheory.Category.Quiv:docInfo (3.2s)
✔ [13644/19874] Built mathlib/Mathlib.CategoryTheory.Adjunction.Opposites:docInfo (3.1s)
✔ [13645/19874] Built mathlib/Mathlib.CategoryTheory.Limits.Bicones:docInfo (3.3s)
✔ [13646/19874] Built mathlib/Mathlib.CategoryTheory.Adjunction.Whiskering:docInfo (3.1s)
✔ [13647/19874] Built mathlib/Mathlib.CategoryTheory.Category.GaloisConnection:docInfo (3.2s)
✔ [13648/19874] Built mathlib/Mathlib.Algebra.Group.Subgroup.ZPowers.Lemmas:docInfo (3.3s)
✔ [13649/19874] Built mathlib/Mathlib.Algebra.Ring.SumsOfSquares:docInfo (3.3s)
✔ [13650/19874] Built mathlib/Mathlib.Data.Set.MemPartition:docInfo (3.1s)
✔ [13651/19874] Built mathlib/Mathlib.Algebra.Order.Star.Conjneg:docInfo (3.7s)
✔ [13652/19874] Built mathlib/Mathlib.Algebra.Ring.CentroidHom:docInfo (3.4s)
✔ [13653/19874] Built mathlib/Mathlib.CategoryTheory.Limits.Shapes.Preorder.PrincipalSeg:docInfo (2.9s)
✔ [13654/19874] Built mathlib/Mathlib.CategoryTheory.Sites.NonabelianCohomology.H1:docInfo (3.2s)
✔ [13655/19874] Built mathlib/Mathlib.Data.FunLike.Fintype:docInfo (3.2s)
✔ [13656/19874] Built mathlib/Mathlib.Order.Partition.Equipartition:docInfo (3.5s)
✔ [13657/19874] Built mathlib/Mathlib.Combinatorics.HalesJewett:docInfo (3.4s)
✔ [13658/19874] Built mathlib/Mathlib.Data.Setoid.Partition:docInfo (3.6s)
✔ [13659/19874] Built mathlib/Mathlib.Combinatorics.Young.SemistandardTableau:docInfo (3.2s)
✔ [13660/19874] Built mathlib/Mathlib.Data.Sigma.Interval:docInfo (3.4s)
✔ [13661/19874] Built mathlib/Mathlib.Data.Sum.Interval:docInfo (3.2s)
✔ [13662/19874] Built mathlib/Mathlib.Order.PrimeIdeal:docInfo (3.4s)
✔ [13663/19874] Built mathlib/Mathlib.Order.UpperLower.LocallyFinite:docInfo (3.2s)
✔ [13736/19946] Built mathlib/Mathlib.Tactic.NormNum:docInfo (3.3s)
✔ [13737/19946] Built mathlib/Mathlib.Algebra.Group.Pointwise.Set.Finite:docInfo (3.3s)
✔ [13738/19946] Built mathlib/Mathlib.Algebra.Group.Subgroup.MulOppositeLemmas:docInfo (2.0s)
✔ [13739/19946] Built mathlib/Mathlib.GroupTheory.Subgroup.Center:docInfo (2.9s)
✔ [13740/19946] Built mathlib/Mathlib.Data.Fintype.Vector:docInfo (3.1s)
✔ [13741/19946] Built mathlib/Mathlib.RingTheory.NonUnitalSubring.Basic:docInfo (3.4s)
✔ [13742/19946] Built mathlib/Mathlib.Algebra.BigOperators.Ring.Finset:docInfo (3.2s)
✔ [13743/19946] Built mathlib/Mathlib.Data.Finsupp.Single:docInfo (3.4s)
✔ [13744/19946] Built mathlib/Mathlib.Data.ENat.Pow:docInfo (3.3s)
✔ [13745/19946] Built mathlib/Mathlib.GroupTheory.Coset.Basic:docInfo (3.1s)
✔ [13746/19946] Built mathlib/Mathlib.Data.DFinsupp.Sigma:docInfo (3.4s)
✔ [13747/19946] Built mathlib/Mathlib.Data.Finset.NAry:docInfo (3.5s)
✔ [13748/19946] Built mathlib/Mathlib.Order.Preorder.Finsupp:docInfo (3.1s)
✔ [13749/19946] Built mathlib/Mathlib.Data.DFinsupp.Order:docInfo (3.6s)
✔ [13750/19946] Built mathlib/Mathlib.RingTheory.Multiplicity:docInfo (3.5s)
✔ [13751/19946] Built mathlib/Mathlib.CategoryTheory.EssentiallySmall:docInfo (2.0s)
✔ [13752/19946] Built mathlib/Mathlib.CategoryTheory.Functor.EpiMono:docInfo (3.1s)
✔ [13753/19946] Built mathlib/Mathlib.CategoryTheory.Limits.Shapes.IsTerminal:docInfo (3.1s)
✔ [13754/19946] Built mathlib/Mathlib.CategoryTheory.Monoidal.Functor:docInfo (4.1s)
✔ [13755/19946] Built mathlib/Mathlib.CategoryTheory.Adjunction.Unique:docInfo (3.0s)
✔ [13756/19946] Built mathlib/Mathlib.CategoryTheory.Category.Bipointed:docInfo (3.1s)
✔ [13757/19946] Built mathlib/Mathlib.Order.Category.Lat:docInfo (2.9s)
✔ [13758/19946] Built mathlib/Mathlib.Order.Category.Semilat:docInfo (3.1s)
✔ [13759/19946] Built mathlib/Mathlib.Topology.Neighborhoods:docInfo (3.3s)
✔ [13760/19946] Built mathlib/Mathlib.Topology.WithTopology:docInfo (3.3s)
✔ [13761/19946] Built mathlib/Mathlib.Order.Filter.CountableInter:docInfo (3.3s)
✔ [13762/19946] Built mathlib/Mathlib.Logic.Encodable.Pi:docInfo (3.0s)
✔ [13763/19946] Built mathlib/Mathlib.GroupTheory.QuotientGroup.ModEq:docInfo (3.2s)
ℹ [13764/19946] Built mathlib/Mathlib.Tactic.Positivity.Finset:docInfo (3.6s)
info: stdout:
WARNING: Failed to calculate equational lemmata for Mathlib.Meta.Positivity.evalFinsetSum: unquoteExpr: __result.2.1 : Lean.Expr
✔ [13765/19946] Built mathlib/Mathlib.GroupTheory.Subgroup.Simple:docInfo (2.0s)
✔ [13766/19946] Built mathlib/Mathlib.CategoryTheory.Localization.Construction:docInfo (3.0s)
✔ [13767/19946] Built mathlib/Mathlib.CategoryTheory.Adjunction.CompositionIso:docInfo (2.9s)
✔ [13768/19946] Built mathlib/Mathlib.CategoryTheory.Bicategory.Functor.LocallyDiscrete:docInfo (3.4s)
✔ [13769/19946] Built mathlib/Mathlib.CategoryTheory.Category.Pairwise:docInfo (3.4s)
✔ [13770/19946] Built mathlib/Mathlib.Algebra.CharZero.Quotient:docInfo (3.3s)
✔ [13771/19946] Built mathlib/Mathlib.Tactic.ENatToNat:docInfo (3.1s)
✔ [13772/19946] Built mathlib/Mathlib.GroupTheory.FreeGroup.Reduce:docInfo (3.0s)
✔ [13773/19946] Built mathlib/Mathlib.Algebra.Group.Subgroup.Order:docInfo (3.0s)
✔ [13774/19946] Built mathlib/Mathlib.CategoryTheory.FintypeCat:docInfo (3.2s)
✔ [13775/19946] Built mathlib/Mathlib.MeasureTheory.MeasurableSpace.Defs:docInfo (3.5s)
✔ [13776/19946] Built mathlib/Mathlib.Algebra.QuadraticDiscriminant:docInfo (3.4s)
✔ [13777/19946] Built mathlib/Mathlib.Algebra.Order.Module.Rat:docInfo (3.3s)
✔ [13778/19946] Built mathlib/Mathlib.Tactic.Rify:docInfo (3.2s)
✔ [13779/19946] Built mathlib/Mathlib.Algebra.Ring.Semireal.Defs:docInfo (3.1s)
✔ [13780/19946] Built mathlib/Mathlib.Algebra.Star.NonUnitalSubsemiring:docInfo (3.4s)
✔ [13781/19946] Built mathlib/Mathlib.GroupTheory.GroupAction.FixedPoints:docInfo (3.4s)
✔ [13782/19946] Built mathlib/Mathlib.CategoryTheory.Bicategory.Adjunction.Adj:docInfo (3.4s)
✔ [13783/19946] Built mathlib/Mathlib.CategoryTheory.Category.ReflQuiv:docInfo (3.1s)
✔ [13784/19946] Built mathlib/Mathlib.Order.NonemptyFiniteChains:docInfo (2.9s)
✔ [13785/19946] Built mathlib/Mathlib.Combinatorics.SimpleGraph.Basic:docInfo (3.5s)
✔ [13786/19946] Built mathlib/Mathlib.Order.Grade:docInfo (3.3s)
✔ [13787/19946] Built mathlib/Mathlib.CategoryTheory.Bicategory.Free:docInfo (4.0s)
✔ [13788/19946] Built mathlib/Mathlib.CategoryTheory.Bicategory.Functor.Cat:docInfo (3.3s)
✔ [13789/19946] Built mathlib/Mathlib.CategoryTheory.Bicategory.NaturalTransformation.Pseudo:docInfo (3.9s)
✔ [13790/19946] Built mathlib/Mathlib.CategoryTheory.Bicategory.Functor.StrictlyUnitary:docInfo (3.8s)
✔ [13791/19946] Built mathlib/Mathlib.CategoryTheory.Bicategory.Modification.Lax:docInfo (3.4s)
✔ [13792/19946] Built mathlib/Mathlib.CategoryTheory.Bicategory.Modification.Oplax:docInfo (3.8s)
✔ [13793/19946] Built mathlib/Mathlib.CategoryTheory.Bicategory.Strict.Pseudofunctor:docInfo (3.9s)
✔ [13794/19946] Built mathlib/Mathlib.CategoryTheory.Category.PartialFun:docInfo (3.4s)
✔ [13795/19946] Built mathlib/Mathlib.CategoryTheory.Equivalence.Symmetry:docInfo (2.0s)
✔ [13796/19946] Built mathlib/Mathlib.CategoryTheory.Join.Pseudofunctor:docInfo (3.5s)
✔ [13797/19946] Built mathlib/Mathlib.CategoryTheory.Monad.Types:docInfo (2.0s)
✔ [13798/19946] Built mathlib/Mathlib.Combinatorics.Derangements.Basic:docInfo (3.4s)
✔ [13799/19946] Built mathlib/Mathlib.Combinatorics.Enumerative.Pentagonal:docInfo (3.2s)
✔ [13800/19946] Built mathlib/Mathlib.Combinatorics.KatonaCircle:docInfo (3.5s)
✔ [13801/19946] Built mathlib/Mathlib.Computability.TuringMachine:docInfo (3.1s)
✔ [13802/19946] Built mathlib/Mathlib.Data.Set.Finite.Monad:docInfo (3.2s)
✔ [13803/19946] Built mathlib/Mathlib.Data.Set.FiniteExhaustion:docInfo (3.3s)
✔ [13804/19946] Built mathlib/Mathlib.GroupTheory.FreeGroup.IsFreeGroup:docInfo (2.8s)
✔ [13805/19946] Built mathlib/Mathlib.GroupTheory.PresentedGroup:docInfo (3.1s)
✔ [13806/19946] Built mathlib/Mathlib.GroupTheory.FinitelyPresentedGroup:docInfo (2.0s)
✔ [13807/19946] Built mathlib/Mathlib.GroupTheory.Goursat:docInfo (3.0s)
✔ [13894/20033] Built mathlib/Mathlib.Tactic.Linarith:docInfo (3.1s)
✔ [13895/20033] Built mathlib/Mathlib.Order.Interval.Multiset:docInfo (3.0s)
✔ [13896/20033] Built mathlib/Mathlib.GroupTheory.Subgroup.Centralizer:docInfo (2.0s)
✔ [13897/20033] Built mathlib/Mathlib.Data.Fintype.BigOperators:docInfo (3.2s)
✔ [13898/20033] Built mathlib/Mathlib.Algebra.Group.Subgroup.Actions:docInfo (3.1s)
✔ [13899/20033] Built mathlib/Mathlib.Algebra.Ring.Subring.Basic:docInfo (3.5s)
✔ [13900/20033] Built mathlib/Mathlib.Order.SupClosed:docInfo (3.2s)
✔ [13901/20033] Built mathlib/Mathlib.Algebra.Group.Finsupp:docInfo (3.3s)
✔ [13902/20033] Built mathlib/Mathlib.Data.Finsupp.Indicator:docInfo (3.0s)
ℹ [13903/20033] Built mathlib/Mathlib.Algebra.Order.BigOperators.Ring.Finset:docInfo (3.5s)
info: stdout:
WARNING: Failed to calculate equational lemmata for Mathlib.Meta.Positivity.evalFinsetProd: unquoteExpr: __result.2.1 : Lean.Expr
✔ [13904/20033] Built mathlib/Mathlib.Algebra.Order.Interval.Finset.SuccPred:docInfo (3.1s)
✔ [13905/20033] Built mathlib/Mathlib.Data.Fintype.Order:docInfo (3.1s)
✔ [13906/20033] Built mathlib/Mathlib.Data.Finset.NatAntidiagonal:docInfo (3.0s)
✔ [13907/20033] Built mathlib/Mathlib.Algebra.Group.AddChar:docInfo (3.4s)
✔ [13908/20033] Built mathlib/Mathlib.Algebra.Group.Pointwise.Finset.Basic:docInfo (3.7s)
✔ [13909/20033] Built mathlib/Mathlib.RingTheory.Coprime.Lemmas:docInfo (3.4s)
✔ [13910/20033] Built mathlib/Mathlib.RingTheory.Localization.Defs:docInfo (3.5s)
✔ [13911/20033] Built mathlib/Mathlib.Data.Finsupp.Fin:docInfo (3.1s)
✔ [13912/20033] Built mathlib/Mathlib.Tactic.IntervalCases:docInfo (3.4s)
✔ [13913/20033] Built mathlib/Mathlib.NumberTheory.Padics.PadicVal.Defs:docInfo (2.0s)
✔ [13914/20033] Built mathlib/Mathlib.Algebra.BigOperators.Field:docInfo (3.3s)
✔ [13915/20033] Built mathlib/Mathlib.Data.Int.Interval:docInfo (3.0s)
✔ [13916/20033] Built mathlib/Mathlib.Data.Finset.Sym:docInfo (3.3s)
✔ [13917/20033] Built mathlib/Mathlib.CategoryTheory.Limits.HasLimits:docInfo (3.8s)
✔ [13918/20033] Built mathlib/Mathlib.Algebra.Group.Pointwise.Finset.Scalar:docInfo (3.3s)
✔ [13919/20033] Built mathlib/Mathlib.Tactic.NormNum.GCD:docInfo (3.4s)
✔ [13920/20033] Built mathlib/Mathlib.Order.Category.BddOrd:docInfo (3.2s)
✔ [13921/20033] Built mathlib/Mathlib.Order.Category.DistLat:docInfo (3.0s)
✔ [13922/20033] Built mathlib/Mathlib.CategoryTheory.Monad.Algebra:docInfo (3.3s)
✔ [13923/20033] Built mathlib/Mathlib.CategoryTheory.ObjectProperty.Small:docInfo (3.4s)
✔ [13924/20033] Built mathlib/Mathlib.Topology.ClusterPt:docInfo (3.1s)
✔ [13925/20033] Built mathlib/Mathlib.Topology.NhdsSet:docInfo (3.0s)
✔ [13926/20033] Built mathlib/Mathlib.Order.Filter.Bases.Finite:docInfo (2.0s)
✔ [13927/20033] Built mathlib/Mathlib.CategoryTheory.Adjunction.Reflective:docInfo (3.2s)
✔ [13928/20033] Built mathlib/Mathlib.Algebra.Category.GrpWithZero:docInfo (3.2s)
✔ [13929/20033] Built mathlib/Mathlib.Tactic.Positivity:docInfo (3.3s)
✔ [13930/20033] Built mathlib/Mathlib.CategoryTheory.Localization.Predicate:docInfo (3.5s)
✔ [13931/20033] Built mathlib/Mathlib.CategoryTheory.Functor.ReflectsIso.Balanced:docInfo (3.0s)
✔ [13932/20033] Built mathlib/Mathlib.Data.Seq.Basic:docInfo (3.0s)
✔ [13933/20033] Built mathlib/Mathlib.Algebra.GroupWithZero.Action.Center:docInfo (2.9s)
✔ [13934/20033] Built mathlib/Mathlib.Order.Category.LinOrd:docInfo (3.2s)
✔ [13935/20033] Built mathlib/Mathlib.MeasureTheory.MeasurableSpace.Instances:docInfo (2.0s)
✔ [13936/20033] Built mathlib/Mathlib.MeasureTheory.MeasurableSpace.EventuallyMeasurable:docInfo (2.8s)
✔ [13937/20033] Built mathlib/Mathlib.Order.Filter.AtTopBot.Finset:docInfo (3.1s)
✔ [13938/20033] Built mathlib/Mathlib.Order.Filter.CountableSeparatingOn:docInfo (3.0s)
✔ [13939/20033] Built mathlib/Mathlib.Tactic.NormNum.NatFactorial:docInfo (3.2s)
✔ [13940/20033] Built mathlib/Mathlib.Algebra.Order.Monoid.LocallyFiniteOrder:docInfo (3.3s)
✔ [13941/20033] Built mathlib/Mathlib.Data.Finsupp.Notation:docInfo (2.0s)
✔ [13942/20033] Built mathlib/Mathlib.Algebra.Star.Subsemiring:docInfo (3.3s)
✔ [13943/20033] Built mathlib/Mathlib.Algebra.Tropical.BigOperators:docInfo (3.1s)
✔ [13944/20033] Built mathlib/Mathlib.GroupTheory.GroupAction.FixingSubgroup:docInfo (3.0s)
✔ [13945/20033] Built mathlib/Mathlib.Order.Interval.Finset.DenselyOrdered:docInfo (2.0s)
✔ [13946/20033] Built mathlib/Mathlib.CategoryTheory.Bicategory.Adjunction.Cat:docInfo (3.2s)
✔ [13947/20033] Built mathlib/Mathlib.CategoryTheory.Quotient.LocallySmall:docInfo (3.2s)
✔ [13948/20033] Built mathlib/Mathlib.Data.Finset.Grade:docInfo (3.2s)
✔ [13949/20033] Built mathlib/Mathlib.CategoryTheory.Bicategory.Coherence:docInfo (3.3s)
✔ [13950/20033] Built mathlib/Mathlib.CategoryTheory.Bicategory.Functor.Cat.ObjectProperty:docInfo (3.3s)
✔ [13951/20033] Built mathlib/Mathlib.CategoryTheory.Bicategory.Functor.StrictPseudofunctor:docInfo (3.3s)
✔ [13952/20033] Built mathlib/Mathlib.CategoryTheory.Bicategory.FunctorBicategory.Lax:docInfo (2.9s)
✔ [13953/20033] Built mathlib/Mathlib.CategoryTheory.Bicategory.FunctorBicategory.Oplax:docInfo (3.2s)
✔ [13954/20033] Built mathlib/Mathlib.CategoryTheory.Bicategory.Modification.Pseudo:docInfo (3.3s)
✔ [13955/20033] Built mathlib/Mathlib.CategoryTheory.Bicategory.Grothendieck:docInfo (3.5s)
✔ [13956/20033] Built mathlib/Mathlib.CategoryTheory.Bicategory.LocallyGroupoid:docInfo (3.4s)
✔ [13957/20033] Built mathlib/Mathlib.CategoryTheory.Category.TwoP:docInfo (3.3s)
✔ [13958/20033] Built mathlib/Mathlib.Tactic.CategoryTheory.BicategoryCoherence:docInfo (3.2s)
✔ [13959/20033] Built mathlib/Mathlib.Combinatorics.Additive.FreimanHom:docInfo (3.3s)
✔ [13960/20033] Built mathlib/Mathlib.Combinatorics.Enumerative.DoubleCounting:docInfo (3.4s)
✔ [13961/20033] Built mathlib/Mathlib.Combinatorics.SimpleGraph.Dart:docInfo (3.3s)
✔ [13962/20033] Built mathlib/Mathlib.Combinatorics.SimpleGraph.Regularity.Equitabilise:docInfo (3.1s)
✔ [13963/20033] Built mathlib/Mathlib.Combinatorics.Digraph.Orientation:docInfo (3.1s)
✔ [13964/20033] Built mathlib/Mathlib.Combinatorics.SimpleGraph.Cayley:docInfo (3.3s)
✔ [13965/20033] Built mathlib/Mathlib.Computability.DFA:docInfo (3.5s)
✔ [13966/20033] Built mathlib/Mathlib.Data.Finite.Vector:docInfo (3.1s)
✔ [13967/20033] Built mathlib/Mathlib.Data.Finset.Functor:docInfo (3.2s)
✔ [13968/20033] Built mathlib/Mathlib.Data.List.Shortlex:docInfo (3.3s)
✔ [13969/20033] Built mathlib/Mathlib.GroupTheory.FreeGroup.CyclicallyReduced:docInfo (3.1s)
✔ [13970/20033] Built mathlib/Mathlib.GroupTheory.FreeGroup.Orbit:docInfo (2.9s)
✔ [13971/20033] Built mathlib/Mathlib.GroupTheory.Perm.ClosureSwap:docInfo (3.0s)
✔ [13972/20033] Built mathlib/Mathlib.Order.Restriction:docInfo (2.0s)
✔ [13973/20033] Built mathlib/Mathlib.MeasureTheory.MeasurableSpace.Invariants:docInfo (2.9s)
✔ [13974/20033] Built mathlib/Mathlib.Order.Category.Frm:docInfo (3.3s)
✔ [13975/20033] Built mathlib/Mathlib.Order.KonigLemma:docInfo (3.1s)
✔ [13976/20033] Built mathlib/Mathlib.Order.PrimeSeparator:docInfo (3.1s)
✔ [13977/20033] Built mathlib/Mathlib.Tactic.NormNum.NatLog:docInfo (3.2s)
✔ [13978/20033] Built mathlib/Mathlib.Tactic.NormNum.NatSqrt:docInfo (3.3s)
✔ [13979/20033] Built mathlib/Mathlib.Topology.Partial:docInfo (2.0s)
ℹ [14079/20131] Built mathlib/Mathlib.Algebra.Order.Floor.Ring:docInfo (4.2s)
info: stdout:
WARNING: Failed to calculate equational lemmata for Mathlib.Meta.Positivity.evalNatCeil: unquoteExpr: __result.2.1 : Lean.Expr
✔ [14080/20131] Built mathlib/Mathlib.Order.Interval.Finset.Nat:docInfo (3.7s)
✔ [14081/20131] Built mathlib/Mathlib.GroupTheory.GroupAction.ConjAct:docInfo (3.4s)
✔ [14082/20131] Built mathlib/Mathlib.GroupTheory.Commutator.Basic:docInfo (3.4s)
✔ [14083/20131] Built mathlib/Mathlib.SetTheory.Cardinal.Basic:docInfo (3.9s)
✔ [14084/20131] Built mathlib/Mathlib.GroupTheory.GroupAction.SubMulAction:docInfo (3.6s)
✔ [14085/20131] Built mathlib/Mathlib.Data.Finsupp.Ext:docInfo (3.6s)
✔ [14086/20131] Built mathlib/Mathlib.Algebra.BigOperators.Finprod:docInfo (4.8s)
✔ [14087/20131] Built mathlib/Mathlib.Data.Finsupp.SMulWithZero:docInfo (3.6s)
✔ [14088/20131] Built mathlib/Mathlib.Algebra.BigOperators.NatAntidiagonal:docInfo (3.6s)
✔ [14089/20131] Built mathlib/Mathlib.Algebra.Group.UniqueProds.Basic:docInfo (3.0s)
✔ [14090/20131] Built mathlib/Mathlib.Data.Finsupp.Fintype:docInfo (3.6s)
✔ [14091/20131] Built mathlib/Mathlib.Order.Sublattice:docInfo (3.9s)
✔ [14092/20131] Built mathlib/Mathlib.Algebra.Ring.Subring.MulOpposite:docInfo (3.4s)
✔ [14093/20131] Built mathlib/Mathlib.Data.Nat.Choose.Central:docInfo (3.7s)
✔ [14094/20131] Built mathlib/Mathlib.Data.Nat.Digits.Defs:docInfo (3.9s)
✔ [14095/20131] Built mathlib/Mathlib.Algebra.BigOperators.Group.Finset.Interval:docInfo (3.7s)
✔ [14096/20131] Built mathlib/Mathlib.Algebra.BigOperators.Sym:docInfo (3.6s)
✔ [14097/20131] Built mathlib/Mathlib.CategoryTheory.Comma.StructuredArrow.Basic:docInfo (5.1s)
✔ [14098/20131] Built mathlib/Mathlib.CategoryTheory.ShrinkYoneda:docInfo (3.6s)
✔ [14099/20131] Built mathlib/Mathlib.CategoryTheory.Monoidal.NaturalTransformation:docInfo (3.7s)
✔ [14100/20131] Built mathlib/Mathlib.CategoryTheory.Monoidal.Opposite:docInfo (3.7s)
✔ [14101/20131] Built mathlib/Mathlib.Order.Category.BddLat:docInfo (3.3s)
✔ [14102/20131] Built mathlib/Mathlib.RingTheory.Localization.Integer:docInfo (4.2s)
✔ [14103/20131] Built mathlib/Mathlib.Topology.Continuous:docInfo (3.6s)
✔ [14104/20131] Built mathlib/Mathlib.Order.Filter.CountablyGenerated:docInfo (3.7s)
✔ [14105/20131] Built mathlib/Mathlib.Order.Filter.Pi:docInfo (3.8s)
✔ [14106/20131] Built mathlib/Mathlib.Order.Filter.AtTopBot.Finite:docInfo (3.7s)
✔ [14107/20131] Built mathlib/Mathlib.CategoryTheory.Monoidal.End:docInfo (3.7s)
✔ [14108/20131] Built mathlib/Mathlib.Data.W.Basic:docInfo (3.5s)
✔ [14109/20131] Built mathlib/Mathlib.CategoryTheory.Countable:docInfo (3.4s)
✔ [14110/20131] Built mathlib/Mathlib.Order.Filter.Interval:docInfo (3.6s)
✔ [14111/20131] Built mathlib/Mathlib.Algebra.ContinuedFractions.Translations:docInfo (3.6s)
✔ [14112/20131] Built mathlib/Mathlib.Data.Nat.Fib.Basic:docInfo (3.8s)
✔ [14113/20131] Built mathlib/Mathlib.Algebra.Group.Action.Equidecomp:docInfo (3.7s)
✔ [14114/20131] Built mathlib/Mathlib.Algebra.Group.Action.Pointwise.Finset:docInfo (3.7s)
✔ [14115/20131] Built mathlib/Mathlib.Algebra.Group.Pointwise.Finset.BigOperators:docInfo (3.6s)
✔ [14116/20131] Built mathlib/Mathlib.Algebra.Group.Pointwise.Finset.Interval:docInfo (3.7s)
✔ [14117/20131] Built mathlib/Mathlib.Algebra.GroupWithZero.Pointwise.Finset:docInfo (3.6s)
✔ [14118/20131] Built mathlib/Mathlib.Order.Category.FinPartOrd:docInfo (3.6s)
✔ [14119/20131] Built mathlib/Mathlib.Data.Nat.Factorial.BigOperators:docInfo (3.9s)
✔ [14120/20131] Built mathlib/Mathlib.Algebra.Lie.CartanMatrix:docInfo (3.7s)
✔ [14121/20131] Built mathlib/Mathlib.Data.DFinsupp.Encodable:docInfo (3.5s)
✔ [14122/20131] Built mathlib/Mathlib.MeasureTheory.MeasurableSpace.Basic:docInfo (3.8s)
✔ [14123/20131] Built mathlib/Mathlib.Data.Sign.Basic:docInfo (3.8s)
✔ [14124/20131] Built mathlib/Mathlib.Algebra.Order.Ring.Interval:docInfo (3.9s)
✔ [14125/20131] Built mathlib/Mathlib.Data.Fintype.CardEmbedding:docInfo (3.5s)
✔ [14126/20131] Built mathlib/Mathlib.Data.List.ToFinsupp:docInfo (3.6s)
✔ [14127/20131] Built mathlib/Mathlib.Data.Sym.Card:docInfo (3.6s)
ℹ [14128/20131] Built mathlib/Mathlib.Algebra.Order.Floor.Semifield:docInfo (3.8s)
info: stdout:
WARNING: Failed to calculate equational lemmata for Mathlib.Meta.NormNum.evalNatFloor: unquoteExpr: __result.2.1 : Lean.Expr
✔ [14129/20131] Built mathlib/Mathlib.Algebra.Order.Group.Int.Sum:docInfo (3.6s)
✔ [14130/20131] Built mathlib/Mathlib.Algebra.Order.Hom.Lattice:docInfo (3.7s)
✔ [14131/20131] Built mathlib/Mathlib.Algebra.Order.Interval.Multiset:docInfo (3.7s)
✔ [14132/20131] Built mathlib/Mathlib.Algebra.Polynomial.Factors:docInfo (3.9s)
✔ [14133/20131] Built mathlib/Mathlib.Algebra.Ring.Action.Pointwise.Finset:docInfo (3.6s)
✔ [14134/20131] Built mathlib/Mathlib.Algebra.Ring.Pointwise.Finset:docInfo (3.6s)
✔ [14135/20131] Built mathlib/Mathlib.Algebra.Star.CentroidHom:docInfo (3.8s)
✔ [14136/20131] Built mathlib/Mathlib.NumberTheory.EllipticDivisibilitySequence:docInfo (3.9s)
✔ [14137/20131] Built mathlib/Mathlib.CategoryTheory.Limits.Shapes.Preorder.Fin:docInfo (3.3s)
✔ [14138/20131] Built mathlib/Mathlib.Data.Finset.Interval:docInfo (3.8s)
✔ [14139/20131] Built mathlib/Mathlib.Data.Rat.NatSqrt.Defs:docInfo (3.0s)
✔ [14140/20131] Built mathlib/Mathlib.Analysis.SpecialFunctions.Pow.NthRootLemmas:docInfo (3.9s)
✔ [14141/20131] Built mathlib/Mathlib.CategoryTheory.Bicategory.FunctorBicategory.Pseudo:docInfo (3.3s)
✔ [14142/20131] Built mathlib/Mathlib.CategoryTheory.Bicategory.InducedBicategory:docInfo (3.2s)
✔ [14143/20131] Built mathlib/Mathlib.CategoryTheory.Bicategory.Product:docInfo (3.3s)
✔ [14144/20131] Built mathlib/Mathlib.CategoryTheory.Bicategory.SingleObj:docInfo (3.4s)
✔ [14145/20131] Built mathlib/Mathlib.CategoryTheory.Localization.Prod:docInfo (3.2s)
✔ [14146/20131] Built mathlib/Mathlib.CategoryTheory.Endofunctor.Algebra:docInfo (3.8s)
✔ [14147/20131] Built mathlib/Mathlib.CategoryTheory.FiberedCategory.Grothendieck:docInfo (3.5s)
✔ [14148/20131] Built mathlib/Mathlib.CategoryTheory.Monoidal.Multifunctor:docInfo (3.8s)
✔ [14149/20131] Built mathlib/Mathlib.CategoryTheory.Monoidal.Free.Basic:docInfo (3.5s)
✔ [14150/20131] Built mathlib/Mathlib.Combinatorics.Additive.CovBySMul:docInfo (3.8s)
✔ [14151/20131] Built mathlib/Mathlib.Combinatorics.Additive.PluenneckeRuzsa:docInfo (4.0s)
✔ [14152/20131] Built mathlib/Mathlib.Combinatorics.Additive.Corner.Defs:docInfo (3.8s)
✔ [14153/20131] Built mathlib/Mathlib.Combinatorics.SimpleGraph.Maps:docInfo (3.9s)
✔ [14154/20131] Built mathlib/Mathlib.Combinatorics.SimpleGraph.Density:docInfo (4.1s)
✔ [14155/20131] Built mathlib/Mathlib.Combinatorics.SimpleGraph.Walk.Basic:docInfo (4.3s)
✔ [14156/20131] Built mathlib/Mathlib.Combinatorics.Additive.Energy:docInfo (4.1s)
✔ [14157/20131] Built mathlib/Mathlib.Combinatorics.Additive.SubsetSum:docInfo (3.7s)
✔ [14158/20131] Built mathlib/Mathlib.Combinatorics.Derangements.Finite:docInfo (3.9s)
✔ [14159/20131] Built mathlib/Mathlib.Data.Set.Sups:docInfo (3.9s)
✔ [14160/20131] Built mathlib/Mathlib.Order.Birkhoff:docInfo (3.7s)
✔ [14161/20131] Built mathlib/Mathlib.Computability.Primrec.List:docInfo (3.8s)
✔ [14162/20131] Built mathlib/Mathlib.Computability.NFA:docInfo (3.0s)
✔ [14163/20131] Built mathlib/Mathlib.Computability.MyhillNerode:docInfo (3.9s)
✔ [14164/20131] Built mathlib/Mathlib.Data.DFinsupp.Notation:docInfo (3.5s)
✔ [14165/20131] Built mathlib/Mathlib.Data.Finsupp.BigOperators:docInfo (3.7s)
✔ [14166/20131] Built mathlib/Mathlib.Data.Finsupp.NeLocus:docInfo (3.5s)
✔ [14167/20131] Built mathlib/Mathlib.Data.Nat.Factorial.NatCast:docInfo (3.7s)
✔ [14168/20131] Built mathlib/Mathlib.Data.Pi.Interval:docInfo (3.6s)
✔ [14169/20131] Built mathlib/Mathlib.Data.WSeq.Basic:docInfo (3.8s)
✔ [14170/20131] Built mathlib/Mathlib.Data.Set.Finite.List:docInfo (3.5s)
✔ [14171/20131] Built mathlib/Mathlib.Data.Sym.Sym2.Finsupp:docInfo (3.7s)
✔ [14172/20131] Built mathlib/Mathlib.Geometry.Group.Growth.QuotientInter:docInfo (3.7s)
✔ [14173/20131] Built mathlib/Mathlib.MeasureTheory.Constructions.AddChar:docInfo (3.8s)
✔ [14174/20131] Built mathlib/Mathlib.Order.CountableSupClosed:docInfo (3.8s)
✔ [14175/20131] Built mathlib/Mathlib.Order.Sublocale:docInfo (3.9s)
✔ [14176/20131] Built mathlib/Mathlib.Tactic.NormNum.IsCoprime:docInfo (3.0s)
ℹ [14177/20131] Built mathlib/Mathlib.Tactic.NormNum.IsSquare:docInfo (3.7s)
info: stdout:
WARNING: Failed to calculate equational lemmata for Mathlib.Meta.NormNum.evalIsSquareInt: failed
WARNING: Failed to calculate equational lemmata for Mathlib.Meta.NormNum.evalIsSquareRat: failed
WARNING: Failed to calculate equational lemmata for Mathlib.Meta.NormNum.evalIsSquareNat: unquoteExpr: __result.1 : Lean.Expr
✔ [14261/20214] Built mathlib/Mathlib.CategoryTheory.Limits.Shapes.WidePullbacks:docInfo (3.7s)
✔ [14262/20214] Built mathlib/Mathlib.CategoryTheory.Limits.Shapes.Terminal:docInfo (3.2s)
✔ [14263/20214] Built mathlib/Mathlib.CategoryTheory.Limits.Preserves.Basic:docInfo (3.3s)
✔ [14264/20214] Built mathlib/Mathlib.Algebra.Category.Ring.Colimits:docInfo (3.6s)
✔ [14265/20214] Built mathlib/Mathlib.CategoryTheory.Limits.Types.Colimits:docInfo (3.1s)
✔ [14266/20214] Built mathlib/Mathlib.CategoryTheory.Limits.Types.Limits:docInfo (3.2s)
✔ [14267/20214] Built mathlib/Mathlib.CategoryTheory.Limits.Unit:docInfo (3.2s)
✔ [14268/20214] Built mathlib/Mathlib.CategoryTheory.Elements:docInfo (3.4s)
✔ [14269/20214] Built mathlib/Mathlib.CategoryTheory.Comma.StructuredArrow.Small:docInfo (3.0s)
✔ [14270/20214] Built mathlib/Mathlib.Algebra.Category.Grp.Shrink:docInfo (3.3s)
✔ [14271/20214] Built mathlib/Mathlib.CategoryTheory.Monad.Adjunction:docInfo (3.6s)
✔ [14272/20214] Built mathlib/Mathlib.Order.BooleanSubalgebra:docInfo (3.5s)
✔ [14273/20214] Built mathlib/Mathlib.CategoryTheory.Localization.Equivalence:docInfo (3.2s)
✔ [14274/20214] Built mathlib/Mathlib.CategoryTheory.Localization.HasLocalization:docInfo (3.2s)
✔ [14275/20214] Built mathlib/Mathlib.CategoryTheory.Discrete.StructuredArrow:docInfo (3.1s)
✔ [14276/20214] Built mathlib/Mathlib.CategoryTheory.Limits.Fubini:docInfo (3.5s)
✔ [14277/20214] Built mathlib/Mathlib.CategoryTheory.Adjunction.PartialAdjoint:docInfo (3.3s)
✔ [14278/20214] Built mathlib/Mathlib.Algebra.Category.MonCat.Shrink:docInfo (3.3s)
✔ [14279/20214] Built mathlib/Mathlib.Algebra.Group.Pointwise.Finset.Density:docInfo (2.7s)
✔ [14280/20214] Built mathlib/Mathlib.Algebra.GroupWithZero.Action.Pointwise.Finset:docInfo (2.8s)
✔ [14281/20214] Built mathlib/Mathlib.Order.Filter.Subsingleton:docInfo (3.4s)
✔ [14282/20214] Built mathlib/Mathlib.Algebra.Module.Card:docInfo (2.8s)
✔ [14283/20214] Built mathlib/Mathlib.Algebra.Order.Floor.Div:docInfo (2.8s)
✔ [14284/20214] Built mathlib/Mathlib.Algebra.Pointwise.Stabilizer:docInfo (2.9s)
✔ [14285/20214] Built mathlib/Mathlib.SetTheory.Cardinal.Rat:docInfo (3.1s)
✔ [14286/20214] Built mathlib/Mathlib.Order.Filter.AtTopBot.Floor:docInfo (3.6s)
✔ [14287/20214] Built mathlib/Mathlib.Data.Int.Fib.Basic:docInfo (3.5s)
✔ [14288/20214] Built mathlib/Mathlib.Tactic.NormNum.NatFib:docInfo (3.6s)
✔ [14289/20214] Built mathlib/Mathlib.CategoryTheory.Comma.StructuredArrow.CommaMap:docInfo (3.1s)
✔ [14290/20214] Built mathlib/Mathlib.CategoryTheory.Bicategory.Extension:docInfo (3.4s)
✔ [14291/20214] Built mathlib/Mathlib.CategoryTheory.Limits.Pi:docInfo (3.1s)
✔ [14292/20214] Built mathlib/Mathlib.Tactic.CategoryTheory.Coherence:docInfo (3.3s)
✔ [14293/20214] Built mathlib/Mathlib.CategoryTheory.Monoidal.Action.End:docInfo (3.3s)
✔ [14294/20214] Built mathlib/Mathlib.CategoryTheory.Monoidal.Action.Opposites:docInfo (3.3s)
✔ [14295/20214] Built mathlib/Mathlib.CategoryTheory.Monoidal.Limits.HasLimits:docInfo (3.0s)
✔ [14296/20214] Built mathlib/Mathlib.CategoryTheory.Monoidal.Free.Coherence:docInfo (3.6s)
✔ [14297/20214] Built mathlib/Mathlib.Combinatorics.Additive.SmallTripling:docInfo (3.1s)
✔ [14298/20214] Built mathlib/Mathlib.Combinatorics.Additive.ETransform:docInfo (2.8s)
✔ [14299/20214] Built mathlib/Mathlib.Combinatorics.Additive.Convolution:docInfo (2.7s)
✔ [14300/20214] Built mathlib/Mathlib.Combinatorics.SimpleGraph.Finite:docInfo (2.9s)
✔ [14301/20214] Built mathlib/Mathlib.Combinatorics.SimpleGraph.Regularity.Uniform:docInfo (3.3s)
✔ [14302/20214] Built mathlib/Mathlib.Combinatorics.SimpleGraph.Regularity.Energy:docInfo (3.1s)
✔ [14303/20214] Built mathlib/Mathlib.Combinatorics.SimpleGraph.Walk.Traversal:docInfo (3.3s)
✔ [14304/20214] Built mathlib/Mathlib.Combinatorics.Additive.DoublingConst:docInfo (3.1s)
✔ [14305/20214] Built mathlib/Mathlib.Data.Finset.Slice:docInfo (3.3s)
✔ [14306/20214] Built mathlib/Mathlib.Combinatorics.SetFamily.Shatter:docInfo (3.2s)
✔ [14307/20214] Built mathlib/Mathlib.Combinatorics.SimpleGraph.Walk.Chord:docInfo (3.2s)
✔ [14308/20214] Built mathlib/Mathlib.Combinatorics.SimpleGraph.Walks.Basic:docInfo (3.2s)
✔ [14309/20214] Built mathlib/Mathlib.Computability.Partrec:docInfo (3.4s)
✔ [14310/20214] Built mathlib/Mathlib.Computability.Encoding:docInfo (3.0s)
✔ [14311/20214] Built mathlib/Mathlib.Computability.Primrec:docInfo (3.4s)
✔ [14312/20214] Built mathlib/Mathlib.Data.Finsupp.Pointwise:docInfo (2.7s)
✔ [14313/20214] Built mathlib/Mathlib.Data.Nat.Fib.Zeckendorf:docInfo (3.4s)
✔ [14314/20214] Built mathlib/Mathlib.Data.PFunctor.Univariate.Basic:docInfo (3.2s)
✔ [14315/20214] Built mathlib/Mathlib.Data.PNat.Interval:docInfo (3.4s)
✔ [14316/20214] Built mathlib/Mathlib.Data.WSeq.Relation:docInfo (2.7s)
✔ [14317/20214] Built mathlib/Mathlib.Data.W.Constructions:docInfo (3.2s)
✔ [14318/20214] Built mathlib/Mathlib.Data.WSeq.Defs:docInfo (2.6s)
✔ [14319/20214] Built mathlib/Mathlib.ModelTheory.Basic:docInfo (3.1s)
✔ [14320/20214] Built mathlib/Mathlib.GroupTheory.CoprodI:docInfo (3.6s)
✔ [14321/20214] Built mathlib/Mathlib.Order.CompleteSublattice:docInfo (3.4s)
✔ [14322/20214] Built mathlib/Mathlib.SetTheory.ZFC.Cardinal:docInfo (2.8s)
ℹ [14323/20214] Built mathlib/Mathlib.Tactic.Simproc.FinsetInterval:docInfo (3.4s)
info: stdout:
WARNING: Failed to calculate equational lemmata for Finset.Ioo_ofNat_ofNat: unquoteExpr: __result.1 : Lean.Expr
WARNING: Failed to calculate equational lemmata for Finset.Ico_ofNat_ofNat: unquoteExpr: __result.2.1 : Lean.Expr
WARNING: Failed to calculate equational lemmata for Finset.Ioc_ofNat_ofNat: unquoteExpr: __result.1 : Lean.Expr
WARNING: Failed to calculate equational lemmata for Finset.Iio_ofNat: unquoteExpr: __result.1 : Lean.Expr
✔ [14324/20214] Built mathlib/Mathlib.Topology.Order.Hom.Basic:docInfo (2.7s)
✔ [14326/20216] Built mathlib/Mathlib.Order.Lattice.Nat:docInfo (3.3s)
✔ [14327/20216] Built mathlib/Mathlib.SetTheory.Cardinal.ENat:docInfo (3.3s)
✔ [14328/20216] Built mathlib/Mathlib.Algebra.BigOperators.Finsupp.Basic:docInfo (2.9s)
✔ [14329/20216] Built mathlib/Mathlib.Algebra.BigOperators.GroupWithZero.Action:docInfo (2.0s)
✔ [14330/20216] Built mathlib/Mathlib.Order.Interval.Finset.Fin:docInfo (3.4s)
✔ [14331/20216] Built mathlib/Mathlib.Order.PartialSups:docInfo (3.3s)
✔ [14332/20216] Built mathlib/Mathlib.SetTheory.Cardinal.Cofinality.Basic:docInfo (2.0s)
✔ [14333/20216] Built mathlib/Mathlib.SetTheory.Ordinal.Basic:docInfo (3.4s)
✔ [14334/20216] Built mathlib/Mathlib.Algebra.FreeMonoid.UniqueProds:docInfo (2.7s)
✔ [14335/20216] Built mathlib/Mathlib.NumberTheory.Divisors:docInfo (3.4s)
✔ [14336/20216] Built mathlib/Mathlib.CategoryTheory.Limits.Shapes.Products:docInfo (3.9s)
✔ [14337/20216] Built mathlib/Mathlib.CategoryTheory.Comma.Over.Basic:docInfo (4.2s)
✔ [14338/20216] Built mathlib/Mathlib.CategoryTheory.Monoidal.Transport:docInfo (3.6s)
✔ [14339/20216] Built mathlib/Mathlib.CategoryTheory.Monoidal.Discrete:docInfo (3.5s)
✔ [14340/20216] Built mathlib/Mathlib.Topology.Order:docInfo (2.8s)
✔ [14341/20216] Built mathlib/Mathlib.Topology.Separation.SeparatedNhds:docInfo (2.6s)
✔ [14342/20216] Built mathlib/Mathlib.Order.Filter.Cofinite:docInfo (3.5s)
✔ [14343/20216] Built mathlib/Mathlib.Order.Filter.AtTopBot.CountablyGenerated:docInfo (3.3s)
✔ [14344/20216] Built mathlib/Mathlib.Algebra.ContinuedFractions.ContinuantsRecurrence:docInfo (2.7s)
✔ [14345/20216] Built mathlib/Mathlib.Algebra.ContinuedFractions.TerminatedStable:docInfo (2.5s)
✔ [14346/20216] Built mathlib/Mathlib.Algebra.ContinuedFractions.Computation.Translations:docInfo (2.0s)
✔ [14434/20307] Built mathlib/Mathlib.CategoryTheory.Localization.Opposite:docInfo (2.7s)
✔ [14435/20307] Built mathlib/Mathlib.CategoryTheory.Limits.Preserves.Bifunctor:docInfo (2.7s)
✔ [14436/20307] Built mathlib/Mathlib.CategoryTheory.Limits.Shapes.Connected:docInfo (2.5s)
✔ [14437/20307] Built mathlib/Mathlib.Algebra.Ring.Action.ConjAct:docInfo (2.7s)
✔ [14438/20307] Built mathlib/Mathlib.Algebra.GroupWithZero.Action.ConjAct:docInfo (2.6s)
✔ [14439/20307] Built mathlib/Mathlib.GroupTheory.GroupAction.SubMulAction.Closure:docInfo (2.8s)
✔ [14440/20307] Built mathlib/Mathlib.CategoryTheory.Category.Factorisation:docInfo (2.7s)
✔ [14441/20307] Built mathlib/Mathlib.Order.Filter.EventuallyConst:docInfo (3.3s)
✔ [14442/20307] Built mathlib/Mathlib.Order.Interval.Set.OrdConnectedLinear:docInfo (3.1s)
✔ [14443/20307] Built mathlib/Mathlib.Algebra.Order.Group.PartialSups:docInfo (3.1s)
✔ [14444/20307] Built mathlib/Mathlib.CategoryTheory.Comma.Over.OverClass:docInfo (2.7s)
✔ [14445/20307] Built mathlib/Mathlib.CategoryTheory.LocallyDirected:docInfo (2.6s)
✔ [14446/20307] Built mathlib/Mathlib.Order.Northcott:docInfo (3.2s)
✔ [14447/20307] Built mathlib/Mathlib.Data.Finset.Finsupp:docInfo (4.2s)
✔ [14448/20307] Built mathlib/Mathlib.CategoryTheory.Groupoid.Grpd.Basic:docInfo (2.8s)
✔ [14449/20307] Built mathlib/Mathlib.CategoryTheory.LiftingProperties.Over:docInfo (2.4s)
✔ [14450/20307] Built mathlib/Mathlib.CategoryTheory.Category.Cat.Terminal:docInfo (2.5s)
✔ [14451/20307] Built mathlib/Mathlib.CategoryTheory.Adjunction.Evaluation:docInfo (2.8s)
✔ [14452/20307] Built mathlib/Mathlib.CategoryTheory.Adjunction.Triple:docInfo (2.8s)
✔ [14453/20307] Built mathlib/Mathlib.CategoryTheory.Bicategory.Kan.IsKan:docInfo (2.6s)
✔ [14454/20307] Built mathlib/Mathlib.CategoryTheory.Bicategory.Yoneda:docInfo (2.7s)
✔ [14455/20307] Built mathlib/Mathlib.CategoryTheory.Category.Cat.Limit:docInfo (2.8s)
✔ [14456/20307] Built mathlib/Mathlib.CategoryTheory.Localization.Bifunctor:docInfo (2.6s)
✔ [14457/20307] Built mathlib/Mathlib.CategoryTheory.Limits.Shapes.SingleObj:docInfo (2.9s)
✔ [14458/20307] Built mathlib/Mathlib.CategoryTheory.Limits.Constructions.WidePullbackOfTerminal:docInfo (2.8s)
✔ [14459/20307] Built mathlib/Mathlib.CategoryTheory.Limits.SmallComplete:docInfo (3.1s)
✔ [14460/20307] Built mathlib/Mathlib.CategoryTheory.Localization.Pi:docInfo (2.7s)
✔ [14461/20307] Built mathlib/Mathlib.CategoryTheory.Localization.LocallySmall:docInfo (2.8s)
✔ [14462/20307] Built mathlib/Mathlib.CategoryTheory.Sites.Descent.DescentDataAsCoalgebra:docInfo (2.8s)
✔ [14463/20307] Built mathlib/Mathlib.Combinatorics.Additive.AP.Three.Defs:docInfo (3.5s)
✔ [14464/20307] Built mathlib/Mathlib.Combinatorics.SimpleGraph.DeleteEdges:docInfo (3.0s)
✔ [14465/20307] Built mathlib/Mathlib.Combinatorics.SimpleGraph.Walk.Operations:docInfo (3.4s)
✔ [14466/20307] Built mathlib/Mathlib.Data.Finset.Sups:docInfo (3.3s)
✔ [14467/20307] Built mathlib/Mathlib.Combinatorics.SimpleGraph.Coloring.EdgeLabeling:docInfo (3.0s)
✔ [14468/20307] Built mathlib/Mathlib.Combinatorics.SimpleGraph.Walks.Traversal:docInfo (3.1s)
✔ [14469/20307] Built mathlib/Mathlib.Computability.PartrecCode:docInfo (3.2s)
✔ [14470/20307] Built mathlib/Mathlib.Computability.EpsilonNFA:docInfo (3.1s)
✔ [14471/20307] Built mathlib/Mathlib.Computability.RecursiveIn:docInfo (2.7s)
✔ [14472/20307] Built mathlib/Mathlib.Data.Analysis.Filter:docInfo (3.2s)
✔ [14473/20307] Built mathlib/Mathlib.Data.Finset.NatDivisors:docInfo (3.4s)
✔ [14474/20307] Built mathlib/Mathlib.Data.Int.Fib.Lemmas:docInfo (3.3s)
✔ [14475/20307] Built mathlib/Mathlib.Data.List.PeriodicityLemma:docInfo (2.4s)
✔ [14476/20307] Built mathlib/Mathlib.Data.Nat.Lattice:docInfo (2.9s)
✔ [14477/20307] Built mathlib/Mathlib.Data.PFunctor.Multivariate.Basic:docInfo (2.8s)
✔ [14478/20307] Built mathlib/Mathlib.Data.PFunctor.Univariate.M:docInfo (2.9s)
✔ [14479/20307] Built mathlib/Mathlib.Data.Rat.Cardinal:docInfo (3.3s)
✔ [14480/20307] Built mathlib/Mathlib.ModelTheory.LanguageMap:docInfo (4.1s)
✔ [14481/20307] Built mathlib/Mathlib.GroupTheory.GroupAction.OfQuotient:docInfo (2.8s)
✔ [14482/20307] Built mathlib/Mathlib.NumberTheory.ADEInequality:docInfo (3.2s)
✔ [14483/20307] Built mathlib/Mathlib.Topology.Algebra.RestrictedProduct.Basic:docInfo (2.9s)
✔ [14484/20307] Built mathlib/Mathlib.Order.Category.CompleteLat:docInfo (2.4s)
✔ [14485/20307] Built mathlib/Mathlib.Order.CompleteLattice.SetLike:docInfo (3.1s)
✔ [14486/20307] Built mathlib/Mathlib.SetTheory.Cardinal.Cofinality.Club:docInfo (4.0s)
✔ [14487/20307] Built mathlib/Mathlib.Tactic.Simproc.Divisors:docInfo (3.2s)
✔ [14488/20307] Built mathlib/Mathlib.Topology.Order.Hom.Esakia:docInfo (3.9s)
✔ [14495/20312] Built mathlib/Mathlib.Algebra.Order.Round:docInfo (3.1s)
✔ [14496/20312] Built mathlib/Mathlib.Order.OrderIsoNat:docInfo (2.9s)
✔ [14497/20312] Built mathlib/Mathlib.GroupTheory.Abelianization.Defs:docInfo (2.4s)
✔ [14498/20312] Built mathlib/Mathlib.SetTheory.Cardinal.ToNat:docInfo (3.7s)
✔ [14499/20312] Built mathlib/Mathlib.Algebra.Module.Submodule.Defs:docInfo (2.9s)
✔ [14500/20312] Built mathlib/Mathlib.Data.Fintype.Fin:docInfo (3.0s)
✔ [14501/20312] Built mathlib/Mathlib.Order.Disjointed:docInfo (3.2s)
✔ [14502/20312] Built mathlib/Mathlib.Algebra.Order.SuccPred.PartialSups:docInfo (3.1s)
✔ [14503/20312] Built mathlib/Mathlib.SetTheory.Ordinal.Arithmetic:docInfo (4.2s)
✔ [14504/20312] Built mathlib/Mathlib.SetTheory.Ordinal.Univ:docInfo (3.7s)
✔ [14505/20312] Built mathlib/Mathlib.GroupTheory.GroupAction.SubMulAction.Pointwise:docInfo (2.8s)
✔ [14506/20312] Built mathlib/Mathlib.Algebra.Star.BigOperators:docInfo (3.7s)
✔ [14507/20312] Built mathlib/Mathlib.Dynamics.PeriodicPts.Lemmas:docInfo (3.1s)
✔ [14508/20312] Built mathlib/Mathlib.GroupTheory.GroupAction.Quotient:docInfo (2.8s)
✔ [14509/20312] Built mathlib/Mathlib.Algebra.BigOperators.Associated:docInfo (3.8s)
✔ [14510/20312] Built mathlib/Mathlib.RingTheory.Nilpotent.Defs:docInfo (2.8s)
✔ [14511/20312] Built mathlib/Mathlib.CategoryTheory.Limits.Shapes.BinaryProducts:docInfo (3.7s)
✔ [14512/20312] Built mathlib/Mathlib.CategoryTheory.Limits.Shapes.ZeroObjects:docInfo (2.5s)
✔ [14513/20312] Built mathlib/Mathlib.CategoryTheory.Limits.Preserves.Shapes.Terminal:docInfo (2.5s)
✔ [14514/20312] Built mathlib/Mathlib.CategoryTheory.Limits.Preserves.Shapes.Products:docInfo (2.8s)
✔ [14515/20312] Built mathlib/Mathlib.CategoryTheory.Limits.Preserves.Limits:docInfo (2.5s)
✔ [14516/20312] Built mathlib/Mathlib.CategoryTheory.Limits.Types.Yoneda:docInfo (2.9s)
✔ [14517/20312] Built mathlib/Mathlib.CategoryTheory.Limits.Creates:docInfo (3.1s)
✔ [14518/20312] Built mathlib/Mathlib.CategoryTheory.Monoidal.Braided.Basic:docInfo (3.4s)
✔ [14519/20312] Built mathlib/Mathlib.Order.Category.BddDistLat:docInfo (2.6s)
✔ [14520/20312] Built mathlib/Mathlib.CategoryTheory.Adjunction.Comma:docInfo (2.5s)
✔ [14521/20312] Built mathlib/Mathlib.CategoryTheory.WithTerminal.Basic:docInfo (3.4s)
✔ [14522/20312] Built mathlib/Mathlib.CategoryTheory.MorphismProperty.Comma:docInfo (3.6s)
✔ [14523/20312] Built mathlib/Mathlib.CategoryTheory.Grothendieck:docInfo (2.8s)
✔ [14524/20312] Built mathlib/Mathlib.CategoryTheory.EffectiveEpi.Basic:docInfo (2.8s)
✔ [14525/20312] Built mathlib/Mathlib.Data.Set.Accumulate:docInfo (3.0s)
✔ [14526/20312] Built mathlib/Mathlib.Topology.Bornology.Basic:docInfo (3.1s)
✔ [14527/20312] Built mathlib/Mathlib.Order.Filter.Ultrafilter.Basic:docInfo (2.9s)
✔ [14528/20312] Built mathlib/Mathlib.Order.Filter.IsBounded:docInfo (2.9s)
✔ [14529/20312] Built mathlib/Mathlib.CategoryTheory.Comma.Presheaf.Basic:docInfo (3.4s)
✔ [14530/20312] Built mathlib/Mathlib.CategoryTheory.Limits.EssentiallySmall:docInfo (2.6s)
✔ [14531/20312] Built mathlib/Mathlib.CategoryTheory.Comma.LocallySmall:docInfo (2.4s)
✔ [14532/20312] Built mathlib/Mathlib.Data.ENat.Lattice:docInfo (3.2s)
✔ [14533/20312] Built mathlib/Mathlib.Algebra.Group.Subgroup.Finsupp:docInfo (4.2s)
✔ [14534/20312] Built mathlib/Mathlib.Algebra.Group.Submonoid.Finsupp:docInfo (4.1s)
ℹ [14622/20394] Built mathlib/Mathlib.Data.Rat.Floor:docInfo (3.6s)
info: stdout:
WARNING: Failed to calculate equational lemmata for Rat.evalIntFract: unquoteExpr: __result.1 : Lean.Expr
WARNING: Failed to calculate equational lemmata for Rat.evalIntCeil: unquoteExpr: __result.2.1 : Lean.Expr
WARNING: Failed to calculate equational lemmata for Rat.evalIntFloor: unquoteExpr: __result.2.1 : Lean.Expr
WARNING: Failed to calculate equational lemmata for Rat.evalRound: unquoteExpr: __result.2.1 : Lean.Expr
✔ [14623/20394] Built mathlib/Mathlib.Order.WellQuasiOrder:docInfo (3.0s)
✔ [14624/20394] Built mathlib/Mathlib.GroupTheory.FreeAbelianGroup:docInfo (3.6s)
✔ [14625/20394] Built mathlib/Mathlib.Algebra.Module.Submodule.Basic:docInfo (3.5s)
✔ [14626/20394] Built mathlib/Mathlib.Algebra.Module.Submodule.Lattice:docInfo (3.7s)
✔ [14627/20394] Built mathlib/Mathlib.Algebra.Module.Submodule.LinearMap:docInfo (3.1s)
✔ [14628/20394] Built mathlib/Mathlib.Order.CompactlyGenerated.Basic:docInfo (3.5s)
✔ [14629/20394] Built mathlib/Mathlib.Data.Finsupp.Basic:docInfo (3.5s)
✔ [14630/20394] Built mathlib/Mathlib.LinearAlgebra.Quotient.Defs:docInfo (3.4s)
✔ [14631/20394] Built mathlib/Mathlib.RingTheory.Ideal.Defs:docInfo (3.2s)
✔ [14632/20394] Built mathlib/Mathlib.Data.DFinsupp.BigOperators:docInfo (3.0s)
✔ [14633/20394] Built mathlib/Mathlib.Algebra.Module.BigOperators:docInfo (3.2s)
✔ [14634/20394] Built mathlib/Mathlib.Data.Matrix.Mul:docInfo (3.6s)
✔ [14635/20394] Built mathlib/Mathlib.Algebra.BigOperators.Expect:docInfo (4.3s)
✔ [14636/20394] Built mathlib/Mathlib.CategoryTheory.Limits.Shapes.Pullback.Cospan:docInfo (3.2s)
✔ [14637/20394] Built mathlib/Mathlib.CategoryTheory.Limits.Preserves.Shapes.BinaryProducts:docInfo (3.4s)
✔ [14638/20394] Built mathlib/Mathlib.CategoryTheory.Limits.FunctorCategory.Basic:docInfo (3.0s)
✔ [14639/20394] Built mathlib/Mathlib.CategoryTheory.Limits.Preserves.Ulift:docInfo (3.2s)
✔ [14640/20394] Built mathlib/Mathlib.Algebra.Category.MonCat.Limits:docInfo (3.4s)
✔ [14641/20394] Built mathlib/Mathlib.Order.Category.HeytAlg:docInfo (2.0s)
✔ [14642/20394] Built mathlib/Mathlib.CategoryTheory.Monoidal.Braided.Opposite:docInfo (2.8s)
✔ [14643/20394] Built mathlib/Mathlib.CategoryTheory.Monoidal.Mon:docInfo (4.3s)
✔ [14644/20394] Built mathlib/Mathlib.CategoryTheory.Limits.Shapes.StrictInitial:docInfo (3.2s)
✔ [14645/20394] Built mathlib/Mathlib.CategoryTheory.Monad.Products:docInfo (3.1s)
✔ [14646/20394] Built mathlib/Mathlib.CategoryTheory.Adjunction.Limits:docInfo (3.4s)
✔ [14647/20394] Built mathlib/Mathlib.CategoryTheory.WithTerminal.Cone:docInfo (3.2s)
✔ [14648/20394] Built mathlib/Mathlib.CategoryTheory.Limits.Types.Products:docInfo (3.0s)
✔ [14649/20394] Built mathlib/Mathlib.CategoryTheory.Limits.Shapes.Grothendieck:docInfo (3.1s)
✔ [14650/20394] Built mathlib/Mathlib.Topology.Maps.Basic:docInfo (3.6s)
✔ [14651/20394] Built mathlib/Mathlib.Topology.UniformSpace.Defs:docInfo (3.5s)
✔ [14652/20394] Built mathlib/Mathlib.Topology.Ultrafilter:docInfo (3.1s)
✔ [14653/20394] Built mathlib/Mathlib.Order.LiminfLimsup:docInfo (3.5s)
✔ [14654/20394] Built mathlib/Mathlib.CategoryTheory.Comma.StructuredArrow.Functor:docInfo (3.3s)
✔ [14655/20394] Built mathlib/Mathlib.CategoryTheory.Limits.Types.Coproducts:docInfo (3.2s)
✔ [14656/20394] Built mathlib/Mathlib.Algebra.Category.Grp.Zero:docInfo (3.3s)
✔ [14657/20394] Built mathlib/Mathlib.RingTheory.Artinian.Defs:docInfo (2.8s)
✔ [14658/20394] Built mathlib/Mathlib.Order.RelSeries:docInfo (3.7s)
✔ [14659/20394] Built mathlib/Mathlib.CategoryTheory.Localization.CalculusOfFractions:docInfo (3.4s)
✔ [14660/20394] Built mathlib/Mathlib.CategoryTheory.Localization.LocalizerMorphism:docInfo (3.3s)
✔ [14661/20394] Built mathlib/Mathlib.CategoryTheory.Monoidal.FunctorCategory:docInfo (3.0s)
✔ [14662/20394] Built mathlib/Mathlib.CategoryTheory.Localization.Adjunction:docInfo (3.1s)
✔ [14663/20394] Built mathlib/Mathlib.Algebra.ContinuedFractions.Determinant:docInfo (3.6s)
✔ [14664/20394] Built mathlib/Mathlib.Algebra.ContinuedFractions.Computation.CorrectnessTerminating:docInfo (3.7s)
✔ [14665/20394] Built mathlib/Mathlib.Algebra.ContinuedFractions.ConvergentsEquiv:docInfo (3.6s)
✔ [14666/20394] Built mathlib/Mathlib.Algebra.Field.Action.ConjAct:docInfo (3.2s)
✔ [14667/20394] Built mathlib/Mathlib.Algebra.Group.Ideal:docInfo (3.4s)
✔ [14668/20394] Built mathlib/Mathlib.CategoryTheory.Monoidal.Skeleton:docInfo (2.7s)
✔ [14669/20394] Built mathlib/Mathlib.Algebra.Module.Submodule.Order:docInfo (2.7s)
✔ [14670/20394] Built mathlib/Mathlib.Topology.Bornology.Constructions:docInfo (3.2s)
✔ [14671/20394] Built mathlib/Mathlib.Data.Set.Dissipate:docInfo (3.3s)
✔ [14672/20394] Built mathlib/Mathlib.Topology.Bornology.Hom:docInfo (3.2s)
✔ [14673/20394] Built mathlib/Mathlib.Topology.Bornology.Absorbs:docInfo (3.4s)
✔ [14674/20394] Built mathlib/Mathlib.GroupTheory.Solvable:docInfo (3.6s)
✔ [14675/20394] Built mathlib/Mathlib.CategoryTheory.EffectiveEpi.Comp:docInfo (3.3s)
✔ [14676/20394] Built mathlib/Mathlib.CategoryTheory.Limits.Elements:docInfo (3.1s)
✔ [14677/20394] Built mathlib/Mathlib.CategoryTheory.Limits.Preorder:docInfo (3.3s)
✔ [14678/20394] Built mathlib/Mathlib.CategoryTheory.Monoidal.Center:docInfo (3.1s)
✔ [14679/20394] Built mathlib/Mathlib.Data.Fin.Tuple.Sort:docInfo (3.3s)
✔ [14680/20394] Built mathlib/Mathlib.CategoryTheory.Bicategory.Kan.HasKan:docInfo (3.5s)
✔ [14681/20394] Built mathlib/Mathlib.CategoryTheory.Localization.Trifunctor:docInfo (3.6s)
✔ [14682/20394] Built mathlib/Mathlib.CategoryTheory.EffectiveEpi.Enough:docInfo (2.9s)
✔ [14683/20394] Built mathlib/Mathlib.CategoryTheory.Limits.Shapes.CombinedProducts:docInfo (3.1s)
✔ [14684/20394] Built mathlib/Mathlib.CategoryTheory.Groupoid.FreeGroupoidOfCategory:docInfo (3.5s)
✔ [14685/20394] Built mathlib/Mathlib.CategoryTheory.WithTerminal.FinCategory:docInfo (3.3s)
✔ [14686/20394] Built mathlib/Mathlib.CategoryTheory.Limits.Shapes.PiProd:docInfo (3.2s)
✔ [14687/20394] Built mathlib/Mathlib.CategoryTheory.Monoidal.Braided.Multifunctor:docInfo (3.1s)
✔ [14688/20394] Built mathlib/Mathlib.CategoryTheory.Monoidal.Braided.Transport:docInfo (2.9s)
✔ [14689/20394] Built mathlib/Mathlib.Combinatorics.SetFamily.Shadow:docInfo (3.3s)
✔ [14690/20394] Built mathlib/Mathlib.Combinatorics.SimpleGraph.Walks.Operations:docInfo (2.0s)
✔ [14691/20394] Built mathlib/Mathlib.Computability.Ackermann:docInfo (3.1s)
✔ [14692/20394] Built mathlib/Mathlib.Computability.RE:docInfo (3.4s)
✔ [14693/20394] Built mathlib/Mathlib.Computability.PartrecBasis:docInfo (3.5s)
✔ [14694/20394] Built mathlib/Mathlib.Computability.TuringDegree:docInfo (3.4s)
✔ [14695/20394] Built mathlib/Mathlib.Data.ENat.BigOperators:docInfo (3.4s)
✔ [14696/20394] Built mathlib/Mathlib.Data.Nat.Nth:docInfo (3.5s)
✔ [14697/20394] Built mathlib/Mathlib.Data.PFunctor.Multivariate.M:docInfo (3.6s)
✔ [14698/20394] Built mathlib/Mathlib.Data.PFunctor.Multivariate.W:docInfo (3.3s)
✔ [14699/20394] Built mathlib/Mathlib.Data.QPF.Multivariate.Basic:docInfo (3.5s)
✔ [14700/20394] Built mathlib/Mathlib.Data.QPF.Univariate.Basic:docInfo (3.1s)
✔ [14701/20394] Built mathlib/Mathlib.Data.Seq.Parallel:docInfo (3.6s)
✔ [14702/20394] Built mathlib/Mathlib.Data.WSeq.Productive:docInfo (3.5s)
✔ [14703/20394] Built mathlib/Mathlib.Order.Category.FinBddDistLat:docInfo (3.5s)
✔ [14704/20394] Built mathlib/Mathlib.SetTheory.Descriptive.Tree:docInfo (2.8s)
✔ [14705/20394] Built mathlib/Mathlib.Topology.Instances.ZMod:docInfo (3.4s)
✔ [14801/20490] Built mathlib/Mathlib.Algebra.Order.Archimedean.Basic:docInfo (3.6s)
✔ [14802/20490] Built mathlib/Mathlib.Algebra.Module.Submodule.Map:docInfo (3.6s)
✔ [14803/20490] Built mathlib/Mathlib.Algebra.Module.Submodule.RestrictScalars:docInfo (3.4s)
✔ [14804/20490] Built mathlib/Mathlib.LinearAlgebra.Span.Defs:docInfo (3.7s)
✔ [14805/20490] Built mathlib/Mathlib.Data.Finsupp.Option:docInfo (3.5s)
✔ [14806/20490] Built mathlib/Mathlib.Data.Finsupp.SMul:docInfo (3.5s)
✔ [14807/20490] Built mathlib/Mathlib.Algebra.BigOperators.Fin:docInfo (3.5s)
✔ [14808/20490] Built mathlib/Mathlib.SetTheory.Cardinal.Finite:docInfo (3.4s)
✔ [14809/20490] Built mathlib/Mathlib.Algebra.Order.BigOperators.Group.LocallyFinite:docInfo (3.2s)
✔ [14810/20490] Built mathlib/Mathlib.RingTheory.Ideal.Lattice:docInfo (3.5s)
✔ [14811/20490] Built mathlib/Mathlib.RingTheory.Ideal.Quotient.Defs:docInfo (3.2s)
✔ [14812/20490] Built mathlib/Mathlib.SetTheory.Ordinal.Family:docInfo (3.6s)
✔ [14813/20490] Built mathlib/Mathlib.Data.DFinsupp.Submonoid:docInfo (3.4s)
✔ [14814/20490] Built mathlib/Mathlib.Algebra.FreeAbelianGroup.Finsupp:docInfo (3.3s)
✔ [14815/20490] Built mathlib/Mathlib.Algebra.MonoidAlgebra.Defs:docInfo (3.6s)
✔ [14816/20490] Built mathlib/Mathlib.Data.Finsupp.Multiset:docInfo (3.6s)
✔ [14817/20490] Built mathlib/Mathlib.Data.Finsupp.Order:docInfo (3.4s)
✔ [14818/20490] Built mathlib/Mathlib.RingTheory.UniqueFactorizationDomain.Basic:docInfo (3.5s)
✔ [14819/20490] Built mathlib/Mathlib.Algebra.BigOperators.Balance:docInfo (3.5s)
✔ [14820/20490] Built mathlib/Mathlib.CategoryTheory.Limits.Shapes.Pullback.PullbackCone:docInfo (3.3s)
✔ [14821/20490] Built mathlib/Mathlib.LinearAlgebra.Matrix.SemiringInverse:docInfo (3.4s)
✔ [14822/20490] Built mathlib/Mathlib.CategoryTheory.Limits.Yoneda:docInfo (3.2s)
✔ [14823/20490] Built mathlib/Mathlib.Order.Category.BoolAlg:docInfo (3.3s)
✔ [14824/20490] Built mathlib/Mathlib.CategoryTheory.Limits.Shapes.Equivalence:docInfo (3.1s)
✔ [14825/20490] Built mathlib/Mathlib.Topology.Homeomorph.Defs:docInfo (3.0s)
✔ [14826/20490] Built mathlib/Mathlib.CategoryTheory.Limits.Skeleton:docInfo (2.0s)
✔ [14827/20490] Built mathlib/Mathlib.CategoryTheory.Action.Basic:docInfo (3.5s)
✔ [14828/20490] Built mathlib/Mathlib.CategoryTheory.Monoidal.Closed.Basic:docInfo (3.2s)
✔ [14829/20490] Built mathlib/Mathlib.CategoryTheory.Monoidal.CommMon_:docInfo (3.2s)
✔ [14830/20490] Built mathlib/Mathlib.CategoryTheory.Monad.Limits:docInfo (3.1s)
✔ [14831/20490] Built mathlib/Mathlib.RingTheory.Ideal.BigOperators:docInfo (3.1s)
✔ [14832/20490] Built mathlib/Mathlib.CategoryTheory.Localization.CalculusOfFractions.ComposableArrows:docInfo (3.2s)
✔ [14833/20490] Built mathlib/Mathlib.CategoryTheory.Localization.CalculusOfFractions.Fractions:docInfo (3.1s)
✔ [14834/20490] Built mathlib/Mathlib.CategoryTheory.Localization.Composition:docInfo (3.2s)
✔ [14835/20490] Built mathlib/Mathlib.CategoryTheory.Localization.HomEquiv:docInfo (3.2s)
✔ [14836/20490] Built mathlib/Mathlib.LinearAlgebra.Matrix.Action:docInfo (3.1s)
✔ [14837/20490] Built mathlib/Mathlib.CategoryTheory.Monoidal.Limits.Preserves:docInfo (3.2s)
✔ [14838/20490] Built mathlib/Mathlib.CategoryTheory.Limits.FunctorCategory.Shapes.Terminal:docInfo (2.8s)
✔ [14839/20490] Built mathlib/Mathlib.CategoryTheory.Limits.ColimitLimit:docInfo (3.1s)
✔ [14840/20490] Built mathlib/Mathlib.Algebra.Category.MonCat.Adjunctions:docInfo (3.4s)
✔ [14841/20490] Built mathlib/Mathlib.RingTheory.FreeRing:docInfo (2.9s)
✔ [14842/20490] Built mathlib/Mathlib.Algebra.ContinuedFractions.Computation.Approximations:docInfo (3.2s)
✔ [14843/20490] Built mathlib/Mathlib.CategoryTheory.Localization.Quotient:docInfo (2.0s)
✔ [14844/20490] Built mathlib/Mathlib.MeasureTheory.MeasurableSpace.Constructions:docInfo (3.5s)
✔ [14845/20490] Built mathlib/Mathlib.Topology.UniformSpace.OfFun:docInfo (2.0s)
✔ [14846/20490] Built mathlib/Mathlib.Combinatorics.Enumerative.InclusionExclusion:docInfo (3.2s)
ℹ [14847/20490] Built mathlib/Mathlib.Algebra.Order.BigOperators.Expect:docInfo (3.7s)
info: stdout:
WARNING: Failed to calculate equational lemmata for Mathlib.Meta.Positivity.evalFinsetExpect: unquoteExpr: __result.2.2.1 : Lean.Expr
✔ [14848/20490] Built mathlib/Mathlib.Algebra.Order.Disjointed:docInfo (3.1s)
✔ [14849/20490] Built mathlib/Mathlib.CategoryTheory.Comma.Over.StrictInitial:docInfo (3.2s)
✔ [14850/20490] Built mathlib/Mathlib.CategoryTheory.Limits.Shapes.Preorder.Basic:docInfo (3.1s)
✔ [14851/20490] Built mathlib/Mathlib.CategoryTheory.Localization.CalculusOfFractions.OfAdjunction:docInfo (3.2s)
✔ [14852/20490] Built mathlib/Mathlib.CategoryTheory.Localization.Resolution:docInfo (3.5s)
✔ [14853/20490] Built mathlib/Mathlib.Data.Matrix.PEquiv:docInfo (3.3s)
✔ [14854/20490] Built mathlib/Mathlib.CategoryTheory.Limits.FunctorToTypes:docInfo (2.9s)
✔ [14855/20490] Built mathlib/Mathlib.CategoryTheory.Limits.Preserves.Grothendieck:docInfo (3.2s)
✔ [14856/20490] Built mathlib/Mathlib.CategoryTheory.Limits.FunctorCategory.Shapes.Products:docInfo (3.0s)
✔ [14857/20490] Built mathlib/Mathlib.CategoryTheory.Adjunction.FullyFaithfulLimits:docInfo (3.2s)
✔ [14858/20490] Built mathlib/Mathlib.CategoryTheory.Bicategory.Kan.Adjunction:docInfo (3.2s)
✔ [14859/20490] Built mathlib/Mathlib.CategoryTheory.Localization.Monoidal.Basic:docInfo (2.9s)
✔ [14860/20490] Built mathlib/Mathlib.CategoryTheory.Limits.Shapes.FunctorToTypes:docInfo (3.2s)
✔ [14861/20490] Built mathlib/Mathlib.CategoryTheory.Localization.Monoidal.Functor:docInfo (2.9s)
✔ [14862/20490] Built mathlib/Mathlib.CategoryTheory.Monad.EquivMon:docInfo (2.9s)
✔ [14863/20490] Built mathlib/Mathlib.CategoryTheory.Monoidal.Mon_:docInfo (2.0s)
✔ [14864/20490] Built mathlib/Mathlib.CategoryTheory.Monoidal.Opposite.Mon:docInfo (2.9s)
✔ [14865/20490] Built mathlib/Mathlib.Combinatorics.Pigeonhole:docInfo (3.3s)
✔ [14866/20490] Built mathlib/Mathlib.Combinatorics.SimpleGraph.Subgraph:docInfo (3.4s)
✔ [14867/20490] Built mathlib/Mathlib.Combinatorics.SimpleGraph.Walk.Maps:docInfo (3.5s)
✔ [14868/20490] Built mathlib/Mathlib.Combinatorics.SetFamily.FourFunctions:docInfo (3.5s)
✔ [14869/20490] Built mathlib/Mathlib.Combinatorics.SimpleGraph.EdgeLabeling:docInfo (3.0s)
✔ [14870/20490] Built mathlib/Mathlib.Combinatorics.SimpleGraph.IncMatrix:docInfo (3.6s)
✔ [14871/20490] Built mathlib/Mathlib.Computability.Halting:docInfo (3.3s)
✔ [14872/20490] Built mathlib/Mathlib.Computability.TuringMachine.Config:docInfo (4.1s)
✔ [14873/20490] Built mathlib/Mathlib.Data.DFinsupp.Interval:docInfo (3.6s)
✔ [14874/20490] Built mathlib/Mathlib.Data.DFinsupp.Multiset:docInfo (3.5s)
✔ [14875/20490] Built mathlib/Mathlib.Data.Finsupp.AList:docInfo (3.4s)
✔ [14876/20490] Built mathlib/Mathlib.Data.Finsupp.Sigma:docInfo (3.3s)
✔ [14877/20490] Built mathlib/Mathlib.Data.Int.CardIntervalMod:docInfo (3.3s)
ℹ [14878/20490] Built mathlib/Mathlib.Data.NNRat.Floor:docInfo (3.2s)
info: stdout:
WARNING: Failed to calculate equational lemmata for Mathlib.Meta.NormNum.evalNatCeil: unquoteExpr: __result.2.1 : Lean.Expr
✔ [14879/20490] Built mathlib/Mathlib.Data.Nat.Prime.Nth:docInfo (3.2s)
✔ [14880/20490] Built mathlib/Mathlib.Data.QPF.Multivariate.Constructions.Cofix:docInfo (3.3s)
✔ [14881/20490] Built mathlib/Mathlib.Data.QPF.Multivariate.Constructions.Comp:docInfo (2.9s)
✔ [14882/20490] Built mathlib/Mathlib.Data.QPF.Multivariate.Constructions.Const:docInfo (3.0s)
✔ [14883/20490] Built mathlib/Mathlib.Data.QPF.Multivariate.Constructions.Fix:docInfo (3.3s)
✔ [14884/20490] Built mathlib/Mathlib.Data.QPF.Multivariate.Constructions.Prj:docInfo (3.0s)
✔ [14885/20490] Built mathlib/Mathlib.Data.QPF.Multivariate.Constructions.Quot:docInfo (3.3s)
✔ [14886/20490] Built mathlib/Mathlib.Data.QPF.Multivariate.Constructions.Sigma:docInfo (2.8s)
✔ [14887/20490] Built mathlib/Mathlib.ModelTheory.Syntax:docInfo (4.1s)
✔ [14888/20490] Built mathlib/Mathlib.GroupTheory.Congruence.BigOperators:docInfo (3.5s)
✔ [14889/20490] Built mathlib/Mathlib.LinearAlgebra.Matrix.Integer:docInfo (3.6s)
✔ [14890/20490] Built mathlib/Mathlib.LinearAlgebra.Matrix.Irreducible.Defs:docInfo (3.4s)
✔ [14891/20490] Built mathlib/Mathlib.LinearAlgebra.Matrix.Orthogonal:docInfo (3.3s)
✔ [14892/20490] Built mathlib/Mathlib.SetTheory.Cardinal.UnivLE:docInfo (3.2s)
✔ [14893/20490] Built mathlib/Mathlib.SetTheory.Ordinal.Commute:docInfo (3.4s)
✔ [14894/20490] Built mathlib/Mathlib.SetTheory.Ordinal.FixedPointApproximants:docInfo (3.3s)
✔ [14929/20524] Built mathlib/Mathlib.CategoryTheory.Monoidal.Mod:docInfo (3.4s)
✔ [14983/20577] Built mathlib/Mathlib.Order.WellFoundedSet:docInfo (3.6s)
✔ [14984/20577] Built mathlib/Mathlib.Algebra.BigOperators.Intervals:docInfo (3.6s)
ℹ [14985/20577] Built mathlib/Mathlib.Data.Fin.Tuple.Reflection:docInfo (3.7s)
info: stdout:
WARNING: Failed to calculate equational lemmata for Fin.sum_univ_ofNat: unquoteExpr: __result.1 : Lean.Expr
WARNING: Failed to calculate equational lemmata for Fin.prod_univ_ofNat: unquoteExpr: __result.1 : Lean.Expr
✔ [14986/20577] Built mathlib/Mathlib.LinearAlgebra.Quotient.Card:docInfo (3.8s)
✔ [14987/20577] Built mathlib/Mathlib.Algebra.BigOperators.Finsupp.Fin:docInfo (3.5s)
✔ [14988/20577] Built mathlib/Mathlib.Algebra.GroupWithZero.Units.Fintype:docInfo (3.5s)
✔ [14989/20577] Built mathlib/Mathlib.GroupTheory.Coset.Card:docInfo (3.6s)
✔ [14990/20577] Built mathlib/Mathlib.Algebra.BigOperators.Ring.Nat:docInfo (3.2s)
✔ [14991/20577] Built mathlib/Mathlib.Data.Fin.Tuple.NatAntidiagonal:docInfo (3.6s)
✔ [14992/20577] Built mathlib/Mathlib.Combinatorics.Enumerative.Composition:docInfo (3.7s)
✔ [14993/20577] Built mathlib/Mathlib.Algebra.Category.BoolRing:docInfo (3.5s)
✔ [14994/20577] Built mathlib/Mathlib.CategoryTheory.Monoidal.Comon_:docInfo (3.5s)
✔ [14995/20577] Built mathlib/Mathlib.Topology.Constructions.SumProd:docInfo (3.2s)
✔ [14996/20577] Built mathlib/Mathlib.Topology.Algebra.InfiniteSum.SummationFilter:docInfo (3.3s)
✔ [14997/20577] Built mathlib/Mathlib.Order.KrullDimension:docInfo (3.6s)
✔ [14998/20577] Built mathlib/Mathlib.Order.CompactlyGenerated.Intervals:docInfo (3.3s)
✔ [14999/20577] Built mathlib/Mathlib.Order.JordanHolder:docInfo (3.4s)
✔ [15000/20577] Built mathlib/Mathlib.CategoryTheory.Monoidal.ExternalProduct.Basic:docInfo (3.4s)
✔ [15001/20577] Built mathlib/Mathlib.Algebra.ContinuedFractions.Computation.TerminatesIffRat:docInfo (3.6s)
✔ [15002/20577] Built mathlib/Mathlib.Algebra.GroupWithZero.Pointwise.Set.Card:docInfo (3.6s)
✔ [15003/20577] Built mathlib/Mathlib.Order.BooleanGenerators:docInfo (3.3s)
✔ [15004/20577] Built mathlib/Mathlib.MeasureTheory.MeasurableSpace.Embedding:docInfo (3.8s)
✔ [15005/20577] Built mathlib/Mathlib.MeasureTheory.MeasurableSpace.MeasurablyGenerated:docInfo (3.7s)
✔ [15006/20577] Built mathlib/Mathlib.Algebra.Order.Archimedean.Real.Basic:docInfo (3.7s)
✔ [15007/20577] Built mathlib/Mathlib.Topology.Order.Bornology:docInfo (3.4s)
✔ [15008/20577] Built mathlib/Mathlib.Order.Filter.AtTopBot.Archimedean:docInfo (3.9s)
✔ [15009/20577] Built mathlib/Mathlib.GroupTheory.Archimedean:docInfo (3.6s)
✔ [15010/20577] Built mathlib/Mathlib.MeasureTheory.PiSystem:docInfo (3.4s)
✔ [15011/20577] Built mathlib/Mathlib.Data.Complex.BigOperators:docInfo (3.3s)
✔ [15012/20577] Built mathlib/Mathlib.LinearAlgebra.AffineSpace.AffineSubspace.Defs:docInfo (3.6s)
✔ [15013/20577] Built mathlib/Mathlib.Algebra.Order.Archimedean.Class:docInfo (3.0s)
✔ [15014/20577] Built mathlib/Mathlib.Algebra.Order.Archimedean.Hom:docInfo (3.5s)
✔ [15015/20577] Built mathlib/Mathlib.Algebra.Order.Archimedean.IndicatorCard:docInfo (3.9s)
✔ [15016/20577] Built mathlib/Mathlib.Algebra.Order.Archimedean.Submonoid:docInfo (3.4s)
✔ [15017/20577] Built mathlib/Mathlib.Data.Finsupp.Interval:docInfo (3.8s)
✔ [15018/20577] Built mathlib/Mathlib.Order.Interval.Finset.Box:docInfo (3.8s)
✔ [15019/20577] Built mathlib/Mathlib.CategoryTheory.Localization.StructuredArrow:docInfo (2.8s)
✔ [15020/20577] Built mathlib/Mathlib.CategoryTheory.Monoidal.Limits.Basic:docInfo (3.1s)
✔ [15021/20577] Built mathlib/Mathlib.Combinatorics.Additive.RuzsaCovering:docInfo (3.5s)
✔ [15022/20577] Built mathlib/Mathlib.Combinatorics.SimpleGraph.Copy:docInfo (3.7s)
✔ [15023/20577] Built mathlib/Mathlib.Combinatorics.SimpleGraph.Operations:docInfo (3.4s)
✔ [15024/20577] Built mathlib/Mathlib.Combinatorics.SimpleGraph.Walk.Subwalks:docInfo (3.5s)
✔ [15025/20577] Built mathlib/Mathlib.Combinatorics.Enumerative.Catalan.Basic:docInfo (3.7s)
✔ [15026/20577] Built mathlib/Mathlib.Combinatorics.Enumerative.IncidenceAlgebra:docInfo (3.9s)
✔ [15027/20577] Built mathlib/Mathlib.Combinatorics.Enumerative.Schroder:docInfo (3.8s)
✔ [15028/20577] Built mathlib/Mathlib.Combinatorics.SetFamily.Compression.UV:docInfo (3.2s)
✔ [15029/20577] Built mathlib/Mathlib.Combinatorics.SetFamily.LYM:docInfo (3.2s)
✔ [15030/20577] Built mathlib/Mathlib.Combinatorics.SimpleGraph.Walks.Maps:docInfo (3.4s)
✔ [15031/20577] Built mathlib/Mathlib.Data.Fin.Tuple.BubbleSortInduction:docInfo (3.0s)
✔ [15032/20577] Built mathlib/Mathlib.Data.Matrix.Action:docInfo (3.4s)
✔ [15033/20577] Built mathlib/Mathlib.Data.Multiset.Interval:docInfo (3.5s)
✔ [15034/20577] Built mathlib/Mathlib.ModelTheory.Semantics:docInfo (3.0s)
✔ [15035/20577] Built mathlib/Mathlib.Topology.Homeomorph.TransferInstance:docInfo (3.0s)
✔ [15036/20577] Built mathlib/Mathlib.GroupTheory.GroupAction.SubMulAction.OfStabilizer:docInfo (3.9s)
✔ [15037/20577] Built mathlib/Mathlib.LinearAlgebra.ConvexSpace:docInfo (3.7s)
✔ [15038/20577] Built mathlib/Mathlib.MeasureTheory.Constructions.SubmoduleQuotient:docInfo (3.3s)
✔ [15039/20577] Built mathlib/Mathlib.MeasureTheory.MeasurableSpace.PreorderRestrict:docInfo (3.4s)
✔ [15040/20577] Built mathlib/Mathlib.NumberTheory.ClassNumber.AdmissibleAbsoluteValue:docInfo (3.6s)
✔ [15041/20577] Built mathlib/Mathlib.Order.Category.FinBoolAlg:docInfo (3.3s)
✔ [15042/20577] Built mathlib/Mathlib.SetTheory.Ordinal.Rank:docInfo (3.4s)
✔ [15043/20577] Built mathlib/Mathlib.RingTheory.Congruence.BigOperators:docInfo (3.8s)
✔ [15044/20577] Built mathlib/Mathlib.Topology.Category.Born:docInfo (3.3s)
✔ [15045/20577] Built mathlib/Mathlib.Topology.UniformSpace.AbsoluteValue:docInfo (3.3s)
✔ [15047/20578] Built mathlib/Mathlib.Algebra.AddConstMap.Basic:docInfo (3.7s)
✔ [15048/20578] Built mathlib/Mathlib.Algebra.Module.Submodule.Ker:docInfo (3.4s)
✔ [15049/20578] Built mathlib/Mathlib.LinearAlgebra.Finsupp.Defs:docInfo (3.0s)
✔ [15050/20578] Built mathlib/Mathlib.Data.Set.Card:docInfo (3.9s)
✔ [15051/20578] Built mathlib/Mathlib.SetTheory.Cardinal.NatCard:docInfo (3.5s)
✔ [15052/20578] Built mathlib/Mathlib.RingTheory.Ideal.Prime:docInfo (3.2s)
✔ [15053/20578] Built mathlib/Mathlib.SetTheory.Cardinal.Cofinality.Enum:docInfo (3.5s)
✔ [15054/20578] Built mathlib/Mathlib.SetTheory.Ordinal.Enum:docInfo (3.5s)
✔ [15055/20578] Built mathlib/Mathlib.SetTheory.Ordinal.Exponential:docInfo (3.7s)
✔ [15056/20578] Built mathlib/Mathlib.Data.Finsupp.ToDFinsupp:docInfo (3.7s)
✔ [15057/20578] Built mathlib/Mathlib.LinearAlgebra.Finsupp.SumProd:docInfo (3.5s)
✔ [15058/20578] Built mathlib/Mathlib.Algebra.MonoidAlgebra.Lift:docInfo (3.5s)
✔ [15059/20578] Built mathlib/Mathlib.Algebra.MonoidAlgebra.Opposite:docInfo (3.4s)
✔ [15060/20578] Built mathlib/Mathlib.Algebra.Module.Submodule.Invariant:docInfo (3.4s)
✔ [15061/20578] Built mathlib/Mathlib.Algebra.DirectSum.Basic:docInfo (3.6s)
✔ [15062/20578] Built mathlib/Mathlib.Algebra.FreeAbelianGroup.UniqueSums:docInfo (3.2s)
✔ [15063/20578] Built mathlib/Mathlib.Algebra.MonoidAlgebra.MapDomain:docInfo (3.8s)
✔ [15064/20578] Built mathlib/Mathlib.Data.Finsupp.Antidiagonal:docInfo (3.6s)
✔ [15065/20578] Built mathlib/Mathlib.Data.Nat.Factorization.Defs:docInfo (3.8s)
✔ [15066/20578] Built mathlib/Mathlib.Algebra.MonoidAlgebra.Division:docInfo (3.7s)
✔ [15067/20578] Built mathlib/Mathlib.RingTheory.UniqueFactorizationDomain.NormalizedFactors:docInfo (3.4s)
✔ [15068/20578] Built mathlib/Mathlib.RingTheory.UniqueFactorizationDomain.FactorSet:docInfo (3.6s)
✔ [15069/20578] Built mathlib/Mathlib.CategoryTheory.Localization.SmallHom:docInfo (2.9s)
✔ [15070/20578] Built mathlib/Mathlib.CategoryTheory.Localization.Monoidal.Braided:docInfo (3.1s)
✔ [15103/20610] Built mathlib/Mathlib.CategoryTheory.Monoidal.Braided.Reflection:docInfo (3.1s)
✔ [15168/20674] Built mathlib/Mathlib.Algebra.Group.Submonoid.Pointwise:docInfo (3.8s)
✔ [15169/20674] Built mathlib/Mathlib.LinearAlgebra.Finsupp.LSum:docInfo (3.4s)
✔ [15170/20674] Built mathlib/Mathlib.Algebra.Group.Subgroup.Finite:docInfo (3.9s)
✔ [15171/20674] Built mathlib/Mathlib.Data.Nat.Choose.Sum:docInfo (4.1s)
✔ [15172/20674] Built mathlib/Mathlib.SetTheory.Ordinal.FixedPoint:docInfo (3.2s)
✔ [15173/20674] Built mathlib/Mathlib.Algebra.MonoidAlgebra.NoZeroDivisors:docInfo (3.2s)
✔ [15174/20674] Built mathlib/Mathlib.Data.DFinsupp.Lex:docInfo (3.9s)
✔ [15175/20674] Built mathlib/Mathlib.Algebra.Ring.GeomSum:docInfo (4.2s)
✔ [15176/20674] Built mathlib/Mathlib.Data.Nat.Digits.Lemmas:docInfo (4.3s)
✔ [15177/20674] Built mathlib/Mathlib.Data.Nat.Factorization.Basic:docInfo (3.2s)
✔ [15178/20674] Built mathlib/Mathlib.RingTheory.UniqueFactorizationDomain.Finite:docInfo (2.9s)
✔ [15179/20674] Built mathlib/Mathlib.RingTheory.UniqueFactorizationDomain.GCDMonoid:docInfo (2.9s)
✔ [15180/20674] Built mathlib/Mathlib.Data.DFinsupp.Small:docInfo (3.3s)
✔ [15181/20674] Built mathlib/Mathlib.Algebra.BigOperators.Module:docInfo (4.0s)
✔ [15182/20674] Built mathlib/Mathlib.CategoryTheory.Limits.Shapes.Pullback.HasPullback:docInfo (3.3s)
✔ [15183/20674] Built mathlib/Mathlib.Algebra.Order.Antidiag.Pi:docInfo (4.1s)
✔ [15184/20674] Built mathlib/Mathlib.RingTheory.UniqueFactorizationDomain.Multiplicity:docInfo (3.2s)
✔ [15185/20674] Built mathlib/Mathlib.CategoryTheory.Limits.ConeCategory:docInfo (3.5s)
✔ [15186/20674] Built mathlib/Mathlib.Topology.Algebra.Monoid.Defs:docInfo (2.9s)
✔ [15187/20674] Built mathlib/Mathlib.Topology.Constructions:docInfo (3.3s)
✔ [15188/20674] Built mathlib/Mathlib.CategoryTheory.Monoidal.Rigid.Basic:docInfo (3.7s)
✔ [15189/20674] Built mathlib/Mathlib.CategoryTheory.Functor.KanExtension.Basic:docInfo (3.7s)
✔ [15190/20674] Built mathlib/Mathlib.Data.Nat.Factorization.Induction:docInfo (3.1s)
✔ [15191/20674] Built mathlib/Mathlib.Algebra.DirectSum.Ring:docInfo (3.0s)
✔ [15192/20674] Built mathlib/Mathlib.Data.Set.PowersetCard:docInfo (3.6s)
✔ [15193/20674] Built mathlib/Mathlib.Algebra.DirectSum.AddChar:docInfo (3.4s)
✔ [15194/20674] Built mathlib/Mathlib.Algebra.Group.ConjFinite:docInfo (3.9s)
✔ [15195/20674] Built mathlib/Mathlib.Algebra.Group.Pointwise.Set.Card:docInfo (3.5s)
✔ [15196/20674] Built mathlib/Mathlib.Algebra.GroupWithZero.Torsion:docInfo (2.0s)
✔ [15197/20674] Built mathlib/Mathlib.Data.Nat.Factorial.SuperFactorial:docInfo (4.0s)
✔ [15198/20674] Built mathlib/Mathlib.RingTheory.UniqueFactorizationDomain.Multiplicative:docInfo (2.0s)
✔ [15199/20674] Built mathlib/Mathlib.RingTheory.UniqueFactorizationDomain.Finsupp:docInfo (3.1s)
✔ [15200/20674] Built mathlib/Mathlib.Data.Finsupp.Encodable:docInfo (3.2s)
✔ [15201/20674] Built mathlib/Mathlib.MeasureTheory.MeasurableSpace.CountablyGenerated:docInfo (4.2s)
✔ [15202/20674] Built mathlib/Mathlib.MeasureTheory.MeasurableSpace.Prod:docInfo (3.8s)
✔ [15203/20674] Built mathlib/Mathlib.MeasureTheory.MeasurableSpace.Pi:docInfo (3.7s)
✔ [15204/20674] Built mathlib/Mathlib.Data.Set.SMulAntidiagonal:docInfo (3.5s)
✔ [15205/20674] Built mathlib/Mathlib.RingTheory.UniqueFactorizationDomain.Nat:docInfo (2.0s)
✔ [15206/20674] Built mathlib/Mathlib.Algebra.Order.Group.Ideal:docInfo (3.6s)
✔ [15207/20674] Built mathlib/Mathlib.Data.Set.MulAntidiagonal:docInfo (3.5s)
✔ [15208/20674] Built mathlib/Mathlib.RingTheory.HahnSeries.Basic:docInfo (3.8s)
✔ [15209/20674] Built mathlib/Mathlib.Combinatorics.Matroid.Basic:docInfo (3.7s)
✔ [15210/20674] Built mathlib/Mathlib.Topology.FiberBundle.IsHomeomorphicTrivialBundle:docInfo (2.9s)
✔ [15211/20674] Built mathlib/Mathlib.CategoryTheory.Limits.Preserves.Yoneda:docInfo (3.1s)
✔ [15212/20674] Built mathlib/Mathlib.CategoryTheory.Action.Concrete:docInfo (3.7s)
✔ [15213/20674] Built mathlib/Mathlib.CategoryTheory.Bicategory.Monad.Basic:docInfo (3.4s)
✔ [15214/20674] Built mathlib/Mathlib.CategoryTheory.CopyDiscardCategory.Basic:docInfo (3.4s)
✔ [15215/20674] Built mathlib/Mathlib.CategoryTheory.Monoidal.Bimon_:docInfo (3.7s)
✔ [15216/20674] Built mathlib/Mathlib.CategoryTheory.Monoidal.Internal.Limits:docInfo (3.6s)
✔ [15217/20674] Built mathlib/Mathlib.CategoryTheory.Monoidal.Closed.FunctorCategory.Groupoid:docInfo (3.4s)
✔ [15218/20674] Built mathlib/Mathlib.CategoryTheory.Monoidal.Closed.InternalCurrying:docInfo (3.5s)
✔ [15219/20674] Built mathlib/Mathlib.CategoryTheory.Monoidal.Closed.Transport:docInfo (3.4s)
✔ [15220/20674] Built mathlib/Mathlib.CategoryTheory.Monoidal.CommComon_:docInfo (3.4s)
✔ [15221/20674] Built mathlib/Mathlib.CategoryTheory.Monoidal.Conv:docInfo (3.6s)
✔ [15222/20674] Built mathlib/Mathlib.CategoryTheory.Monoidal.Internal.FunctorCategory:docInfo (3.5s)
✔ [15223/20674] Built mathlib/Mathlib.CategoryTheory.Monoidal.Mod_:docInfo (2.9s)
✔ [15224/20674] Built mathlib/Mathlib.CategoryTheory.Monoidal.Opposite.Mon_:docInfo (2.0s)
✔ [15225/20674] Built mathlib/Mathlib.CategoryTheory.Pi.Monoidal:docInfo (3.6s)
✔ [15226/20674] Built mathlib/Mathlib.Combinatorics.SimpleGraph.Walk.Decomp:docInfo (2.8s)
✔ [15227/20674] Built mathlib/Mathlib.Combinatorics.Enumerative.Catalan.Tree:docInfo (4.2s)
✔ [15228/20674] Built mathlib/Mathlib.Combinatorics.Hypergraph.Basic:docInfo (3.3s)
✔ [15229/20674] Built mathlib/Mathlib.Combinatorics.SetFamily.AhlswedeZhang:docInfo (4.1s)
✔ [15230/20674] Built mathlib/Mathlib.Combinatorics.SimpleGraph.Extremal.Basic:docInfo (2.9s)
✔ [15231/20674] Built mathlib/Mathlib.Combinatorics.SimpleGraph.LineGraph:docInfo (2.8s)
✔ [15232/20674] Built mathlib/Mathlib.Combinatorics.SimpleGraph.Walks.Subwalks:docInfo (2.7s)
✔ [15233/20674] Built mathlib/Mathlib.Computability.Reduce:docInfo (3.3s)
✔ [15234/20674] Built mathlib/Mathlib.Computability.TMConfig:docInfo (3.2s)
✔ [15235/20674] Built mathlib/Mathlib.Computability.TuringMachine.ToPartrec:docInfo (3.7s)
✔ [15236/20674] Built mathlib/Mathlib.Data.Finite.Card:docInfo (3.6s)
✔ [15237/20674] Built mathlib/Mathlib.Data.Finsupp.PWO:docInfo (3.6s)
✔ [15238/20674] Built mathlib/Mathlib.Data.Fintype.Units:docInfo (3.6s)
✔ [15239/20674] Built mathlib/Mathlib.Data.Nat.Factorization.Divisors:docInfo (2.9s)
✔ [15240/20674] Built mathlib/Mathlib.Data.Nat.Factorization.Root:docInfo (3.2s)
✔ [15241/20674] Built mathlib/Mathlib.Data.Setoid.Partition.Card:docInfo (3.6s)
✔ [15242/20674] Built mathlib/Mathlib.Data.Sym.NatCard:docInfo (3.1s)
✔ [15243/20674] Built mathlib/Mathlib.ModelTheory.Algebra.Ring.Basic:docInfo (2.0s)
✔ [15244/20674] Built mathlib/Mathlib.ModelTheory.Quotients:docInfo (3.0s)
✔ [15245/20674] Built mathlib/Mathlib.ModelTheory.Definability:docInfo (3.2s)
✔ [15246/20674] Built mathlib/Mathlib.Topology.Instances.Shrink:docInfo (2.0s)
✔ [15247/20674] Built mathlib/Mathlib.GroupTheory.Abelianization.Finite:docInfo (3.8s)
✔ [15248/20674] Built mathlib/Mathlib.SetTheory.Cardinal.Embedding:docInfo (3.7s)
✔ [15249/20674] Built mathlib/Mathlib.GroupTheory.Perm.DomMulAct:docInfo (3.4s)
✔ [15250/20674] Built mathlib/Mathlib.MeasureTheory.SetSemiring:docInfo (3.6s)
✔ [15251/20674] Built mathlib/Mathlib.MeasureTheory.Constructions.SimpleGraph:docInfo (3.8s)
✔ [15252/20674] Built mathlib/Mathlib.MeasureTheory.MeasurableSpace.NCard:docInfo (3.1s)
✔ [15253/20674] Built mathlib/Mathlib.ModelTheory.Arithmetic.Presburger.Basic:docInfo (3.1s)
✔ [15254/20674] Built mathlib/Mathlib.Order.Extension.Well:docInfo (3.1s)
✔ [15255/20674] Built mathlib/Mathlib.Order.Height:docInfo (3.6s)
✔ [15256/20674] Built mathlib/Mathlib.Order.Interval.Set.Nat:docInfo (3.1s)
✔ [15257/20674] Built mathlib/Mathlib.Probability.Kernel.IonescuTulcea.Maps:docInfo (3.0s)
✔ [15258/20674] Built mathlib/Mathlib.SetTheory.Cardinal.NatCount:docInfo (3.4s)
✔ [15259/20674] Built mathlib/Mathlib.SetTheory.Ordinal.CantorNormalForm:docInfo (3.3s)
✔ [15260/20674] Built mathlib/Mathlib.SetTheory.ZFC.Rank:docInfo (3.2s)
✔ [15261/20674] Built mathlib/Mathlib.Tactic.NormNum.Ordinal:docInfo (3.2s)
✔ [15262/20674] Built mathlib/Mathlib.Tactic.Simproc.VecPerm:docInfo (3.0s)
✔ [15263/20674] Built mathlib/Mathlib.Testing.Plausible.Functions:docInfo (3.1s)
✔ [15330/20740] Built mathlib/Mathlib.Algebra.AddConstMap.Equiv:docInfo (2.0s)
✔ [15331/20740] Built mathlib/Mathlib.Algebra.Group.Subgroup.Pointwise:docInfo (4.2s)
✔ [15332/20740] Built mathlib/Mathlib.Algebra.Algebra.Basic:docInfo (4.6s)
✔ [15333/20740] Built mathlib/Mathlib.Algebra.Module.Submodule.Range:docInfo (4.4s)
✔ [15334/20740] Built mathlib/Mathlib.Algebra.GroupWithZero.Submonoid.Pointwise:docInfo (3.9s)
✔ [15335/20740] Built mathlib/Mathlib.Algebra.Module.Submodule.EqLocus:docInfo (4.2s)
✔ [15336/20740] Built mathlib/Mathlib.Algebra.Module.Submodule.IterateMapComap:docInfo (4.2s)
✔ [15337/20740] Built mathlib/Mathlib.Algebra.Ring.Submonoid.Pointwise:docInfo (3.0s)
✔ [15338/20740] Built mathlib/Mathlib.Data.Finsupp.Lex:docInfo (4.4s)
✔ [15339/20740] Built mathlib/Mathlib.Algebra.Order.Ring.GeomSum:docInfo (4.2s)
✔ [15340/20740] Built mathlib/Mathlib.CategoryTheory.Limits.Shapes.Equalizers:docInfo (4.6s)
✔ [15341/20740] Built mathlib/Mathlib.CategoryTheory.Limits.Shapes.Pullback.Iso:docInfo (3.8s)
✔ [15342/20740] Built mathlib/Mathlib.Algebra.Order.Antidiag.Finsupp:docInfo (4.2s)
✔ [15343/20740] Built mathlib/Mathlib.CategoryTheory.Limits.Shapes.Pullback.Pasting:docInfo (4.2s)
✔ [15344/20740] Built mathlib/Mathlib.Algebra.Group.Submonoid.Units:docInfo (4.1s)
✔ [15345/20740] Built mathlib/Mathlib.CategoryTheory.Functor.KanExtension.Pointwise:docInfo (4.0s)
✔ [15346/20740] Built mathlib/Mathlib.RingTheory.Spectrum.Prime.Defs:docInfo (4.0s)
✔ [15347/20740] Built mathlib/Mathlib.RingTheory.Nilpotent.Basic:docInfo (4.3s)
✔ [15348/20740] Built mathlib/Mathlib.Order.Hom.PowersetCard:docInfo (3.9s)
✔ [15349/20740] Built mathlib/Mathlib.CategoryTheory.Limits.Preserves.Creates.Pullbacks:docInfo (3.9s)
✔ [15350/20740] Built mathlib/Mathlib.Algebra.Field.GeomSum:docInfo (3.0s)
✔ [15351/20740] Built mathlib/Mathlib.Algebra.Ring.Divisibility.Lemmas:docInfo (4.0s)
✔ [15352/20740] Built mathlib/Mathlib.Data.NNReal.Defs:docInfo (4.1s)
✔ [15353/20740] Built mathlib/Mathlib.Data.Real.Pointwise:docInfo (3.3s)
✔ [15354/20740] Built mathlib/Mathlib.Data.Finset.SMulAntidiagonal:docInfo (3.9s)
✔ [15355/20740] Built mathlib/Mathlib.Data.Nat.Choose.Multinomial:docInfo (4.2s)
✔ [15356/20740] Built mathlib/Mathlib.Data.DFinsupp.WellFounded:docInfo (4.1s)
✔ [15357/20740] Built mathlib/Mathlib.Algebra.Order.CompleteField:docInfo (4.4s)
✔ [15358/20740] Built mathlib/Mathlib.Algebra.Order.Module.Archimedean:docInfo (3.3s)
✔ [15359/20740] Built mathlib/Mathlib.Data.Finset.MulAntidiagonal:docInfo (3.9s)
✔ [15360/20740] Built mathlib/Mathlib.RingTheory.HahnSeries.Addition:docInfo (4.3s)
✔ [15361/20740] Built mathlib/Mathlib.Algebra.Order.Ring.IsNonarchimedean:docInfo (4.0s)
✔ [15362/20740] Built mathlib/Mathlib.Algebra.Order.Ring.Ordering.Defs:docInfo (4.4s)
✔ [15363/20740] Built mathlib/Mathlib.GroupTheory.Submonoid.Inverses:docInfo (3.9s)
✔ [15364/20740] Built mathlib/Mathlib.Combinatorics.Matroid.IndepAxioms:docInfo (4.1s)
✔ [15365/20740] Built mathlib/Mathlib.Data.Real.Embedding:docInfo (3.9s)
✔ [15366/20740] Built mathlib/Mathlib.CategoryTheory.Limits.FunctorCategory.Shapes.Pullbacks:docInfo (3.6s)
✔ [15367/20740] Built mathlib/Mathlib.CategoryTheory.Monoidal.Rigid.FunctorCategory:docInfo (3.7s)
✔ [15368/20740] Built mathlib/Mathlib.CategoryTheory.Monoidal.Rigid.OfEquivalence:docInfo (3.9s)
✔ [15369/20740] Built mathlib/Mathlib.CategoryTheory.CopyDiscardCategory.Deterministic:docInfo (3.8s)
✔ [15370/20740] Built mathlib/Mathlib.CategoryTheory.Monoidal.Widesubcategory:docInfo (3.0s)
✔ [15371/20740] Built mathlib/Mathlib.CategoryTheory.EffectiveEpi.Coproduct:docInfo (3.8s)
✔ [15372/20740] Built mathlib/Mathlib.CategoryTheory.Functor.Derived.LeftDerived:docInfo (3.7s)
✔ [15373/20740] Built mathlib/Mathlib.CategoryTheory.Functor.Derived.RightDerived:docInfo (3.8s)
✔ [15374/20740] Built mathlib/Mathlib.CategoryTheory.MarkovCategory.Basic:docInfo (3.9s)
✔ [15375/20740] Built mathlib/Mathlib.CategoryTheory.Monoidal.Hopf_:docInfo (4.0s)
✔ [15376/20740] Built mathlib/Mathlib.CategoryTheory.Monoidal.Rigid.Braided:docInfo (4.1s)
✔ [15377/20740] Built mathlib/Mathlib.CategoryTheory.Monoidal.Rigid.Functor:docInfo (3.9s)
✔ [15378/20740] Built mathlib/Mathlib.Combinatorics.SimpleGraph.Paths:docInfo (4.0s)
✔ [15379/20740] Built mathlib/Mathlib.Combinatorics.Enumerative.Catalan:docInfo (4.3s)
✔ [15380/20740] Built mathlib/Mathlib.Combinatorics.Enumerative.DyckWord:docInfo (4.5s)
✔ [15381/20740] Built mathlib/Mathlib.Combinatorics.Schnirelmann:docInfo (3.7s)
✔ [15382/20740] Built mathlib/Mathlib.Combinatorics.SimpleGraph.Connectivity.WalkDecomp:docInfo (3.7s)
✔ [15383/20740] Built mathlib/Mathlib.Combinatorics.SimpleGraph.Walks.Decomp:docInfo (3.7s)
✔ [15384/20740] Built mathlib/Mathlib.Computability.TMToPartrec:docInfo (4.2s)
✔ [15385/20740] Built mathlib/Mathlib.Data.Nat.Digits.Div:docInfo (4.4s)
✔ [15386/20740] Built mathlib/Mathlib.Data.Real.Archimedean:docInfo (3.6s)
✔ [15387/20740] Built mathlib/Mathlib.ModelTheory.Algebra.Field.Basic:docInfo (3.8s)
✔ [15388/20740] Built mathlib/Mathlib.ModelTheory.Ultraproducts:docInfo (3.8s)
✔ [15389/20740] Built mathlib/Mathlib.GroupTheory.ClassEquation:docInfo (3.0s)
✔ [15390/20740] Built mathlib/Mathlib.GroupTheory.GroupAction.CardCommute:docInfo (3.0s)
✔ [15391/20740] Built mathlib/Mathlib.GroupTheory.Perm.Subgroup:docInfo (3.9s)
✔ [15392/20740] Built mathlib/Mathlib.MeasureTheory.SetAlgebra:docInfo (4.0s)
✔ [15393/20740] Built mathlib/Mathlib.NumberTheory.FactorisationProperties:docInfo (4.2s)
✔ [15394/20740] Built mathlib/Mathlib.Order.Filter.AtTopBot.Interval:docInfo (4.3s)
✔ [15395/20740] Built mathlib/Mathlib.SetTheory.ZFC.Ordinal:docInfo (3.8s)
✔ [15457/20801] Built mathlib/Mathlib.GroupTheory.Finiteness:docInfo (3.0s)
✔ [15458/20801] Built mathlib/Mathlib.Algebra.Algebra.Hom:docInfo (3.9s)
✔ [15459/20801] Built mathlib/Mathlib.Algebra.Module.Submodule.Equiv:docInfo (3.8s)
✔ [15460/20801] Built mathlib/Mathlib.Algebra.GroupWithZero.Subgroup:docInfo (3.6s)
✔ [15461/20801] Built mathlib/Mathlib.LinearAlgebra.Finsupp.Supported:docInfo (4.1s)
✔ [15462/20801] Built mathlib/Mathlib.GroupTheory.QuotientGroup.Basic:docInfo (4.0s)
✔ [15463/20801] Built mathlib/Mathlib.SetTheory.Ordinal.Principal:docInfo (3.8s)
✔ [15464/20801] Built mathlib/Mathlib.Algebra.Ring.Subsemiring.Pointwise:docInfo (3.8s)
✔ [15465/20801] Built mathlib/Mathlib.CategoryTheory.Limits.Shapes.Pullback.Mono:docInfo (3.4s)
✔ [15466/20801] Built mathlib/Mathlib.CategoryTheory.Limits.Shapes.FiniteLimits:docInfo (3.7s)
✔ [15467/20801] Built mathlib/Mathlib.CategoryTheory.Comma.Over.Pullback:docInfo (3.4s)
✔ [15468/20801] Built mathlib/Mathlib.CategoryTheory.Limits.Connected:docInfo (3.3s)
✔ [15469/20801] Built mathlib/Mathlib.CategoryTheory.Limits.Shapes.Pullback.Assoc:docInfo (3.3s)
✔ [15470/20801] Built mathlib/Mathlib.CategoryTheory.Limits.Constructions.Pullbacks:docInfo (3.1s)
✔ [15471/20801] Built mathlib/Mathlib.CategoryTheory.Limits.Shapes.SplitCoequalizer:docInfo (3.7s)
✔ [15472/20801] Built mathlib/Mathlib.CategoryTheory.Limits.Shapes.SplitEqualizer:docInfo (3.6s)
✔ [15473/20801] Built mathlib/Mathlib.Algebra.Module.LinearMap.DivisionRing:docInfo (3.7s)
✔ [15474/20801] Built mathlib/Mathlib.Topology.Algebra.Group.Defs:docInfo (3.5s)
✔ [15475/20801] Built mathlib/Mathlib.Topology.NhdsWithin:docInfo (3.8s)
✔ [15476/20801] Built mathlib/Mathlib.Topology.GDelta.Basic:docInfo (3.7s)
✔ [15477/20801] Built mathlib/Mathlib.Topology.Hom.ContinuousEvalConst:docInfo (3.7s)
✔ [15478/20801] Built mathlib/Mathlib.CategoryTheory.Functor.KanExtension.Adjunction:docInfo (3.7s)
✔ [15479/20801] Built mathlib/Mathlib.CategoryTheory.Limits.Shapes.WideEqualizers:docInfo (3.9s)
✔ [15480/20801] Built mathlib/Mathlib.CategoryTheory.Limits.Shapes.Multiequalizer:docInfo (4.6s)
✔ [15481/20801] Built mathlib/Mathlib.Topology.LocallyClosed:docInfo (3.6s)
✔ [15482/20801] Built mathlib/Mathlib.Data.Nat.Factorization.LCM:docInfo (3.0s)
✔ [15483/20801] Built mathlib/Mathlib.Algebra.Ring.Subring.Units:docInfo (3.0s)
✔ [15484/20801] Built mathlib/Mathlib.CategoryTheory.Limits.Types.Equalizers:docInfo (3.6s)
✔ [15485/20801] Built mathlib/Mathlib.Algebra.GCDMonoid.FinsetLemmas:docInfo (3.9s)
✔ [15486/20801] Built mathlib/Mathlib.Algebra.Group.Irreducible.Indecomposable:docInfo (3.8s)
✔ [15487/20801] Built mathlib/Mathlib.Algebra.Group.Submonoid.Support:docInfo (3.5s)
✔ [15488/20801] Built mathlib/Mathlib.Algebra.GroupWithZero.Range:docInfo (3.5s)
✔ [15489/20801] Built mathlib/Mathlib.RingTheory.ChainOfDivisors:docInfo (3.0s)
✔ [15490/20801] Built mathlib/Mathlib.Data.ENNReal.Basic:docInfo (4.0s)
✔ [15491/20801] Built mathlib/Mathlib.Data.NNReal.Basic:docInfo (4.1s)
✔ [15492/20801] Built mathlib/Mathlib.Analysis.Normed.Group.Seminorm:docInfo (4.1s)
✔ [15493/20801] Built mathlib/Mathlib.Algebra.MonoidAlgebra.PointwiseSMul:docInfo (3.8s)
✔ [15494/20801] Built mathlib/Mathlib.Data.Finsupp.WellFounded:docInfo (4.2s)
✔ [15495/20801] Built mathlib/Mathlib.Data.Nat.Factorization.PrimePow:docInfo (3.9s)
✔ [15496/20801] Built mathlib/Mathlib.Algebra.Order.Ring.Ordering.Basic:docInfo (3.7s)
✔ [15497/20801] Built mathlib/Mathlib.Data.NNReal.Star:docInfo (3.5s)
✔ [15498/20801] Built mathlib/Mathlib.CategoryTheory.Limits.Types.Coequalizers:docInfo (3.5s)
✔ [15499/20801] Built mathlib/Mathlib.Data.Int.WithZero:docInfo (3.5s)
✔ [15500/20801] Built mathlib/Mathlib.Geometry.Convex.ConvexSpace.Defs:docInfo (4.4s)
✔ [15501/20801] Built mathlib/Mathlib.CategoryTheory.CopyDiscardCategory.Widesubcategory:docInfo (3.4s)
✔ [15502/20801] Built mathlib/Mathlib.CategoryTheory.Functor.Derived.Adjunction:docInfo (3.6s)
✔ [15503/20801] Built mathlib/Mathlib.CategoryTheory.Functor.Derived.PointwiseLeftDerived:docInfo (3.5s)
✔ [15504/20801] Built mathlib/Mathlib.CategoryTheory.Functor.Derived.PointwiseRightDerived:docInfo (3.5s)
✔ [15505/20801] Built mathlib/Mathlib.CategoryTheory.MarkovCategory.Positive:docInfo (3.3s)
✔ [15506/20801] Built mathlib/Mathlib.Combinatorics.Additive.ApproximateSubgroup:docInfo (3.0s)
✔ [15507/20801] Built mathlib/Mathlib.Geometry.Group.Growth.LinearLowerBound:docInfo (3.8s)
✔ [15508/20801] Built mathlib/Mathlib.GroupTheory.DoubleCoset:docInfo (3.7s)
✔ [15509/20801] Built mathlib/Mathlib.GroupTheory.IsSubnormal:docInfo (3.6s)
✔ [15510/20801] Built mathlib/Mathlib.Logic.Hydra:docInfo (4.1s)
✔ [15511/20801] Built mathlib/Mathlib.MeasureTheory.Constructions.Cylinders:docInfo (4.0s)
✔ [15512/20801] Built mathlib/Mathlib.NumberTheory.ClassNumber.AdmissibleAbs:docInfo (4.2s)
✔ [15513/20801] Built mathlib/Mathlib.Topology.Algebra.RestrictedProduct.Units:docInfo (3.9s)
✔ [15514/20801] Built mathlib/Mathlib.SetTheory.Ordinal.Veblen:docInfo (3.9s)
✔ [15515/20801] Built mathlib/Mathlib.Tactic.Algebra.Lemmas:docInfo (3.0s)
✔ [15516/20801] Built mathlib/Mathlib.Topology.List:docInfo (3.6s)
✔ [15517/20801] Built mathlib/Mathlib.Topology.PreorderRestrict:docInfo (3.7s)
✔ [15563/20846] Built mathlib/Mathlib.Algebra.Algebra.Equiv:docInfo (4.6s)
✔ [15564/20846] Built mathlib/Mathlib.LinearAlgebra.Finsupp.LinearCombination:docInfo (4.6s)
✔ [15565/20846] Built mathlib/Mathlib.RingTheory.Congruence.Basic:docInfo (4.1s)
✔ [15566/20846] Built mathlib/Mathlib.SetTheory.Cardinal.Aleph:docInfo (3.6s)
✔ [15567/20846] Built mathlib/Mathlib.LinearAlgebra.BilinearMap:docInfo (4.7s)
✔ [15568/20846] Built mathlib/Mathlib.Algebra.Algebra.NonUnitalHom:docInfo (4.3s)
✔ [15569/20846] Built mathlib/Mathlib.Algebra.Algebra.Hom.Rat:docInfo (3.8s)
✔ [15570/20846] Built mathlib/Mathlib.Data.Nat.Choose.Factorization:docInfo (4.1s)
✔ [15571/20846] Built mathlib/Mathlib.CategoryTheory.Limits.Shapes.Images:docInfo (4.3s)
✔ [15572/20846] Built mathlib/Mathlib.CategoryTheory.Limits.Shapes.FiniteProducts:docInfo (3.6s)
✔ [15573/20846] Built mathlib/Mathlib.Combinatorics.Enumerative.Partition.Basic:docInfo (3.8s)
✔ [15574/20846] Built mathlib/Mathlib.CategoryTheory.Filtered.Basic:docInfo (4.0s)
✔ [15575/20846] Built mathlib/Mathlib.CategoryTheory.Limits.Opposites:docInfo (4.3s)
✔ [15576/20846] Built mathlib/Mathlib.CategoryTheory.Limits.Preserves.Shapes.Equalizers:docInfo (3.2s)
✔ [15577/20846] Built mathlib/Mathlib.Topology.Algebra.ContinuousMonoidHom:docInfo (3.5s)
✔ [15578/20846] Built mathlib/Mathlib.Topology.ContinuousOn:docInfo (3.6s)
✔ [15579/20846] Built mathlib/Mathlib.Topology.Baire.Lemmas:docInfo (3.4s)
✔ [15580/20846] Built mathlib/Mathlib.Topology.Hom.ContinuousEval:docInfo (3.4s)
✔ [15581/20846] Built mathlib/Mathlib.CategoryTheory.Limits.Constructions.WeaklyInitial:docInfo (3.3s)
✔ [15582/20846] Built mathlib/Mathlib.CategoryTheory.Functor.KanExtension.Preserves:docInfo (4.2s)
✔ [15583/20846] Built mathlib/Mathlib.CategoryTheory.Limits.Lattice:docInfo (3.8s)
✔ [15584/20846] Built mathlib/Mathlib.CategoryTheory.Limits.Shapes.FiniteMultiequalizer:docInfo (3.0s)
✔ [15585/20846] Built mathlib/Mathlib.Algebra.Lie.Basic:docInfo (4.8s)
✔ [15586/20846] Built mathlib/Mathlib.Algebra.Squarefree.Basic:docInfo (4.0s)
✔ [15587/20846] Built mathlib/Mathlib.Data.ENNReal.Real:docInfo (3.8s)
✔ [15588/20846] Built mathlib/Mathlib.Data.Real.ENatENNReal:docInfo (3.5s)
✔ [15589/20846] Built mathlib/Mathlib.Data.ENNReal.Lemmas:docInfo (3.5s)
✔ [15590/20846] Built mathlib/Mathlib.Algebra.Order.CauSeq.BigOperators:docInfo (4.0s)
✔ [15591/20846] Built mathlib/Mathlib.Algebra.Order.Antidiag.FinsuppEquiv:docInfo (3.8s)
✔ [15592/20846] Built mathlib/Mathlib.Algebra.Order.Field.GeomSum:docInfo (3.7s)
✔ [15593/20846] Built mathlib/Mathlib.Algebra.Ring.IsFormallyReal:docInfo (3.9s)
✔ [15594/20846] Built mathlib/Mathlib.Combinatorics.Matroid.Dual:docInfo (3.5s)
✔ [15595/20846] Built mathlib/Mathlib.Order.CompleteLattice.MulticoequalizerDiagram:docInfo (2.8s)
✔ [15596/20846] Built mathlib/Mathlib.Geometry.Convex.ConvexSpace.Prod:docInfo (3.7s)
✔ [15597/20846] Built mathlib/Mathlib.CategoryTheory.Limits.Shapes.End:docInfo (3.2s)
✔ [15598/20846] Built mathlib/Mathlib.Combinatorics.SimpleGraph.Clique:docInfo (3.7s)
✔ [15599/20846] Built mathlib/Mathlib.Combinatorics.Colex:docInfo (3.0s)
✔ [15600/20846] Built mathlib/Mathlib.Combinatorics.Enumerative.Bell:docInfo (3.7s)
✔ [15601/20846] Built mathlib/Mathlib.Combinatorics.SimpleGraph.Connectivity.Connected:docInfo (3.6s)
✔ [15602/20846] Built mathlib/Mathlib.Combinatorics.SimpleGraph.Walk.Counting:docInfo (3.5s)
✔ [15603/20846] Built mathlib/Mathlib.Combinatorics.SimpleGraph.Trails:docInfo (3.5s)
✔ [15604/20846] Built mathlib/Mathlib.SetTheory.Ordinal.Notation:docInfo (3.9s)
✔ [15605/20846] Built mathlib/Mathlib.SetTheory.ZFC.Class:docInfo (3.5s)
✔ [15606/20846] Built mathlib/Mathlib.Tactic.Linarith.NNRealPreprocessor:docInfo (4.2s)
✔ [15641/20880] Built mathlib/Mathlib.CategoryTheory.Limits.Preserves.Shapes.Multiequalizer:docInfo (3.1s)
✔ [15669/20908] Built mathlib/Mathlib.Algebra.AffineMonoid.Basic:docInfo (3.7s)
✔ [15670/20908] Built mathlib/Mathlib.Algebra.Module.Submodule.Pointwise:docInfo (3.6s)
✔ [15671/20908] Built mathlib/Mathlib.LinearAlgebra.Basis.Defs:docInfo (3.5s)
✔ [15672/20908] Built mathlib/Mathlib.LinearAlgebra.LinearIndependent.Defs:docInfo (3.5s)
✔ [15673/20908] Built mathlib/Mathlib.GroupTheory.MonoidLocalization.Finite:docInfo (3.7s)
✔ [15674/20908] Built mathlib/Mathlib.GroupTheory.QuotientGroup.Finite:docInfo (3.5s)
✔ [15675/20908] Built mathlib/Mathlib.Algebra.Algebra.Prod:docInfo (3.1s)
✔ [15676/20908] Built mathlib/Mathlib.SetTheory.Cardinal.Arithmetic:docInfo (3.2s)
✔ [15677/20908] Built mathlib/Mathlib.Algebra.Algebra.Opposite:docInfo (2.9s)
✔ [15678/20908] Built mathlib/Mathlib.RingTheory.Congruence.Opposite:docInfo (2.8s)
✔ [15679/20908] Built mathlib/Mathlib.Algebra.AffineMonoid.Irreducible:docInfo (3.5s)
✔ [15680/20908] Built mathlib/Mathlib.Algebra.Algebra.TransferInstance:docInfo (2.7s)
✔ [15681/20908] Built mathlib/Mathlib.Algebra.Ring.Subring.Pointwise:docInfo (3.3s)
✔ [15682/20908] Built mathlib/Mathlib.GroupTheory.Index:docInfo (3.9s)
✔ [15683/20908] Built mathlib/Mathlib.Data.Nat.Multiplicity:docInfo (3.6s)
✔ [15684/20908] Built mathlib/Mathlib.CategoryTheory.Limits.Shapes.ZeroMorphisms:docInfo (2.7s)
✔ [15685/20908] Built mathlib/Mathlib.CategoryTheory.Limits.Preserves.Finite:docInfo (3.2s)
✔ [15686/20908] Built mathlib/Mathlib.CategoryTheory.Limits.Shapes.Opposites.Pullbacks:docInfo (3.1s)
✔ [15687/20908] Built mathlib/Mathlib.Topology.UniformSpace.Basic:docInfo (3.4s)
✔ [15688/20908] Built mathlib/Mathlib.Topology.Bases:docInfo (3.1s)
✔ [15689/20908] Built mathlib/Mathlib.Topology.Compactness.Compact:docInfo (3.2s)
✔ [15690/20908] Built mathlib/Mathlib.Topology.LocallyFinite:docInfo (3.1s)
✔ [15691/20908] Built mathlib/Mathlib.Topology.Maps.OpenQuotient:docInfo (3.0s)
✔ [15692/20908] Built mathlib/Mathlib.Topology.Piecewise:docInfo (2.7s)
✔ [15693/20908] Built mathlib/Mathlib.Topology.Order.LeftRight:docInfo (3.1s)
✔ [15694/20908] Built mathlib/Mathlib.Topology.Clopen:docInfo (2.9s)
✔ [15695/20908] Built mathlib/Mathlib.Topology.Coherent:docInfo (2.8s)
✔ [15696/20908] Built mathlib/Mathlib.CategoryTheory.Limits.Shapes.Opposites.Products:docInfo (3.1s)
✔ [15697/20908] Built mathlib/Mathlib.GroupTheory.Divisible:docInfo (3.7s)
✔ [15698/20908] Built mathlib/Mathlib.Topology.Order.LocalExtr:docInfo (3.0s)
✔ [15699/20908] Built mathlib/Mathlib.Topology.OpenPartialHomeomorph.Defs:docInfo (2.0s)
✔ [15700/20908] Built mathlib/Mathlib.GroupTheory.Rank:docInfo (3.8s)
✔ [15701/20908] Built mathlib/Mathlib.Algebra.Lie.NonUnitalNonAssocAlgebra:docInfo (3.1s)
✔ [15702/20908] Built mathlib/Mathlib.FieldTheory.Galois.Notation:docInfo (2.7s)
✔ [15703/20908] Built mathlib/Mathlib.Algebra.Order.GroupWithZero.Range:docInfo (3.6s)
✔ [15704/20908] Built mathlib/Mathlib.Data.Finsupp.Weight:docInfo (3.4s)
✔ [15705/20908] Built mathlib/Mathlib.Data.ENNReal.Operations:docInfo (3.1s)
✔ [15706/20908] Built mathlib/Mathlib.Topology.Semicontinuity.Defs:docInfo (3.3s)
✔ [15707/20908] Built mathlib/Mathlib.Data.Finsupp.MonomialOrder:docInfo (3.7s)
✔ [15708/20908] Built mathlib/Mathlib.Algebra.NonAssoc.LieAdmissible.Defs:docInfo (3.1s)
✔ [15709/20908] Built mathlib/Mathlib.Data.Nat.Squarefree:docInfo (3.7s)
✔ [15710/20908] Built mathlib/Mathlib.Algebra.Ring.Subgroup:docInfo (3.6s)
✔ [15711/20908] Built mathlib/Mathlib.Combinatorics.Matroid.Minor.Restrict:docInfo (3.8s)
✔ [15712/20908] Built mathlib/Mathlib.CategoryTheory.Limits.Types.Multiequalizer:docInfo (3.1s)
✔ [15713/20908] Built mathlib/Mathlib.CategoryTheory.Adjunction.ParametrizedLimits:docInfo (3.1s)
✔ [15714/20908] Built mathlib/Mathlib.Geometry.Convex.Set:docInfo (3.5s)
✔ [15715/20908] Built mathlib/Mathlib.CategoryTheory.Limits.IndYoneda:docInfo (3.2s)
✔ [15716/20908] Built mathlib/Mathlib.Combinatorics.SimpleGraph.Triangle.Basic:docInfo (4.0s)
✔ [15717/20908] Built mathlib/Mathlib.Combinatorics.SimpleGraph.Triangle.Counting:docInfo (3.8s)
✔ [15718/20908] Built mathlib/Mathlib.Combinatorics.SetFamily.KruskalKatona:docInfo (3.4s)
✔ [15719/20908] Built mathlib/Mathlib.Combinatorics.SimpleGraph.Coloring.Vertex:docInfo (3.9s)
✔ [15720/20908] Built mathlib/Mathlib.Combinatorics.SimpleGraph.Connectivity.Subgraph:docInfo (3.6s)
✔ [15721/20908] Built mathlib/Mathlib.Combinatorics.SimpleGraph.Connectivity.EdgeConnectivity:docInfo (3.5s)
✔ [15722/20908] Built mathlib/Mathlib.Combinatorics.SimpleGraph.Metric:docInfo (3.6s)
✔ [15723/20908] Built mathlib/Mathlib.Combinatorics.SimpleGraph.Connectivity.Finite:docInfo (3.8s)
✔ [15724/20908] Built mathlib/Mathlib.Combinatorics.SimpleGraph.Connectivity.WalkCounting:docInfo (3.5s)
✔ [15725/20908] Built mathlib/Mathlib.Combinatorics.SimpleGraph.VertexCover:docInfo (3.8s)
✔ [15726/20908] Built mathlib/Mathlib.Combinatorics.SimpleGraph.Walks.Counting:docInfo (3.5s)
✔ [15727/20908] Built mathlib/Mathlib.Data.Finsupp.PointwiseSMul:docInfo (3.1s)
✔ [15728/20908] Built mathlib/Mathlib.RingTheory.Radical.Basic:docInfo (3.0s)
✔ [15729/20908] Built mathlib/Mathlib.Tactic.Algebra.Basic:docInfo (14s)
✔ [15803/20980] Built mathlib/Mathlib.LinearAlgebra.Span.Basic:docInfo (3.6s)
✔ [15804/20980] Built mathlib/Mathlib.SetTheory.Cardinal.Cofinality.Ordinal:docInfo (3.2s)
✔ [15805/20980] Built mathlib/Mathlib.SetTheory.Cardinal.Ordinal:docInfo (3.0s)
✔ [15806/20980] Built mathlib/Mathlib.LinearAlgebra.Dual.Defs:docInfo (3.1s)
✔ [15807/20980] Built mathlib/Mathlib.Algebra.Algebra.Pi:docInfo (2.9s)
✔ [15808/20980] Built mathlib/Mathlib.Algebra.Module.Submodule.Finsupp:docInfo (3.4s)
✔ [15809/20980] Built mathlib/Mathlib.SetTheory.Cardinal.Finsupp:docInfo (3.2s)
✔ [15810/20980] Built mathlib/Mathlib.RingTheory.TwoSidedIdeal.Basic:docInfo (3.2s)
✔ [15811/20980] Built mathlib/Mathlib.Algebra.Algebra.Shrink:docInfo (3.1s)
✔ [15812/20980] Built mathlib/Mathlib.GroupTheory.OrderOfElement:docInfo (3.2s)
✔ [15813/20980] Built mathlib/Mathlib.Algebra.CharP.Lemmas:docInfo (3.4s)
✔ [15814/20980] Built mathlib/Mathlib.CategoryTheory.Limits.Preserves.Filtered:docInfo (2.6s)
✔ [15815/20980] Built mathlib/Mathlib.CategoryTheory.Limits.Types.Filtered:docInfo (2.7s)
✔ [15816/20980] Built mathlib/Mathlib.CategoryTheory.Limits.Types.Images:docInfo (2.6s)
✔ [15817/20980] Built mathlib/Mathlib.CategoryTheory.Limits.Final:docInfo (2.9s)
✔ [15818/20980] Built mathlib/Mathlib.CategoryTheory.Filtered.Connected:docInfo (3.2s)
✔ [15819/20980] Built mathlib/Mathlib.Topology.Compactness.LocallyCompact:docInfo (3.0s)
✔ [15820/20980] Built mathlib/Mathlib.Topology.Compactness.LocallyFinite:docInfo (3.0s)
✔ [15821/20980] Built mathlib/Mathlib.Topology.Inseparable:docInfo (3.3s)
✔ [15822/20980] Built mathlib/Mathlib.Topology.UniformSpace.DiscreteUniformity:docInfo (2.7s)
✔ [15823/20980] Built mathlib/Mathlib.Topology.UniformSpace.Compact:docInfo (2.7s)
✔ [15824/20980] Built mathlib/Mathlib.Data.W.Cardinal:docInfo (2.8s)
✔ [15825/20980] Built mathlib/Mathlib.CategoryTheory.Limits.Filtered:docInfo (3.2s)
✔ [15826/20980] Built mathlib/Mathlib.Topology.Compactness.Bases:docInfo (2.8s)
✔ [15827/20980] Built mathlib/Mathlib.CategoryTheory.Limits.Preserves.Opposites:docInfo (2.8s)
✔ [15828/20980] Built mathlib/Mathlib.CategoryTheory.Limits.Constructions.EventuallyConstant:docInfo (3.3s)
✔ [15829/20980] Built mathlib/Mathlib.Data.ENNReal.Action:docInfo (3.2s)
✔ [15830/20980] Built mathlib/Mathlib.Data.EReal.Basic:docInfo (3.4s)
✔ [15831/20980] Built mathlib/Mathlib.Data.ENNReal.Inv:docInfo (3.3s)
✔ [15832/20980] Built mathlib/Mathlib.GroupTheory.Complement:docInfo (3.3s)
✔ [15833/20980] Built mathlib/Mathlib.Topology.Algebra.Indicator:docInfo (2.0s)
✔ [15834/20980] Built mathlib/Mathlib.Data.Finsupp.MonomialOrder.DegLex:docInfo (3.1s)
✔ [15835/20980] Built mathlib/Mathlib.NumberTheory.ArithmeticFunction.Defs:docInfo (3.3s)
✔ [15836/20980] Built mathlib/Mathlib.Algebra.Order.Floor.Extended:docInfo (3.5s)
✔ [15837/20980] Built mathlib/Mathlib.Algebra.Order.Ring.Units:docInfo (2.7s)
✔ [15838/20980] Built mathlib/Mathlib.Combinatorics.Matroid.Constructions:docInfo (3.1s)
✔ [15839/20980] Built mathlib/Mathlib.SetTheory.Cardinal.Continuum:docInfo (3.2s)
✔ [15840/20980] Built mathlib/Mathlib.NumberTheory.Padics.PadicVal.Basic:docInfo (3.5s)
✔ [15841/20980] Built mathlib/Mathlib.SetTheory.Cardinal.CountableCover:docInfo (3.2s)
✔ [15842/20980] Built mathlib/Mathlib.Geometry.Convex.Star:docInfo (2.0s)
✔ [15843/20980] Built mathlib/Mathlib.CategoryTheory.Filtered.Small:docInfo (2.0s)
✔ [15844/20980] Built mathlib/Mathlib.CategoryTheory.Filtered.Grothendieck:docInfo (3.2s)
✔ [15845/20980] Built mathlib/Mathlib.CategoryTheory.Limits.Chosen.End:docInfo (3.2s)
✔ [15846/20980] Built mathlib/Mathlib.CategoryTheory.Limits.Types.ColimitTypeFiltered:docInfo (3.0s)
✔ [15847/20980] Built mathlib/Mathlib.CategoryTheory.Monoidal.Bimod:docInfo (3.4s)
✔ [15848/20980] Built mathlib/Mathlib.CategoryTheory.WithTerminal.Lemmas:docInfo (3.1s)
✔ [15849/20980] Built mathlib/Mathlib.Combinatorics.SimpleGraph.Triangle.Tripartite:docInfo (3.3s)
✔ [15850/20980] Built mathlib/Mathlib.Combinatorics.Compactness:docInfo (3.0s)
✔ [15851/20980] Built mathlib/Mathlib.Combinatorics.SimpleGraph.Sum:docInfo (3.1s)
✔ [15852/20980] Built mathlib/Mathlib.Combinatorics.SimpleGraph.Coloring:docInfo (2.9s)
✔ [15853/20980] Built mathlib/Mathlib.Combinatorics.SimpleGraph.Coloring.VertexColoring:docInfo (2.0s)
✔ [15854/20980] Built mathlib/Mathlib.Combinatorics.SimpleGraph.Connectivity.Represents:docInfo (3.0s)
✔ [15855/20980] Built mathlib/Mathlib.Combinatorics.SimpleGraph.Diam:docInfo (2.8s)
✔ [15856/20980] Built mathlib/Mathlib.Data.Set.Card.Arithmetic:docInfo (2.7s)
✔ [15857/20980] Built mathlib/Mathlib.Combinatorics.SimpleGraph.Hamiltonian:docInfo (2.8s)
✔ [15858/20980] Built mathlib/Mathlib.Combinatorics.SimpleGraph.Partition:docInfo (3.0s)
✔ [15859/20980] Built mathlib/Mathlib.Data.Analysis.Topology:docInfo (3.1s)
✔ [15860/20980] Built mathlib/Mathlib.Dynamics.TopologicalEntropy.DynamicalEntourage:docInfo (2.9s)
✔ [15861/20980] Built mathlib/Mathlib.ModelTheory.Encoding:docInfo (3.0s)
✔ [15862/20980] Built mathlib/Mathlib.GroupTheory.OreLocalization.Cardinality:docInfo (2.0s)
✔ [15863/20980] Built mathlib/Mathlib.SetTheory.Cardinal.Divisibility:docInfo (3.0s)
✔ [15864/20980] Built mathlib/Mathlib.Geometry.Convex.Hull:docInfo (2.9s)
✔ [15865/20980] Built mathlib/Mathlib.GroupTheory.Commensurable:docInfo (3.1s)
✔ [15866/20980] Built mathlib/Mathlib.GroupTheory.Commutator.Finite:docInfo (2.8s)
✔ [15867/20980] Built mathlib/Mathlib.GroupTheory.Descent:docInfo (2.0s)
✔ [15868/20980] Built mathlib/Mathlib.GroupTheory.FiniteIndexNormalSubgroup:docInfo (3.2s)
✔ [15869/20980] Built mathlib/Mathlib.GroupTheory.GroupAction.Blocks:docInfo (3.3s)
✔ [15870/20980] Built mathlib/Mathlib.LinearAlgebra.BilinearForm.Isometry:docInfo (3.1s)
✔ [15871/20980] Built mathlib/Mathlib.NumberTheory.MaricaSchoenheim:docInfo (3.2s)
✔ [15872/20980] Built mathlib/Mathlib.SetTheory.Cardinal.Cofinality:docInfo (3.0s)
✔ [15873/20980] Built mathlib/Mathlib.SetTheory.ZFC.VonNeumann:docInfo (3.1s)
✔ [15874/20980] Built mathlib/Mathlib.Topology.SmallInductiveDimension:docInfo (3.1s)
✔ [15875/20980] Built mathlib/Mathlib.Topology.UniformSpace.Ultra.Basic:docInfo (2.8s)
✔ [15936/21040] Built mathlib/Mathlib.Algebra.Algebra.Tower:docInfo (2.0s)
✔ [15937/21040] Built mathlib/Mathlib.LinearAlgebra.LinearIndependent.Basic:docInfo (3.4s)
✔ [15938/21040] Built mathlib/Mathlib.LinearAlgebra.Prod:docInfo (3.2s)
✔ [15939/21040] Built mathlib/Mathlib.RingTheory.Ideal.Span:docInfo (3.2s)
✔ [15940/21040] Built mathlib/Mathlib.Algebra.MonoidAlgebra.Module:docInfo (3.2s)
✔ [15941/21040] Built mathlib/Mathlib.LinearAlgebra.Finsupp.Span:docInfo (3.2s)
✔ [15942/21040] Built mathlib/Mathlib.Algebra.Module.Submodule.Bilinear:docInfo (3.0s)
✔ [15943/21040] Built mathlib/Mathlib.Algebra.Algebra.NonUnitalSubalgebra:docInfo (3.5s)
✔ [15944/21040] Built mathlib/Mathlib.Data.ZMod.Basic:docInfo (3.4s)
✔ [15945/21040] Built mathlib/Mathlib.Algebra.CharP.Frobenius:docInfo (3.2s)
✔ [15946/21040] Built mathlib/Mathlib.Algebra.Category.ModuleCat.Semi:docInfo (2.0s)
✔ [15947/21040] Built mathlib/Mathlib.CategoryTheory.Limits.Preserves.Shapes.Zero:docInfo (2.6s)
✔ [15948/21040] Built mathlib/Mathlib.CategoryTheory.Limits.ExactFunctor:docInfo (2.0s)
✔ [15949/21040] Built mathlib/Mathlib.GroupTheory.Perm.Finite:docInfo (3.1s)
✔ [15950/21040] Built mathlib/Mathlib.GroupTheory.NoncommPiCoprod:docInfo (3.2s)
✔ [15951/21040] Built mathlib/Mathlib.CategoryTheory.Limits.ConcreteCategory.Basic:docInfo (2.7s)
✔ [15952/21040] Built mathlib/Mathlib.CategoryTheory.Limits.Preserves.Shapes.Pullbacks:docInfo (3.0s)
✔ [15953/21040] Built mathlib/Mathlib.CategoryTheory.Limits.Shapes.Pullback.IsPullback.Defs:docInfo (3.1s)
✔ [15954/21040] Built mathlib/Mathlib.CategoryTheory.Limits.Shapes.Opposites.Equalizers:docInfo (3.1s)
✔ [15955/21040] Built mathlib/Mathlib.CategoryTheory.Limits.Constructions.FiniteProductsOfBinaryProducts:docInfo (2.9s)
✔ [15956/21040] Built mathlib/Mathlib.CategoryTheory.Limits.Presentation:docInfo (2.7s)
✔ [15957/21040] Built mathlib/Mathlib.CategoryTheory.Limits.Preserves.Creates.Finite:docInfo (2.8s)
✔ [15958/21040] Built mathlib/Mathlib.CategoryTheory.Limits.FunctorCategory.Finite:docInfo (2.6s)
✔ [15959/21040] Built mathlib/Mathlib.LinearAlgebra.Dual.Basis:docInfo (3.1s)
✔ [15960/21040] Built mathlib/Mathlib.CategoryTheory.Limits.Shapes.Opposites.Filtered:docInfo (2.7s)
✔ [15961/21040] Built mathlib/Mathlib.CategoryTheory.Limits.Shapes.Countable:docInfo (2.8s)
✔ [15962/21040] Built mathlib/Mathlib.GroupTheory.Exponent:docInfo (3.4s)
✔ [15963/21040] Built mathlib/Mathlib.LinearAlgebra.Basis.Bilinear:docInfo (3.1s)
✔ [15964/21040] Built mathlib/Mathlib.CategoryTheory.Limits.Final.Connected:docInfo (2.8s)
✔ [15965/21040] Built mathlib/Mathlib.CategoryTheory.Limits.IsConnected:docInfo (2.6s)
✔ [15966/21040] Built mathlib/Mathlib.CategoryTheory.Limits.Final.Type:docInfo (2.7s)
✔ [15967/21040] Built mathlib/Mathlib.CategoryTheory.Limits.ConcreteCategory.Filtered:docInfo (2.8s)
✔ [15968/21040] Built mathlib/Mathlib.CategoryTheory.Limits.Preserves.Over:docInfo (2.9s)
✔ [15969/21040] Built mathlib/Mathlib.LinearAlgebra.FiniteSpan:docInfo (3.2s)
✔ [15970/21040] Built mathlib/Mathlib.NumberTheory.ArithmeticFunction.Zeta:docInfo (3.3s)
✔ [15971/21040] Built mathlib/Mathlib.Combinatorics.Matroid.Map:docInfo (2.9s)
✔ [15972/21040] Built mathlib/Mathlib.NumberTheory.Padics.PadicNorm:docInfo (3.2s)
✔ [15973/21040] Built mathlib/Mathlib.CategoryTheory.GuitartExact.Basic:docInfo (2.9s)
✔ [15974/21040] Built mathlib/Mathlib.CategoryTheory.Limits.Set:docInfo (2.7s)
✔ [15975/21040] Built mathlib/Mathlib.CategoryTheory.Functor.KanExtension.DenseAt:docInfo (2.6s)
✔ [15976/21040] Built mathlib/Mathlib.CategoryTheory.Monoidal.Closed.Braided:docInfo (2.9s)
✔ [15977/21040] Built mathlib/Mathlib.NumberTheory.MulChar.Basic:docInfo (3.5s)
✔ [15978/21040] Built mathlib/Mathlib.CategoryTheory.Filtered.OfColimitCommutesFiniteLimit:docInfo (2.7s)
✔ [15979/21040] Built mathlib/Mathlib.CategoryTheory.Limits.FunctorCategory.Filtered:docInfo (2.7s)
✔ [15980/21040] Built mathlib/Mathlib.GroupTheory.SemidirectProduct:docInfo (3.1s)
✔ [15981/21040] Built mathlib/Mathlib.CategoryTheory.Comma.StructuredArrow.Final:docInfo (2.6s)
✔ [15982/21040] Built mathlib/Mathlib.CategoryTheory.Limits.FintypeCat:docInfo (2.9s)
✔ [15983/21040] Built mathlib/Mathlib.CategoryTheory.Limits.Final.ParallelPair:docInfo (2.6s)
✔ [15984/21040] Built mathlib/Mathlib.CategoryTheory.Limits.Preserves.Shapes.Over:docInfo (2.8s)
✔ [15985/21040] Built mathlib/Mathlib.CategoryTheory.Limits.Types.End:docInfo (2.6s)
✔ [15986/21040] Built mathlib/Mathlib.CategoryTheory.Monoidal.ExternalProduct.KanExtension:docInfo (2.8s)
✔ [15987/21040] Built mathlib/Mathlib.Order.Category.PartOrdEmb:docInfo (2.8s)
✔ [15988/21040] Built mathlib/Mathlib.Combinatorics.SimpleGraph.Prod:docInfo (3.1s)
✔ [15989/21040] Built mathlib/Mathlib.ModelTheory.Substructures:docInfo (3.3s)
✔ [15990/21040] Built mathlib/Mathlib.GroupTheory.MonoidLocalization.Cardinality:docInfo (2.0s)
✔ [15991/21040] Built mathlib/Mathlib.GroupTheory.GroupAction.Primitive:docInfo (3.1s)
✔ [15992/21040] Built mathlib/Mathlib.GroupTheory.HNNExtension:docInfo (3.0s)
✔ [15993/21040] Built mathlib/Mathlib.GroupTheory.PushoutI:docInfo (3.1s)
✔ [15994/21040] Built mathlib/Mathlib.GroupTheory.ResiduallyFinite:docInfo (3.0s)
✔ [15995/21040] Built mathlib/Mathlib.Order.Filter.TendstoCofinite:docInfo (3.1s)
✔ [16064/21108] Built mathlib/Mathlib.RingTheory.OreLocalization.Cardinality:docInfo (2.9s)
✔ [16065/21108] Built mathlib/Mathlib.RingTheory.TwoSidedIdeal.BigOperators:docInfo (3.3s)
✔ [16066/21108] Built mathlib/Mathlib.RingTheory.TwoSidedIdeal.Instances:docInfo (3.0s)
✔ [16068/21109] Built mathlib/Mathlib.LinearAlgebra.Basis.Basic:docInfo (4.3s)
✔ [16069/21109] Built mathlib/Mathlib.LinearAlgebra.Pi:docInfo (4.5s)
✔ [16070/21109] Built mathlib/Mathlib.RingTheory.Ideal.Maximal:docInfo (3.6s)
✔ [16071/21109] Built mathlib/Mathlib.Tactic.Algebraize:docInfo (4.2s)
✔ [16072/21109] Built mathlib/Mathlib.SetTheory.Ordinal.FundamentalSequence:docInfo (2.0s)
✔ [16073/21109] Built mathlib/Mathlib.Tactic.Module:docInfo (4.9s)
✔ [16074/21109] Built mathlib/Mathlib.Algebra.Polynomial.Basic:docInfo (4.3s)
✔ [16075/21109] Built mathlib/Mathlib.LinearAlgebra.TensorProduct.Defs:docInfo (3.0s)
✔ [16076/21109] Built mathlib/Mathlib.RingTheory.TwoSidedIdeal.Lattice:docInfo (3.1s)
✔ [16077/21109] Built mathlib/Mathlib.Algebra.Star.Module:docInfo (4.1s)
✔ [16078/21109] Built mathlib/Mathlib.Algebra.Star.StarAlgHom:docInfo (4.4s)
✔ [16079/21109] Built mathlib/Mathlib.RingTheory.Localization.Basic:docInfo (4.2s)
✔ [16080/21109] Built mathlib/Mathlib.Algebra.Algebra.RestrictScalars:docInfo (3.9s)
✔ [16081/21109] Built mathlib/Mathlib.LinearAlgebra.LinearPMap:docInfo (4.4s)
✔ [16082/21109] Built mathlib/Mathlib.Algebra.MonoidAlgebra.Basic:docInfo (4.1s)
✔ [16083/21109] Built mathlib/Mathlib.Algebra.MonoidAlgebra.Support:docInfo (3.8s)
✔ [16084/21109] Built mathlib/Mathlib.Algebra.Algebra.ZMod:docInfo (3.9s)
✔ [16085/21109] Built mathlib/Mathlib.Algebra.Colimit.DirectLimit:docInfo (5.1s)
✔ [16086/21109] Built mathlib/Mathlib.Algebra.BigOperators.ModEq:docInfo (3.9s)
✔ [16087/21109] Built mathlib/Mathlib.CategoryTheory.Limits.Shapes.Kernels:docInfo (4.2s)
✔ [16088/21109] Built mathlib/Mathlib.GroupTheory.Perm.Cycle.Basic:docInfo (3.9s)
✔ [16089/21109] Built mathlib/Mathlib.Algebra.Module.LocalizedModule.Basic:docInfo (4.6s)
✔ [16090/21109] Built mathlib/Mathlib.CategoryTheory.Limits.Constructions.BinaryProducts:docInfo (3.7s)
✔ [16091/21109] Built mathlib/Mathlib.CategoryTheory.Limits.Constructions.EpiMono:docInfo (3.8s)
✔ [16092/21109] Built mathlib/Mathlib.CategoryTheory.Limits.Shapes.RegularMono:docInfo (3.8s)
✔ [16093/21109] Built mathlib/Mathlib.CategoryTheory.ObjectProperty.LimitsOfShape:docInfo (3.6s)
✔ [16094/21109] Built mathlib/Mathlib.CategoryTheory.ObjectProperty.ContainsZero:docInfo (3.8s)
✔ [16095/21109] Built mathlib/Mathlib.CategoryTheory.Limits.Constructions.Equalizers:docInfo (3.7s)
✔ [16096/21109] Built mathlib/Mathlib.Topology.Compactness.SigmaCompact:docInfo (2.9s)
✔ [16097/21109] Built mathlib/Mathlib.Topology.Separation.Basic:docInfo (3.2s)
✔ [16098/21109] Built mathlib/Mathlib.Algebra.Homology.ShortComplex.Basic:docInfo (3.8s)
✔ [16099/21109] Built mathlib/Mathlib.CategoryTheory.Shift.Basic:docInfo (3.0s)
✔ [16100/21109] Built mathlib/Mathlib.Data.ZMod.IntUnitsPower:docInfo (4.0s)
✔ [16101/21109] Built mathlib/Mathlib.CategoryTheory.Limits.Types.Pullbacks:docInfo (3.9s)
✔ [16102/21109] Built mathlib/Mathlib.Data.ZMod.Aut:docInfo (3.9s)
✔ [16103/21109] Built mathlib/Mathlib.Algebra.RingQuot:docInfo (4.0s)
✔ [16104/21109] Built mathlib/Mathlib.Algebra.CharP.Reduced:docInfo (3.4s)
✔ [16105/21109] Built mathlib/Mathlib.CategoryTheory.Sites.Sieves:docInfo (3.9s)
✔ [16106/21109] Built mathlib/Mathlib.CategoryTheory.Limits.Preserves.Creates.Opposites:docInfo (4.3s)
✔ [16107/21109] Built mathlib/Mathlib.CategoryTheory.Limits.Constructions.Over.Products:docInfo (3.7s)
✔ [16108/21109] Built mathlib/Mathlib.CategoryTheory.LiftingProperties.Limits:docInfo (3.3s)
✔ [16109/21109] Built mathlib/Mathlib.LinearAlgebra.BilinearForm.Basic:docInfo (3.8s)
✔ [16110/21109] Built mathlib/Mathlib.Data.ENNReal.BigOperators:docInfo (3.4s)
✔ [16111/21109] Built mathlib/Mathlib.Topology.EMetricSpace.Defs:docInfo (4.0s)
✔ [16112/21109] Built mathlib/Mathlib.Data.EReal.Operations:docInfo (4.1s)
✔ [16113/21109] Built mathlib/Mathlib.Topology.NhdsKer:docInfo (2.8s)
✔ [16114/21109] Built mathlib/Mathlib.Data.ENNReal.Holder:docInfo (3.4s)
✔ [16115/21109] Built mathlib/Mathlib.Algebra.MonoidAlgebra.Cardinal:docInfo (2.0s)
✔ [16116/21109] Built mathlib/Mathlib.Algebra.MonoidAlgebra.Ideal:docInfo (3.6s)
✔ [16117/21109] Built mathlib/Mathlib.CategoryTheory.Limits.Shapes.Pullback.Equalizer:docInfo (3.8s)
✔ [16118/21109] Built mathlib/Mathlib.CategoryTheory.Limits.Shapes.Pullback.Connected:docInfo (3.3s)
✔ [16119/21109] Built mathlib/Mathlib.CategoryTheory.GuitartExact.VerticalComposition:docInfo (3.8s)
✔ [16120/21109] Built mathlib/Mathlib.CategoryTheory.Limits.Shapes.MultiequalizerPullback:docInfo (3.3s)
✔ [16121/21109] Built mathlib/Mathlib.CategoryTheory.Monoidal.Limits.Shapes.Pullback:docInfo (3.6s)
✔ [16122/21109] Built mathlib/Mathlib.Data.ZMod.Units:docInfo (3.9s)
✔ [16123/21109] Built mathlib/Mathlib.CategoryTheory.Limits.FilteredColimitCommutesProduct:docInfo (3.7s)
✔ [16124/21109] Built mathlib/Mathlib.CategoryTheory.Limits.EpiMono:docInfo (3.5s)
✔ [16125/21109] Built mathlib/Mathlib.CategoryTheory.GuitartExact.KanExtension:docInfo (3.7s)
✔ [16126/21109] Built mathlib/Mathlib.CategoryTheory.GuitartExact.Over:docInfo (3.7s)
✔ [16127/21109] Built mathlib/Mathlib.CategoryTheory.Join.Final:docInfo (3.7s)
✔ [16128/21109] Built mathlib/Mathlib.CategoryTheory.Monoidal.DayConvolution:docInfo (4.5s)
✔ [16129/21109] Built mathlib/Mathlib.Combinatorics.SimpleGraph.DegreeSum:docInfo (3.9s)
✔ [16130/21109] Built mathlib/Mathlib.Data.ZMod.Factorial:docInfo (3.7s)
✔ [16131/21109] Built mathlib/Mathlib.GroupTheory.GroupAction.Period:docInfo (3.4s)
✔ [16132/21109] Built mathlib/Mathlib.NumberTheory.Basic:docInfo (3.9s)
✔ [16133/21109] Built mathlib/Mathlib.NumberTheory.Multiplicity:docInfo (4.2s)
✔ [16219/21194] Built mathlib/Mathlib.LinearAlgebra.Dimension.Basic:docInfo (3.1s)
✔ [16220/21194] Built mathlib/Mathlib.LinearAlgebra.Basis.Submodule:docInfo (3.3s)
✔ [16221/21194] Built mathlib/Mathlib.LinearAlgebra.Quotient.Basic:docInfo (3.5s)
✔ [16222/21194] Built mathlib/Mathlib.LinearAlgebra.Finsupp.Pi:docInfo (3.5s)
✔ [16223/21194] Built mathlib/Mathlib.RingTheory.Finiteness.Defs:docInfo (3.2s)
✔ [16224/21194] Built mathlib/Mathlib.SetTheory.Cardinal.Regular:docInfo (3.8s)
✔ [16225/21194] Built mathlib/Mathlib.LinearAlgebra.FreeModule.Basic:docInfo (3.4s)
✔ [16226/21194] Built mathlib/Mathlib.LinearAlgebra.TensorProduct.Basic:docInfo (3.2s)
✔ [16227/21194] Built mathlib/Mathlib.Data.Matrix.Basic:docInfo (3.7s)
✔ [16228/21194] Built mathlib/Mathlib.RingTheory.AlgebraTower:docInfo (2.9s)
✔ [16229/21194] Built mathlib/Mathlib.RingTheory.SimpleRing.Defs:docInfo (2.8s)
✔ [16230/21194] Built mathlib/Mathlib.RingTheory.TwoSidedIdeal.Kernel:docInfo (3.0s)
✔ [16231/21194] Built mathlib/Mathlib.LinearAlgebra.Basis.Fin:docInfo (3.3s)
✔ [16232/21194] Built mathlib/Mathlib.LinearAlgebra.Basis.SMul:docInfo (3.3s)
✔ [16233/21194] Built mathlib/Mathlib.Algebra.Star.NonUnitalSubalgebra:docInfo (3.9s)
✔ [16234/21194] Built mathlib/Mathlib.Algebra.Polynomial.Eval.Defs:docInfo (3.6s)
✔ [16235/21194] Built mathlib/Mathlib.Algebra.Polynomial.Coeff:docInfo (3.6s)
✔ [16236/21194] Built mathlib/Mathlib.Algebra.MonoidAlgebra.Degree:docInfo (3.4s)
✔ [16237/21194] Built mathlib/Mathlib.Algebra.Polynomial.Monomial:docInfo (3.5s)
✔ [16238/21194] Built mathlib/Mathlib.Algebra.Polynomial.Cardinal:docInfo (3.4s)
✔ [16239/21194] Built mathlib/Mathlib.CategoryTheory.Preadditive.Basic:docInfo (3.3s)
✔ [16240/21194] Built mathlib/Mathlib.CategoryTheory.Limits.Shapes.Biproducts:docInfo (3.0s)
✔ [16241/21194] Built mathlib/Mathlib.CategoryTheory.ConcreteCategory.Elementwise:docInfo (2.3s)
✔ [16242/21194] Built mathlib/Mathlib.RingTheory.TwoSidedIdeal.Operations:docInfo (2.9s)
✔ [16243/21194] Built mathlib/Mathlib.CategoryTheory.Limits.Shapes.Pullback.IsPullback.Basic:docInfo (3.4s)
✔ [16244/21194] Built mathlib/Mathlib.CategoryTheory.Limits.Comma:docInfo (3.0s)
✔ [16245/21194] Built mathlib/Mathlib.CategoryTheory.ConcreteCategory.EpiMono:docInfo (2.5s)
✔ [16246/21194] Built mathlib/Mathlib.CategoryTheory.Limits.Preserves.Shapes.Kernels:docInfo (3.1s)
✔ [16247/21194] Built mathlib/Mathlib.CategoryTheory.Limits.Constructions.LimitsOfProductsAndEqualizers:docInfo (3.3s)
✔ [16248/21194] Built mathlib/Mathlib.CategoryTheory.Limits.Shapes.NormalMono.Basic:docInfo (3.2s)
✔ [16249/21194] Built mathlib/Mathlib.CategoryTheory.Abelian.Images:docInfo (3.1s)
✔ [16250/21194] Built mathlib/Mathlib.Topology.DiscreteSubset:docInfo (3.6s)
✔ [16251/21194] Built mathlib/Mathlib.Topology.Compactness.Lindelof:docInfo (3.7s)
✔ [16252/21194] Built mathlib/Mathlib.Algebra.Homology.ShortComplex.LeftHomology:docInfo (2.9s)
✔ [16253/21194] Built mathlib/Mathlib.CategoryTheory.Limits.Shapes.Opposites.Kernels:docInfo (3.1s)
✔ [16254/21194] Built mathlib/Mathlib.Algebra.Homology.ShortComplex.Limits:docInfo (3.2s)
✔ [16255/21194] Built mathlib/Mathlib.CategoryTheory.GradedObject:docInfo (3.0s)
✔ [16256/21194] Built mathlib/Mathlib.CategoryTheory.Limits.FunctorCategory.EpiMono:docInfo (2.7s)
✔ [16257/21194] Built mathlib/Mathlib.Algebra.Module.LocalizedModule.AtPrime:docInfo (2.9s)
✔ [16258/21194] Built mathlib/Mathlib.Data.ZMod.QuotientGroup:docInfo (3.9s)
✔ [16259/21194] Built mathlib/Mathlib.CategoryTheory.Shift.CommShift:docInfo (3.2s)
✔ [16260/21194] Built mathlib/Mathlib.CategoryTheory.Sites.Grothendieck:docInfo (3.4s)
✔ [16261/21194] Built mathlib/Mathlib.CategoryTheory.Limits.MonoCoprod:docInfo (3.3s)
✔ [16262/21194] Built mathlib/Mathlib.CategoryTheory.Limits.Preserves.SigmaConst:docInfo (2.4s)
✔ [16263/21194] Built mathlib/Mathlib.Algebra.Field.ZMod:docInfo (3.9s)
✔ [16264/21194] Built mathlib/Mathlib.Algebra.FreeNonUnitalNonAssocAlgebra:docInfo (3.3s)
✔ [16265/21194] Built mathlib/Mathlib.CategoryTheory.ObjectProperty.Orthogonal:docInfo (2.7s)
✔ [16266/21194] Built mathlib/Mathlib.CategoryTheory.DifferentialObject:docInfo (3.1s)
✔ [16267/21194] Built mathlib/Mathlib.Algebra.Homology.ShortComplex.FunctorEquivalence:docInfo (2.8s)
✔ [16268/21194] Built mathlib/Mathlib.Algebra.Module.LocalizedModule.Away:docInfo (2.9s)
✔ [16269/21194] Built mathlib/Mathlib.Algebra.Module.LocalizedModule.Int:docInfo (3.2s)
✔ [16270/21194] Built mathlib/Mathlib.Data.ZMod.ValMinAbs:docInfo (4.2s)
ℹ [16271/21194] Built mathlib/Mathlib.Topology.MetricSpace.Pseudo.Defs:docInfo (3.6s)
info: stdout:
WARNING: Failed to calculate equational lemmata for Mathlib.Meta.Positivity.evalDist: unquoteExpr: __result.2.1 : Lean.Expr
✔ [16272/21194] Built mathlib/Mathlib.Data.EReal.Inv:docInfo (3.3s)
✔ [16273/21194] Built mathlib/Mathlib.Topology.IndicatorConstPointwise:docInfo (3.4s)
✔ [16274/21194] Built mathlib/Mathlib.Topology.Separation.CountableSeparatingOn:docInfo (3.5s)
✔ [16275/21194] Built mathlib/Mathlib.LinearAlgebra.AffineSpace.AffineMap:docInfo (3.8s)
✔ [16276/21194] Built mathlib/Mathlib.Topology.Compactness.NhdsKer:docInfo (3.6s)
✔ [16277/21194] Built mathlib/Mathlib.Data.Real.ConjExponents:docInfo (2.9s)
✔ [16278/21194] Built mathlib/Mathlib.NumberTheory.ArithmeticFunction.Misc:docInfo (4.1s)
✔ [16279/21194] Built mathlib/Mathlib.Algebra.Polynomial.Basis:docInfo (3.5s)
✔ [16280/21194] Built mathlib/Mathlib.CategoryTheory.GlueData:docInfo (3.2s)
✔ [16281/21194] Built mathlib/Mathlib.CategoryTheory.Limits.Constructions.ZeroObjects:docInfo (3.3s)
✔ [16282/21194] Built mathlib/Mathlib.Combinatorics.Matroid.Closure:docInfo (3.6s)
✔ [16283/21194] Built mathlib/Mathlib.CategoryTheory.EffectiveEpi.Preserves:docInfo (3.3s)
✔ [16284/21194] Built mathlib/Mathlib.CategoryTheory.GuitartExact.Opposite:docInfo (2.0s)
✔ [16285/21194] Built mathlib/Mathlib.CategoryTheory.Limits.Types.Multicoequalizer:docInfo (3.2s)
✔ [16286/21194] Built mathlib/Mathlib.NumberTheory.LegendreSymbol.ZModChar:docInfo (4.3s)
✔ [16287/21194] Built mathlib/Mathlib.CategoryTheory.Limits.Shapes.Pullback.IsPullback.Kernels:docInfo (3.1s)
✔ [16288/21194] Built mathlib/Mathlib.CategoryTheory.Action:docInfo (3.6s)
✔ [16289/21194] Built mathlib/Mathlib.CategoryTheory.Limits.Preserves.Shapes.Images:docInfo (2.9s)
✔ [16290/21194] Built mathlib/Mathlib.CategoryTheory.Monoidal.DayConvolution.Braided:docInfo (3.0s)
✔ [16291/21194] Built mathlib/Mathlib.CategoryTheory.Monoidal.DayConvolution.Closed:docInfo (3.2s)
✔ [16292/21194] Built mathlib/Mathlib.CategoryTheory.Monoidal.DayConvolution.DayFunctor:docInfo (3.2s)
✔ [16293/21194] Built mathlib/Mathlib.Combinatorics.Matroid.Sum:docInfo (3.3s)
✔ [16294/21194] Built mathlib/Mathlib.Combinatorics.SimpleGraph.Hasse:docInfo (3.5s)
✔ [16295/21194] Built mathlib/Mathlib.Dynamics.FixedPoints.Support:docInfo (3.4s)
✔ [16296/21194] Built mathlib/Mathlib.Dynamics.SymbolicDynamics.Basic:docInfo (3.5s)
✔ [16297/21194] Built mathlib/Mathlib.ModelTheory.ElementaryMaps:docInfo (3.9s)
✔ [16298/21194] Built mathlib/Mathlib.GroupTheory.GroupAction.Iwasawa:docInfo (3.8s)
✔ [16299/21194] Built mathlib/Mathlib.GroupTheory.GroupAction.SubMulAction.OfFixingSubgroup:docInfo (4.2s)
✔ [16300/21194] Built mathlib/Mathlib.GroupTheory.GroupExtension.Defs:docInfo (3.3s)
✔ [16301/21194] Built mathlib/Mathlib.ModelTheory.FinitelyGenerated:docInfo (3.9s)
✔ [16302/21194] Built mathlib/Mathlib.RingTheory.Fintype:docInfo (4.0s)
✔ [16303/21194] Built mathlib/Mathlib.Topology.Filter:docInfo (3.5s)
✔ [16393/21283] Built mathlib/Mathlib.LinearAlgebra.Dimension.Finrank:docInfo (3.8s)
✔ [16394/21283] Built mathlib/Mathlib.RingTheory.Ideal.Basic:docInfo (3.5s)
✔ [16395/21283] Built mathlib/Mathlib.SetTheory.Cardinal.Pigeonhole:docInfo (2.7s)
✔ [16396/21283] Built mathlib/Mathlib.LinearAlgebra.LinearIndependent.Lemmas:docInfo (3.6s)
✔ [16397/21283] Built mathlib/Mathlib.RingTheory.Ideal.Nonunits:docInfo (3.3s)
✔ [16398/21283] Built mathlib/Mathlib.LinearAlgebra.Dimension.Subsingleton:docInfo (3.8s)
✔ [16399/21283] Built mathlib/Mathlib.RingTheory.SimpleRing.Basic:docInfo (2.0s)
✔ [16400/21283] Built mathlib/Mathlib.LinearAlgebra.Basis.Prod:docInfo (3.8s)
✔ [16401/21283] Built mathlib/Mathlib.Algebra.Algebra.Unitization:docInfo (3.1s)
✔ [16402/21283] Built mathlib/Mathlib.Algebra.Polynomial.Eval.Algebra:docInfo (3.8s)
✔ [16403/21283] Built mathlib/Mathlib.Algebra.Polynomial.Degree.Defs:docInfo (4.1s)
✔ [16404/21283] Built mathlib/Mathlib.Algebra.Polynomial.Eval.Coeff:docInfo (4.1s)
✔ [16405/21283] Built mathlib/Mathlib.Algebra.Category.Grp.Preadditive:docInfo (3.2s)
✔ [16406/21283] Built mathlib/Mathlib.CategoryTheory.Linear.Basic:docInfo (3.2s)
✔ [16407/21283] Built mathlib/Mathlib.CategoryTheory.Limits.Shapes.BinaryBiproducts:docInfo (3.7s)
✔ [16408/21283] Built mathlib/Mathlib.CategoryTheory.Preadditive.FunctorCategory:docInfo (2.0s)
✔ [16409/21283] Built mathlib/Mathlib.GroupTheory.Perm.Closure:docInfo (2.8s)
✔ [16410/21283] Built mathlib/Mathlib.GroupTheory.Perm.Cycle.Factors:docInfo (3.4s)
✔ [16411/21283] Built mathlib/Mathlib.LinearAlgebra.Multilinear.Basic:docInfo (3.0s)
✔ [16412/21283] Built mathlib/Mathlib.Algebra.Category.MonCat.FilteredColimits:docInfo (2.0s)
✔ [16413/21283] Built mathlib/Mathlib.RingTheory.Spectrum.Maximal.Defs:docInfo (3.3s)
✔ [16414/21283] Built mathlib/Mathlib.CategoryTheory.Limits.Over:docInfo (2.6s)
✔ [16415/21283] Built mathlib/Mathlib.CategoryTheory.Limits.Shapes.KernelPair:docInfo (3.7s)
✔ [16416/21283] Built mathlib/Mathlib.CategoryTheory.Limits.Shapes.NormalMono.Equalizers:docInfo (3.3s)
✔ [16417/21283] Built mathlib/Mathlib.Topology.Irreducible:docInfo (2.0s)
✔ [16418/21283] Built mathlib/Mathlib.Algebra.Homology.ShortComplex.RightHomology:docInfo (3.6s)
✔ [16419/21283] Built mathlib/Mathlib.CategoryTheory.Limits.Preserves.Shapes.AbelianImages:docInfo (2.8s)
✔ [16420/21283] Built mathlib/Mathlib.Algebra.Category.Grp.EpiMono:docInfo (3.1s)
✔ [16421/21283] Built mathlib/Mathlib.CategoryTheory.Limits.Constructions.Filtered:docInfo (3.7s)
✔ [16422/21283] Built mathlib/Mathlib.Algebra.Ring.NegOnePow:docInfo (3.2s)
✔ [16423/21283] Built mathlib/Mathlib.CategoryTheory.Limits.Shapes.ConcreteCategory:docInfo (2.0s)
✔ [16424/21283] Built mathlib/Mathlib.Data.Nat.Choose.Vandermonde:docInfo (4.1s)
✔ [16425/21283] Built mathlib/Mathlib.GroupTheory.SpecificGroups.Cyclic.Basic:docInfo (3.3s)
✔ [16426/21283] Built mathlib/Mathlib.CategoryTheory.Shift.Induced:docInfo (2.8s)
✔ [16427/21283] Built mathlib/Mathlib.SetTheory.Cardinal.HasCardinalLT:docInfo (2.8s)
✔ [16428/21283] Built mathlib/Mathlib.CategoryTheory.ObjectProperty.Shift:docInfo (2.8s)
✔ [16429/21283] Built mathlib/Mathlib.CategoryTheory.Shift.SingleFunctors:docInfo (2.7s)
✔ [16430/21283] Built mathlib/Mathlib.CategoryTheory.Shift.Adjunction:docInfo (2.0s)
✔ [16431/21283] Built mathlib/Mathlib.CategoryTheory.Sites.Precoverage:docInfo (3.6s)
✔ [16432/21283] Built mathlib/Mathlib.CategoryTheory.Sites.IsSheafFor:docInfo (3.1s)
✔ [16433/21283] Built mathlib/Mathlib.CategoryTheory.Subfunctor.Image:docInfo (2.9s)
✔ [16434/21283] Built mathlib/Mathlib.CategoryTheory.Limits.Shapes.Pullback.Equifibered:docInfo (3.4s)
✔ [16435/21283] Built mathlib/Mathlib.CategoryTheory.Limits.Shapes.DisjointCoproduct:docInfo (3.5s)
✔ [16436/21283] Built mathlib/Mathlib.Algebra.Category.MonCat.Colimits:docInfo (2.9s)
✔ [16437/21283] Built mathlib/Mathlib.Order.Category.NonemptyFinLinOrd:docInfo (3.0s)
✔ [16438/21283] Built mathlib/Mathlib.CategoryTheory.GradedObject.Bifunctor:docInfo (2.8s)
✔ [16439/21283] Built mathlib/Mathlib.CategoryTheory.Shift.Twist:docInfo (2.8s)
✔ [16440/21283] Built mathlib/Mathlib.CategoryTheory.GradedObject.Single:docInfo (2.8s)
✔ [16441/21283] Built mathlib/Mathlib.LinearAlgebra.SModEq.Basic:docInfo (3.0s)
✔ [16442/21283] Built mathlib/Mathlib.Topology.MetricSpace.Pseudo.Constructions:docInfo (3.5s)
✔ [16443/21283] Built mathlib/Mathlib.Topology.MetricSpace.Defs:docInfo (3.4s)
✔ [16444/21283] Built mathlib/Mathlib.LinearAlgebra.Ray:docInfo (3.6s)
✔ [16445/21283] Built mathlib/Mathlib.Topology.AlexandrovDiscrete:docInfo (2.6s)
✔ [16446/21283] Built mathlib/Mathlib.Algebra.Order.Antidiag.Nat:docInfo (3.3s)
✔ [16447/21283] Built mathlib/Mathlib.Algebra.Order.Chebyshev:docInfo (3.4s)
✔ [16448/21283] Built mathlib/Mathlib.Algebra.SkewMonoidAlgebra.Basic:docInfo (4.3s)
✔ [16449/21283] Built mathlib/Mathlib.Algebra.Star.RingQuot:docInfo (3.5s)
✔ [16450/21283] Built mathlib/Mathlib.Combinatorics.Matroid.Rank.Finite:docInfo (3.1s)
✔ [16451/21283] Built mathlib/Mathlib.Combinatorics.Matroid.Circuit:docInfo (3.2s)
✔ [16452/21283] Built mathlib/Mathlib.CategoryTheory.Limits.Shapes.Preorder.HasIterationOfShape:docInfo (2.6s)
✔ [16453/21283] Built mathlib/Mathlib.CategoryTheory.Localization.DerivabilityStructure.Basic:docInfo (3.3s)
✔ [16454/21283] Built mathlib/Mathlib.CategoryTheory.Limits.Types.Pushouts:docInfo (3.7s)
✔ [16455/21283] Built mathlib/Mathlib.CategoryTheory.Functor.RegularEpi:docInfo (2.8s)
✔ [16456/21283] Built mathlib/Mathlib.CategoryTheory.Limits.Shapes.Pullback.PullbackObjObj:docInfo (3.0s)
✔ [16457/21283] Built mathlib/Mathlib.NumberTheory.ArithmeticFunction.Moebius:docInfo (3.4s)
✔ [16458/21283] Built mathlib/Mathlib.NumberTheory.DirichletCharacter.Basic:docInfo (3.0s)
✔ [16459/21283] Built mathlib/Mathlib.CategoryTheory.Adjunction.Quadruple:docInfo (2.6s)
✔ [16460/21283] Built mathlib/Mathlib.CategoryTheory.Functor.ReflectsIso.Jointly:docInfo (3.6s)
✔ [16461/21283] Built mathlib/Mathlib.CategoryTheory.GuitartExact.HorizontalComposition:docInfo (3.2s)
✔ [16462/21283] Built mathlib/Mathlib.CategoryTheory.Limits.FormalCoproducts.Basic:docInfo (3.0s)
✔ [16463/21283] Built mathlib/Mathlib.CategoryTheory.Limits.FunctorCategory.Shapes.Kernels:docInfo (2.7s)
✔ [16464/21283] Built mathlib/Mathlib.CategoryTheory.Limits.Preserves.BifunctorCokernel:docInfo (2.7s)
✔ [16465/21283] Built mathlib/Mathlib.CategoryTheory.Limits.Shapes.Pullback.ChosenPullback:docInfo (3.6s)
✔ [16466/21283] Built mathlib/Mathlib.CategoryTheory.Preadditive.SingleObj:docInfo (3.0s)
✔ [16467/21283] Built mathlib/Mathlib.CategoryTheory.Subfunctor.SubmonoidFunctor:docInfo (2.0s)
✔ [16468/21283] Built mathlib/Mathlib.GroupTheory.Order.Min:docInfo (3.2s)
✔ [16469/21283] Built mathlib/Mathlib.Combinatorics.SimpleGraph.Bipartite:docInfo (3.2s)
✔ [16470/21283] Built mathlib/Mathlib.Combinatorics.SimpleGraph.Circulant:docInfo (3.2s)
✔ [16471/21283] Built mathlib/Mathlib.Combinatorics.SimpleGraph.Extremal.Turan:docInfo (3.2s)
✔ [16472/21283] Built mathlib/Mathlib.Combinatorics.SimpleGraph.Matching:docInfo (3.1s)
✔ [16473/21283] Built mathlib/Mathlib.ModelTheory.ElementarySubstructures:docInfo (2.0s)
✔ [16474/21283] Built mathlib/Mathlib.GroupTheory.FreeGroup.NielsenSchreier:docInfo (3.4s)
✔ [16475/21283] Built mathlib/Mathlib.GroupTheory.GroupExtension.Basic:docInfo (3.3s)
✔ [16476/21283] Built mathlib/Mathlib.MeasureTheory.MeasurableSpace.Card:docInfo (2.7s)
✔ [16477/21283] Built mathlib/Mathlib.ModelTheory.Arithmetic.Presburger.Semilinear.Defs:docInfo (3.7s)
✔ [16478/21283] Built mathlib/Mathlib.ModelTheory.DirectLimit:docInfo (2.0s)
✔ [16479/21283] Built mathlib/Mathlib.NumberTheory.ArithmeticFunction.Liouville:docInfo (3.1s)
✔ [16480/21283] Built mathlib/Mathlib.Order.Category.OmegaCompletePartialOrder:docInfo (3.3s)
✔ [16481/21283] Built mathlib/Mathlib.Order.Filter.CardinalInter:docInfo (2.8s)
✔ [16570/21371] Built mathlib/Mathlib.LinearAlgebra.Multilinear.TensorProduct:docInfo (3.0s)
✔ [16571/21371] Built mathlib/Mathlib.LinearAlgebra.Quotient.Pi:docInfo (3.5s)
✔ [16572/21371] Built mathlib/Mathlib.LinearAlgebra.Countable:docInfo (3.9s)
✔ [16573/21371] Built mathlib/Mathlib.LinearAlgebra.AffineSpace.AffineEquiv:docInfo (4.5s)
✔ [16574/21371] Built mathlib/Mathlib.Combinatorics.Matroid.Loop:docInfo (3.6s)
✔ [16575/21371] Built mathlib/Mathlib.LinearAlgebra.AffineSpace.Slope:docInfo (3.9s)
✔ [16576/21371] Built mathlib/Mathlib.CategoryTheory.SmallObject.Iteration.Basic:docInfo (3.6s)
✔ [16577/21371] Built mathlib/Mathlib.CategoryTheory.Subfunctor.Equalizer:docInfo (2.9s)
✔ [16578/21371] Built mathlib/Mathlib.CategoryTheory.SmallRepresentatives:docInfo (3.2s)
✔ [16579/21371] Built mathlib/Mathlib.CategoryTheory.Comma.Presheaf.Colimit:docInfo (2.9s)
✔ [16580/21371] Built mathlib/Mathlib.CategoryTheory.Preadditive.LiftToFinset:docInfo (3.0s)
✔ [16581/21371] Built mathlib/Mathlib.CategoryTheory.Functor.ReflectsIso.Limits:docInfo (3.4s)
✔ [16582/21371] Built mathlib/Mathlib.CategoryTheory.Limits.FormalCoproducts:docInfo (3.4s)
✔ [16583/21371] Built mathlib/Mathlib.CategoryTheory.Limits.FunctorCategory.BinaryBiproducts:docInfo (3.1s)
✔ [16584/21371] Built mathlib/Mathlib.CategoryTheory.Limits.FunctorCategory.Shapes.Images:docInfo (2.8s)
✔ [16585/21371] Built mathlib/Mathlib.CategoryTheory.Limits.Shapes.Pullback.IsPullback.BicartesianSq:docInfo (3.5s)
✔ [16586/21371] Built mathlib/Mathlib.CategoryTheory.Limits.Shapes.SequentialProduct:docInfo (3.2s)
✔ [16587/21371] Built mathlib/Mathlib.CategoryTheory.Localization.DerivabilityStructure.PointwiseRightDerived:docInfo (3.3s)
✔ [16588/21371] Built mathlib/Mathlib.CategoryTheory.Localization.Preadditive:docInfo (2.0s)
✔ [16589/21371] Built mathlib/Mathlib.CategoryTheory.MorphismProperty.HasCardinalLT:docInfo (3.3s)
✔ [16590/21371] Built mathlib/Mathlib.CategoryTheory.ObjectProperty.HasCardinalLT:docInfo (2.9s)
✔ [16591/21371] Built mathlib/Mathlib.CategoryTheory.Preadditive.OfBiproducts:docInfo (3.2s)
✔ [16592/21371] Built mathlib/Mathlib.CategoryTheory.Sites.Precoverage.Subsheaf:docInfo (3.1s)
✔ [16593/21371] Built mathlib/Mathlib.Combinatorics.Additive.CauchyDavenport:docInfo (3.6s)
✔ [16594/21371] Built mathlib/Mathlib.Combinatorics.SimpleGraph.Acyclic:docInfo (3.4s)
✔ [16595/21371] Built mathlib/Mathlib.Combinatorics.SimpleGraph.CompleteMultipartite:docInfo (3.8s)
✔ [16596/21371] Built mathlib/Mathlib.Combinatorics.SimpleGraph.UniversalVerts:docInfo (3.2s)
✔ [16597/21371] Built mathlib/Mathlib.Combinatorics.SimpleGraph.UnitDistance.Basic:docInfo (3.8s)
✔ [16598/21371] Built mathlib/Mathlib.Computability.TuringMachine.Computable:docInfo (4.0s)
✔ [16599/21371] Built mathlib/Mathlib.Data.Finite.Perm:docInfo (3.7s)
✔ [16600/21371] Built mathlib/Mathlib.ModelTheory.Bundled:docInfo (3.4s)
✔ [16601/21371] Built mathlib/Mathlib.ModelTheory.Skolem:docInfo (3.5s)
✔ [16602/21371] Built mathlib/Mathlib.GroupTheory.Perm.ConjAct:docInfo (3.8s)
✔ [16603/21371] Built mathlib/Mathlib.LinearAlgebra.Basis.Flag:docInfo (3.0s)
✔ [16604/21371] Built mathlib/Mathlib.LinearAlgebra.Goursat:docInfo (3.3s)
✔ [16605/21371] Built mathlib/Mathlib.LinearAlgebra.Matrix.Unique:docInfo (4.0s)
✔ [16606/21371] Built mathlib/Mathlib.LinearAlgebra.Multilinear.Pi:docInfo (4.2s)
✔ [16607/21371] Built mathlib/Mathlib.ModelTheory.PartialEquiv:docInfo (3.8s)
✔ [16608/21371] Built mathlib/Mathlib.RingTheory.SimpleRing.Field:docInfo (3.7s)
✔ [16609/21371] Built mathlib/Mathlib.NumberTheory.SelbergSieve:docInfo (3.9s)
✔ [16610/21371] Built mathlib/Mathlib.Order.Filter.Cocardinal:docInfo (3.7s)
✔ [16611/21371] Built mathlib/Mathlib.RingTheory.SimpleRing.Congr:docInfo (3.6s)
✔ [16612/21371] Built mathlib/Mathlib.RingTheory.UniqueFactorizationDomain.Moebius:docInfo (3.8s)
✔ [16613/21371] Built mathlib/Mathlib.Topology.Separation.AlexandrovDiscrete:docInfo (3.5s)
✔ [16615/21377] Built mathlib/Mathlib.RingTheory.Ideal.Quotient.Basic:docInfo (4.4s)
✔ [16616/21377] Built mathlib/Mathlib.RingTheory.Finiteness.Basic:docInfo (3.0s)
✔ [16617/21377] Built mathlib/Mathlib.LinearAlgebra.Basis.Cardinality:docInfo (3.8s)
✔ [16618/21377] Built mathlib/Mathlib.LinearAlgebra.DFinsupp:docInfo (4.4s)
✔ [16619/21377] Built mathlib/Mathlib.LinearAlgebra.Isomorphisms:docInfo (4.1s)
✔ [16620/21377] Built mathlib/Mathlib.LinearAlgebra.Projection:docInfo (4.2s)
✔ [16621/21377] Built mathlib/Mathlib.Algebra.Exact.Basic:docInfo (3.7s)
✔ [16622/21377] Built mathlib/Mathlib.LinearAlgebra.TensorProduct.Map:docInfo (4.0s)
✔ [16623/21377] Built mathlib/Mathlib.Data.Matrix.Basis:docInfo (4.2s)
✔ [16624/21377] Built mathlib/Mathlib.Algebra.Algebra.Subalgebra.Basic:docInfo (4.4s)
✔ [16625/21377] Built mathlib/Mathlib.Algebra.Field.Subfield.Basic:docInfo (4.1s)
✔ [16626/21377] Built mathlib/Mathlib.RingTheory.Finiteness.Bilinear:docInfo (3.8s)
✔ [16627/21377] Built mathlib/Mathlib.Algebra.Algebra.IsSimpleRing:docInfo (3.5s)
✔ [16628/21377] Built mathlib/Mathlib.CategoryTheory.Limits.Preserves.Shapes.Biproducts:docInfo (3.2s)
✔ [16629/21377] Built mathlib/Mathlib.GroupTheory.Perm.Cycle.Type:docInfo (3.6s)
✔ [16630/21377] Built mathlib/Mathlib.Algebra.Category.Grp.FilteredColimits:docInfo (3.3s)
✔ [16631/21377] Built mathlib/Mathlib.Algebra.Category.Grp.ForgetCorepresentable:docInfo (3.3s)
✔ [16632/21377] Built mathlib/Mathlib.RingTheory.LocalRing.Basic:docInfo (4.1s)
✔ [16633/21377] Built mathlib/Mathlib.CategoryTheory.Limits.Shapes.Diagonal:docInfo (3.7s)
✔ [16634/21377] Built mathlib/Mathlib.CategoryTheory.ObjectProperty.Retract:docInfo (3.4s)
✔ [16635/21377] Built mathlib/Mathlib.Algebra.Category.Grp.Colimits:docInfo (4.0s)
✔ [16636/21377] Built mathlib/Mathlib.Topology.Separation.Hausdorff:docInfo (3.6s)
✔ [16637/21377] Built mathlib/Mathlib.Algebra.Homology.ShortComplex.Homology:docInfo (3.5s)
✔ [16638/21377] Built mathlib/Mathlib.CategoryTheory.Preadditive.Projective.Basic:docInfo (3.5s)
✔ [16639/21377] Built mathlib/Mathlib.CategoryTheory.Linear.FunctorCategory:docInfo (2.9s)
✔ [16640/21377] Built mathlib/Mathlib.LinearAlgebra.SesquilinearForm.Basic:docInfo (4.5s)
✔ [16641/21377] Built mathlib/Mathlib.Algebra.Category.Grp.Kernels:docInfo (3.2s)
✔ [16642/21377] Built mathlib/Mathlib.CategoryTheory.Limits.Presheaf:docInfo (3.3s)
✔ [16643/21377] Built mathlib/Mathlib.Algebra.Category.Grp.Adjunctions:docInfo (3.7s)
✔ [16644/21377] Built mathlib/Mathlib.Algebra.Ring.Periodic:docInfo (3.7s)
✔ [16645/21377] Built mathlib/Mathlib.CategoryTheory.Limits.Shapes.Reflexive:docInfo (3.9s)
✔ [16646/21377] Built mathlib/Mathlib.CategoryTheory.Shift.Quotient:docInfo (3.4s)
✔ [16647/21377] Built mathlib/Mathlib.CategoryTheory.Shift.Localization:docInfo (3.4s)
✔ [16648/21377] Built mathlib/Mathlib.CategoryTheory.ObjectProperty.LimitsClosure:docInfo (3.8s)
✔ [16649/21377] Built mathlib/Mathlib.CategoryTheory.Center.Preadditive:docInfo (2.9s)
✔ [16650/21377] Built mathlib/Mathlib.LinearAlgebra.Multilinear.Curry:docInfo (4.2s)
✔ [16651/21377] Built mathlib/Mathlib.CategoryTheory.Sites.Pretopology:docInfo (3.6s)
✔ [16652/21377] Built mathlib/Mathlib.CategoryTheory.Sites.EqualizerSheafCondition:docInfo (3.0s)
✔ [16653/21377] Built mathlib/Mathlib.CategoryTheory.Subfunctor.Sieves:docInfo (2.8s)
✔ [16654/21377] Built mathlib/Mathlib.CategoryTheory.Sites.Hypercover.Zero:docInfo (3.8s)
✔ [16655/21377] Built mathlib/Mathlib.CategoryTheory.Comma.CardinalArrow:docInfo (3.4s)
✔ [16656/21377] Built mathlib/Mathlib.RingTheory.Finiteness.Prod:docInfo (3.9s)
✔ [16657/21377] Built mathlib/Mathlib.Algebra.Field.NegOnePow:docInfo (3.6s)
✔ [16658/21377] Built mathlib/Mathlib.AlgebraicTopology.SimplexCategory.Basic:docInfo (3.8s)
✔ [16659/21377] Built mathlib/Mathlib.CategoryTheory.Subfunctor.OfSection:docInfo (2.7s)
✔ [16660/21377] Built mathlib/Mathlib.CategoryTheory.GradedObject.Trifunctor:docInfo (4.4s)
✔ [16755/21466] Built mathlib/Mathlib.RingTheory.Noetherian.Defs:docInfo (4.1s)
✔ [16756/21466] Built mathlib/Mathlib.LinearAlgebra.Finsupp.VectorSpace:docInfo (4.0s)
✔ [16757/21466] Built mathlib/Mathlib.RingTheory.Finiteness.Finsupp:docInfo (4.1s)
✔ [16758/21466] Built mathlib/Mathlib.Algebra.Algebra.Bilinear:docInfo (3.0s)
✔ [16759/21466] Built mathlib/Mathlib.Algebra.DirectSum.Module:docInfo (3.9s)
✔ [16760/21466] Built mathlib/Mathlib.LinearAlgebra.TensorProduct.Associator:docInfo (4.2s)
✔ [16761/21466] Built mathlib/Mathlib.Data.Matrix.Composition:docInfo (3.9s)
✔ [16762/21466] Built mathlib/Mathlib.LinearAlgebra.Matrix.ConjTranspose:docInfo (4.0s)
✔ [16763/21466] Built mathlib/Mathlib.RingTheory.Localization.FractionRing:docInfo (3.9s)
✔ [16764/21466] Built mathlib/Mathlib.Algebra.Star.TensorProduct:docInfo (3.9s)
✔ [16765/21466] Built mathlib/Mathlib.LinearAlgebra.Basis.VectorSpace:docInfo (4.0s)
✔ [16766/21466] Built mathlib/Mathlib.RingTheory.Finiteness.Lattice:docInfo (4.1s)
✔ [16767/21466] Built mathlib/Mathlib.Algebra.Polynomial.Degree.Operations:docInfo (3.6s)
✔ [16768/21466] Built mathlib/Mathlib.Algebra.Polynomial.Degree.Monomial:docInfo (3.8s)
✔ [16769/21466] Built mathlib/Mathlib.Algebra.Algebra.Subalgebra.Matrix:docInfo (3.8s)
✔ [16770/21466] Built mathlib/Mathlib.Algebra.Algebra.Subalgebra.Order:docInfo (3.6s)
✔ [16771/21466] Built mathlib/Mathlib.LinearAlgebra.TensorProduct.Finiteness:docInfo (3.9s)
✔ [16772/21466] Built mathlib/Mathlib.GroupTheory.Perm.Fin:docInfo (3.9s)
✔ [16773/21466] Built mathlib/Mathlib.LinearAlgebra.Multilinear.DFinsupp:docInfo (3.7s)
✔ [16774/21466] Built mathlib/Mathlib.Algebra.Category.Ring.FilteredColimits:docInfo (3.1s)
✔ [16775/21466] Built mathlib/Mathlib.Algebra.Category.Grp.Limits:docInfo (3.7s)
✔ [16776/21466] Built mathlib/Mathlib.RingTheory.LocalRing.MaximalIdeal.Defs:docInfo (3.6s)
✔ [16777/21466] Built mathlib/Mathlib.CategoryTheory.ObjectProperty.ColimitsOfShape:docInfo (3.4s)
✔ [16778/21466] Built mathlib/Mathlib.CategoryTheory.Abelian.NonPreadditive:docInfo (3.7s)
✔ [16779/21466] Built mathlib/Mathlib.Topology.Order.OrderClosed:docInfo (3.5s)
✔ [16780/21466] Built mathlib/Mathlib.Topology.Algebra.Support:docInfo (3.6s)
✔ [16781/21466] Built mathlib/Mathlib.Topology.ContinuousMap.Basic:docInfo (3.6s)
✔ [16782/21466] Built mathlib/Mathlib.CategoryTheory.Preadditive.Injective.Basic:docInfo (3.4s)
✔ [16783/21466] Built mathlib/Mathlib.Topology.Algebra.InfiniteSum.Defs:docInfo (3.9s)
✔ [16784/21466] Built mathlib/Mathlib.Topology.Compactness.CompactlyCoherentSpace:docInfo (3.4s)
✔ [16785/21466] Built mathlib/Mathlib.SetTheory.Cardinal.Subfield:docInfo (3.7s)
✔ [16786/21466] Built mathlib/Mathlib.CategoryTheory.Limits.Preserves.FunctorCategory:docInfo (3.0s)
✔ [16787/21466] Built mathlib/Mathlib.Algebra.Order.ToIntervalMod:docInfo (4.0s)
✔ [16788/21466] Built mathlib/Mathlib.Data.Nat.Periodic:docInfo (3.3s)
✔ [16789/21466] Built mathlib/Mathlib.RingTheory.IntegralClosure.IsIntegral.Defs:docInfo (3.5s)
✔ [16790/21466] Built mathlib/Mathlib.RingTheory.Polynomial.Subring:docInfo (4.2s)
✔ [16791/21466] Built mathlib/Mathlib.Algebra.Module.Presentation.Basic:docInfo (3.8s)
✔ [16792/21466] Built mathlib/Mathlib.Algebra.Module.LocalizedModule.Exact:docInfo (3.9s)
✔ [16793/21466] Built mathlib/Mathlib.CategoryTheory.Limits.VanKampen:docInfo (3.5s)
✔ [16794/21466] Built mathlib/Mathlib.CategoryTheory.Preadditive.Projective.Preserves:docInfo (3.3s)
✔ [16795/21466] Built mathlib/Mathlib.Algebra.Module.SnakeLemma:docInfo (4.0s)
✔ [16796/21466] Built mathlib/Mathlib.Algebra.CharP.CharAndCard:docInfo (4.0s)
✔ [16797/21466] Built mathlib/Mathlib.Algebra.Exact:docInfo (3.6s)
✔ [16798/21466] Built mathlib/Mathlib.Algebra.Field.Periodic:docInfo (3.9s)
✔ [16799/21466] Built mathlib/Mathlib.Algebra.FiveLemma:docInfo (3.8s)
✔ [16800/21466] Built mathlib/Mathlib.AlgebraicTopology.SimplicialObject.Basic:docInfo (4.4s)
✔ [16801/21466] Built mathlib/Mathlib.AlgebraicTopology.SimplexCategory.DeltaZeroIter:docInfo (3.8s)
✔ [16802/21466] Built mathlib/Mathlib.AlgebraicTopology.SimplexCategory.Rev:docInfo (3.7s)
✔ [16803/21466] Built mathlib/Mathlib.AlgebraicTopology.SimplexCategory.Truncated:docInfo (3.8s)
✔ [16804/21466] Built mathlib/Mathlib.CategoryTheory.GradedObject.Associator:docInfo (2.8s)
✔ [16805/21466] Built mathlib/Mathlib.GroupTheory.Perm.Cycle.Concrete:docInfo (3.6s)
✔ [16806/21466] Built mathlib/Mathlib.LinearAlgebra.PiTensorProduct:docInfo (3.7s)
✔ [16807/21466] Built mathlib/Mathlib.LinearAlgebra.AffineSpace.Midpoint:docInfo (4.1s)
✔ [16808/21466] Built mathlib/Mathlib.LinearAlgebra.AffineSpace.AffineSubspace.Basic:docInfo (4.3s)
✔ [16809/21466] Built mathlib/Mathlib.Analysis.Normed.Lp.WithLp:docInfo (4.4s)
✔ [16810/21466] Built mathlib/Mathlib.Algebra.Polynomial.Degree.Definitions:docInfo (3.3s)
✔ [16811/21466] Built mathlib/Mathlib.Algebra.SkewMonoidAlgebra.Lift:docInfo (4.2s)
✔ [16812/21466] Built mathlib/Mathlib.Algebra.SkewMonoidAlgebra.Single:docInfo (3.0s)
✔ [16813/21466] Built mathlib/Mathlib.Algebra.SkewMonoidAlgebra.Support:docInfo (3.9s)
✔ [16814/21466] Built mathlib/Mathlib.Combinatorics.Matroid.Rank.ENat:docInfo (3.5s)
✔ [16815/21466] Built mathlib/Mathlib.CategoryTheory.Sites.Preserves:docInfo (2.9s)
✔ [16816/21466] Built mathlib/Mathlib.LinearAlgebra.Basis.Exact:docInfo (4.1s)
✔ [16817/21466] Built mathlib/Mathlib.CategoryTheory.SmallObject.Iteration.ExtendToSucc:docInfo (3.4s)
✔ [16818/21466] Built mathlib/Mathlib.CategoryTheory.SmallObject.Iteration.FunctorOfCocone:docInfo (3.4s)
✔ [16819/21466] Built mathlib/Mathlib.CategoryTheory.Localization.DerivabilityStructure.Constructor:docInfo (3.4s)
✔ [16820/21466] Built mathlib/Mathlib.AlgebraicTopology.SimplexCategory.GeneratorsRelations.Basic:docInfo (3.7s)
✔ [16821/21466] Built mathlib/Mathlib.AlgebraicTopology.SimplexCategory.SemiSimplexCategory:docInfo (3.7s)
✔ [16822/21466] Built mathlib/Mathlib.AlgebraicTopology.SimplexCategory.ToMkOne:docInfo (3.5s)
✔ [16823/21466] Built mathlib/Mathlib.CategoryTheory.LiftingProperties.ParametrizedAdjunction:docInfo (3.3s)
✔ [16824/21466] Built mathlib/Mathlib.CategoryTheory.Monoidal.Braided.PushoutObjObj:docInfo (2.9s)
✔ [16825/21466] Built mathlib/Mathlib.Topology.LocallyFinsupp:docInfo (3.6s)
✔ [16826/21466] Built mathlib/Mathlib.Dynamics.FixedPoints.Topology:docInfo (3.3s)
✔ [16827/21466] Built mathlib/Mathlib.CategoryTheory.Localization.DerivabilityStructure.OfLocalizedEquivalences:docInfo (2.8s)
✔ [16828/21466] Built mathlib/Mathlib.CategoryTheory.ObjectProperty.ClosureShift:docInfo (3.7s)
✔ [16829/21466] Built mathlib/Mathlib.CategoryTheory.Preadditive.Projective.Internal:docInfo (3.3s)
✔ [16830/21466] Built mathlib/Mathlib.CategoryTheory.Subfunctor.Finite:docInfo (2.9s)
✔ [16831/21466] Built mathlib/Mathlib.Topology.Algebra.Semigroup:docInfo (3.4s)
✔ [16832/21466] Built mathlib/Mathlib.Combinatorics.Matroid.Minor.Delete:docInfo (3.0s)
✔ [16833/21466] Built mathlib/Mathlib.Combinatorics.SimpleGraph.Coloring.Constructions:docInfo (3.4s)
✔ [16834/21466] Built mathlib/Mathlib.Combinatorics.SimpleGraph.FiveWheelLike:docInfo (3.4s)
✔ [16835/21466] Built mathlib/Mathlib.Combinatorics.SimpleGraph.Girth:docInfo (3.9s)
✔ [16836/21466] Built mathlib/Mathlib.Combinatorics.SimpleGraph.Star:docInfo (3.7s)
✔ [16837/21466] Built mathlib/Mathlib.Combinatorics.SimpleGraph.Tutte:docInfo (3.8s)
✔ [16838/21466] Built mathlib/Mathlib.Computability.TMComputable:docInfo (4.0s)
✔ [16839/21466] Built mathlib/Mathlib.GroupTheory.FixedPointFree:docInfo (3.9s)
✔ [16840/21466] Built mathlib/Mathlib.GroupTheory.IndexNormal:docInfo (3.7s)
✔ [16841/21466] Built mathlib/Mathlib.LinearAlgebra.FixedSubmodule:docInfo (4.2s)
✔ [16842/21466] Built mathlib/Mathlib.LinearAlgebra.LeftExact:docInfo (3.8s)
✔ [16843/21466] Built mathlib/Mathlib.LinearAlgebra.Matrix.Module:docInfo (3.9s)
✔ [16844/21466] Built mathlib/Mathlib.LinearAlgebra.Quotient.Bilinear:docInfo (3.9s)
✔ [16845/21466] Built mathlib/Mathlib.ModelTheory.Fraisse:docInfo (3.3s)
✔ [16846/21466] Built mathlib/Mathlib.Topology.Compactness.CompactSystem:docInfo (3.3s)
✔ [16913/21532] Built mathlib/Mathlib.Algebra.Homology.ComplexShapeSigns:docInfo (3.8s)
✔ [16934/21551] Built mathlib/Mathlib.LinearAlgebra.StdBasis:docInfo (3.0s)
✔ [16935/21551] Built mathlib/Mathlib.Algebra.Algebra.Operations:docInfo (4.3s)
✔ [16936/21551] Built mathlib/Mathlib.Algebra.DirectSum.Finsupp:docInfo (3.9s)
✔ [16937/21551] Built mathlib/Mathlib.LinearAlgebra.TensorProduct.Tower:docInfo (4.4s)
✔ [16938/21551] Built mathlib/Mathlib.Data.Matrix.Block:docInfo (3.9s)
✔ [16939/21551] Built mathlib/Mathlib.LinearAlgebra.Matrix.RowCol:docInfo (3.5s)
✔ [16940/21551] Built mathlib/Mathlib.Algebra.Polynomial.Degree.Support:docInfo (3.5s)
✔ [16941/21551] Built mathlib/Mathlib.Algebra.Polynomial.Degree.Domain:docInfo (3.9s)
✔ [16942/21551] Built mathlib/Mathlib.Algebra.Polynomial.Degree.SmallDegree:docInfo (3.8s)
✔ [16943/21551] Built mathlib/Mathlib.Algebra.Colimit.Module:docInfo (3.8s)
✔ [16944/21551] Built mathlib/Mathlib.CategoryTheory.Preadditive.Biproducts:docInfo (3.7s)
✔ [16945/21551] Built mathlib/Mathlib.LinearAlgebra.Multilinear.Finsupp:docInfo (3.7s)
✔ [16946/21551] Built mathlib/Mathlib.Algebra.Category.Ring.Limits:docInfo (3.4s)
✔ [16947/21551] Built mathlib/Mathlib.RingTheory.Coalgebra.Basic:docInfo (4.3s)
✔ [16948/21551] Built mathlib/Mathlib.Algebra.Module.LocalizedModule.IsLocalization:docInfo (3.8s)
✔ [16949/21551] Built mathlib/Mathlib.CategoryTheory.MorphismProperty.Limits:docInfo (3.8s)
✔ [16950/21551] Built mathlib/Mathlib.Topology.Connected.Basic:docInfo (3.1s)
✔ [16951/21551] Built mathlib/Mathlib.Topology.Category.TopCat.Basic:docInfo (3.5s)
✔ [16952/21551] Built mathlib/Mathlib.Algebra.Homology.ShortComplex.QuasiIso:docInfo (3.1s)
✔ [16953/21551] Built mathlib/Mathlib.Topology.Algebra.InfiniteSum.Basic:docInfo (4.3s)
✔ [16954/21551] Built mathlib/Mathlib.LinearAlgebra.DirectSum.Finite:docInfo (3.9s)
✔ [16955/21551] Built mathlib/Mathlib.Data.Nat.Totient:docInfo (3.9s)
✔ [16956/21551] Built mathlib/Mathlib.Topology.Order.Basic:docInfo (3.6s)
✔ [16957/21551] Built mathlib/Mathlib.CategoryTheory.Monad.Equalizer:docInfo (3.4s)
✔ [16958/21551] Built mathlib/Mathlib.LinearAlgebra.Matrix.Invertible:docInfo (3.5s)
✔ [16959/21551] Built mathlib/Mathlib.RingTheory.IntegralClosure.Algebra.Defs:docInfo (3.9s)
✔ [16960/21551] Built mathlib/Mathlib.RingTheory.IntegralClosure.IsIntegralClosure.Defs:docInfo (3.9s)
✔ [16961/21551] Built mathlib/Mathlib.Topology.Sets.Opens:docInfo (3.6s)
✔ [16962/21551] Built mathlib/Mathlib.CategoryTheory.Center.Linear:docInfo (3.5s)
✔ [16963/21551] Built mathlib/Mathlib.Algebra.DirectSum.Algebra:docInfo (4.0s)
✔ [16964/21551] Built mathlib/Mathlib.Algebra.DirectSum.Decomposition:docInfo (4.0s)
✔ [16965/21551] Built mathlib/Mathlib.CategoryTheory.Sites.SheafOfTypes:docInfo (3.4s)
✔ [16966/21551] Built mathlib/Mathlib.CategoryTheory.Limits.FilteredColimitCommutesFiniteLimit:docInfo (3.3s)
✔ [16967/21551] Built mathlib/Mathlib.Algebra.Group.UniqueProds.VectorSpace:docInfo (3.9s)
✔ [16968/21551] Built mathlib/Mathlib.CategoryTheory.Center.NegOnePow:docInfo (3.0s)
✔ [16969/21551] Built mathlib/Mathlib.LinearAlgebra.BilinearForm.Hom:docInfo (4.1s)
✔ [16970/21551] Built mathlib/Mathlib.RingTheory.Localization.NumDen:docInfo (3.6s)
✔ [16971/21551] Built mathlib/Mathlib.Algebra.Module.Presentation.Cokernel:docInfo (3.9s)
✔ [16972/21551] Built mathlib/Mathlib.Algebra.Module.Presentation.DirectSum:docInfo (3.8s)
✔ [16973/21551] Built mathlib/Mathlib.Algebra.Module.Presentation.Free:docInfo (3.8s)
✔ [16974/21551] Built mathlib/Mathlib.Algebra.Module.Presentation.Tautological:docInfo (3.8s)
✔ [16975/21551] Built mathlib/Mathlib.Algebra.Module.Presentation.Tensor:docInfo (3.9s)
✔ [16976/21551] Built mathlib/Mathlib.RingTheory.Ideal.Basis:docInfo (4.0s)
✔ [16977/21551] Built mathlib/Mathlib.Topology.Order.Lattice:docInfo (3.1s)
✔ [16978/21551] Built mathlib/Mathlib.Topology.ContinuousMap.CocompactMap:docInfo (3.5s)
✔ [16979/21551] Built mathlib/Mathlib.Analysis.Convex.Segment:docInfo (3.7s)
✔ [16980/21551] Built mathlib/Mathlib.LinearAlgebra.AffineSpace.Combination:docInfo (4.1s)
✔ [16981/21551] Built mathlib/Mathlib.LinearAlgebra.AffineSpace.Pointwise:docInfo (3.9s)
✔ [16982/21551] Built mathlib/Mathlib.LinearAlgebra.AffineSpace.Restrict:docInfo (3.9s)
✔ [16983/21551] Built mathlib/Mathlib.Algebra.SkewPolynomial.Basic:docInfo (4.1s)
✔ [16984/21551] Built mathlib/Mathlib.CategoryTheory.Sites.JointlySurjective:docInfo (3.4s)
✔ [16985/21551] Built mathlib/Mathlib.Combinatorics.Matroid.Rank.Cardinal:docInfo (3.6s)
✔ [16986/21551] Built mathlib/Mathlib.FieldTheory.RatFunc.Defs:docInfo (3.9s)
✔ [16987/21551] Built mathlib/Mathlib.CategoryTheory.Sites.Hypercover.ZeroFamily:docInfo (3.5s)
✔ [16988/21551] Built mathlib/Mathlib.CategoryTheory.SmallObject.Iteration.Nonempty:docInfo (3.4s)
✔ [16989/21551] Built mathlib/Mathlib.AlgebraicTopology.SimplexCategory.GeneratorsRelations.EpiMono:docInfo (3.5s)
✔ [16990/21551] Built mathlib/Mathlib.AlgebraicTopology.SimplexCategory.MorphismProperty:docInfo (3.5s)
✔ [16991/21551] Built mathlib/Mathlib.LinearAlgebra.AffineSpace.Ordered:docInfo (3.8s)
✔ [16992/21551] Built mathlib/Mathlib.Topology.Order.OrderClosedExtr:docInfo (3.4s)
✔ [16993/21551] Built mathlib/Mathlib.Topology.Order.ExtrClosure:docInfo (3.2s)
✔ [16994/21551] Built mathlib/Mathlib.CategoryTheory.Monad.Coequalizer:docInfo (3.5s)
✔ [16995/21551] Built mathlib/Mathlib.CategoryTheory.Galois.Basic:docInfo (4.0s)
✔ [16996/21551] Built mathlib/Mathlib.CategoryTheory.Localization.DerivabilityStructure.Derives:docInfo (3.1s)
✔ [16997/21551] Built mathlib/Mathlib.CategoryTheory.Localization.DerivabilityStructure.OfFunctorialResolutions:docInfo (2.9s)
✔ [16998/21551] Built mathlib/Mathlib.CategoryTheory.ObjectProperty.SiteLocal:docInfo (3.5s)
✔ [16999/21551] Built mathlib/Mathlib.CategoryTheory.Sites.Finite:docInfo (3.5s)
✔ [17000/21551] Built mathlib/Mathlib.Combinatorics.Matroid.Minor.Contract:docInfo (3.7s)
✔ [17001/21551] Built mathlib/Mathlib.Combinatorics.SimpleGraph.ConcreteColorings:docInfo (3.7s)
✔ [17002/21551] Built mathlib/Mathlib.LinearAlgebra.Matrix.Bilinear:docInfo (3.8s)
✔ [17003/21551] Built mathlib/Mathlib.ModelTheory.Satisfiability:docInfo (3.6s)
✔ [17004/21551] Built mathlib/Mathlib.RingTheory.Localization.Cardinality:docInfo (3.7s)
✔ [17005/21551] Built mathlib/Mathlib.GroupTheory.CosetCover:docInfo (4.0s)
✔ [17006/21551] Built mathlib/Mathlib.GroupTheory.DivisibleHull:docInfo (3.0s)
✔ [17007/21551] Built mathlib/Mathlib.GroupTheory.Perm.Cycle.PossibleTypes:docInfo (3.9s)
✔ [17008/21551] Built mathlib/Mathlib.LinearAlgebra.AffineSpace.AffineSubspace.Shift:docInfo (3.8s)
✔ [17009/21551] Built mathlib/Mathlib.LinearAlgebra.AffineSpace.MidpointZero:docInfo (3.8s)
✔ [17010/21551] Built mathlib/Mathlib.LinearAlgebra.DirectSum.Basis:docInfo (3.8s)
✔ [17011/21551] Built mathlib/Mathlib.LinearAlgebra.Multilinear.DirectSum:docInfo (3.4s)
✔ [17012/21551] Built mathlib/Mathlib.LinearAlgebra.PiTensorProduct.DFinsupp:docInfo (4.0s)
✔ [17013/21551] Built mathlib/Mathlib.RingTheory.PiTensorProduct:docInfo (3.0s)
✔ [17014/21551] Built mathlib/Mathlib.LinearAlgebra.TensorPower.Symmetric:docInfo (3.9s)
✔ [17015/21551] Built mathlib/Mathlib.Topology.Algebra.Order.Support:docInfo (3.5s)
✔ [17016/21551] Built mathlib/Mathlib.Topology.Order.IsLocallyClosed:docInfo (3.0s)
✔ [17017/21551] Built mathlib/Mathlib.RingTheory.Noetherian.Filter:docInfo (3.9s)
✔ [17018/21551] Built mathlib/Mathlib.Topology.Convenient.GeneratedBy:docInfo (3.4s)
✔ [17019/21551] Built mathlib/Mathlib.Topology.Hom.Open:docInfo (3.5s)
✔ [17123/21655] Built mathlib/Mathlib.Data.Matrix.Bilinear:docInfo (3.4s)
✔ [17124/21655] Built mathlib/Mathlib.Data.Matrix.ColumnRowPartitioned:docInfo (3.8s)
✔ [17125/21655] Built mathlib/Mathlib.Data.Matrix.Invertible:docInfo (3.7s)
✔ [17126/21655] Built mathlib/Mathlib.FieldTheory.IsRealClosed.Basic:docInfo (3.8s)
✔ [17127/21655] Built mathlib/Mathlib.GroupTheory.Perm.Centralizer:docInfo (3.0s)
✔ [17128/21655] Built mathlib/Mathlib.LinearAlgebra.BilinearForm.IsometryEquiv:docInfo (3.6s)
✔ [17129/21655] Built mathlib/Mathlib.LinearAlgebra.ConvexSpace.AffineSpace:docInfo (3.5s)
✔ [17130/21655] Built mathlib/Mathlib.LinearAlgebra.Matrix.Permanent:docInfo (3.7s)
✔ [17131/21655] Built mathlib/Mathlib.LinearAlgebra.PiTensorProduct.DirectSum:docInfo (3.7s)
✔ [17132/21655] Built mathlib/Mathlib.ModelTheory.Equivalence:docInfo (3.4s)
✔ [17133/21655] Built mathlib/Mathlib.ModelTheory.Graph:docInfo (3.3s)
✔ [17134/21655] Built mathlib/Mathlib.ModelTheory.Types:docInfo (3.3s)
✔ [17135/21655] Built mathlib/Mathlib.RingTheory.Polynomial.Opposites:docInfo (3.8s)
✔ [17137/21656] Built mathlib/Mathlib.RingTheory.Finiteness.Cardinality:docInfo (3.9s)
✔ [17138/21656] Built mathlib/Mathlib.RingTheory.Ideal.Operations:docInfo (4.3s)
✔ [17139/21656] Built mathlib/Mathlib.LinearAlgebra.Matrix.StdBasis:docInfo (3.6s)
✔ [17140/21656] Built mathlib/Mathlib.Algebra.Algebra.Subalgebra.Lattice:docInfo (3.9s)
✔ [17141/21656] Built mathlib/Mathlib.LinearAlgebra.DirectSum.TensorProduct:docInfo (3.8s)
ℹ [17142/21656] Built mathlib/Mathlib.LinearAlgebra.Matrix.Notation:docInfo (3.9s)
info: stdout:
WARNING: Failed to calculate equational lemmata for Matrix.toExpr: unquoteExpr: inst✝².2 : Lean.Expr
✔ [17143/21656] Built mathlib/Mathlib.Algebra.Polynomial.Degree.Units:docInfo (3.5s)
✔ [17144/21656] Built mathlib/Mathlib.Algebra.Polynomial.Degree.TrailingDegree:docInfo (3.7s)
✔ [17145/21656] Built mathlib/Mathlib.Algebra.Polynomial.Derivative:docInfo (3.8s)
✔ [17146/21656] Built mathlib/Mathlib.Algebra.Polynomial.Eval.SMul:docInfo (3.8s)
✔ [17147/21656] Built mathlib/Mathlib.Algebra.Colimit.Finiteness:docInfo (4.0s)
✔ [17148/21656] Built mathlib/Mathlib.LinearAlgebra.TensorProduct.DirectLimit:docInfo (4.1s)
✔ [17149/21656] Built mathlib/Mathlib.CategoryTheory.Preadditive.AdditiveFunctor:docInfo (3.4s)
✔ [17150/21656] Built mathlib/Mathlib.LinearAlgebra.Multilinear.Basis:docInfo (3.7s)
✔ [17151/21656] Built mathlib/Mathlib.RingTheory.Coalgebra.Hom:docInfo (4.3s)
✔ [17152/21656] Built mathlib/Mathlib.RingTheory.Coalgebra.CoassocSimps:docInfo (5.2s)
✔ [17153/21656] Built mathlib/Mathlib.RingTheory.Localization.Module:docInfo (3.8s)
✔ [17154/21656] Built mathlib/Mathlib.CategoryTheory.Limits.FullSubcategory:docInfo (3.4s)
✔ [17155/21656] Built mathlib/Mathlib.CategoryTheory.Abelian.Basic:docInfo (3.7s)
✔ [17156/21656] Built mathlib/Mathlib.Algebra.Homology.ShortComplex.PreservesHomology:docInfo (3.5s)
✔ [17157/21656] Built mathlib/Mathlib.Algebra.Homology.ShortComplex.Retract:docInfo (2.7s)
✔ [17158/21656] Built mathlib/Mathlib.Algebra.Category.Grp.Biproducts:docInfo (3.3s)
✔ [17159/21656] Built mathlib/Mathlib.Topology.Order.LeftRightNhds:docInfo (4.2s)
✔ [17160/21656] Built mathlib/Mathlib.CategoryTheory.Monad.Comonadicity:docInfo (3.5s)
✔ [17161/21656] Built mathlib/Mathlib.LinearAlgebra.Matrix.Symmetric:docInfo (3.7s)
✔ [17162/21656] Built mathlib/Mathlib.Algebra.Polynomial.Eval.Subring:docInfo (3.7s)
✔ [17163/21656] Built mathlib/Mathlib.GroupTheory.SpecificGroups.Cyclic:docInfo (4.3s)
✔ [17164/21656] Built mathlib/Mathlib.CategoryTheory.ObjectProperty.ColimitsClosure:docInfo (3.6s)
✔ [17165/21656] Built mathlib/Mathlib.Algebra.DirectSum.Internal:docInfo (4.7s)
✔ [17166/21656] Built mathlib/Mathlib.CategoryTheory.Sites.Sheaf:docInfo (3.7s)
✔ [17167/21656] Built mathlib/Mathlib.CategoryTheory.ObjectProperty.Local:docInfo (3.4s)
✔ [17168/21656] Built mathlib/Mathlib.CategoryTheory.Sites.Closed:docInfo (3.3s)
✔ [17169/21656] Built mathlib/Mathlib.CategoryTheory.Sites.PrecoverageToGrothendieck:docInfo (3.2s)
✔ [17170/21656] Built mathlib/Mathlib.CategoryTheory.Preadditive.Injective.Preserves:docInfo (3.4s)
✔ [17171/21656] Built mathlib/Mathlib.LinearAlgebra.TensorProduct.Pi:docInfo (3.6s)
✔ [17172/21656] Built mathlib/Mathlib.LinearAlgebra.TensorProduct.Prod:docInfo (3.5s)
✔ [17173/21656] Built mathlib/Mathlib.CategoryTheory.MorphismProperty.OverAdjunction:docInfo (3.6s)
✔ [17174/21656] Built mathlib/Mathlib.AlgebraicTopology.CechNerve:docInfo (3.9s)
✔ [17175/21656] Built mathlib/Mathlib.AlgebraicTopology.SimplicialObject.DeltaZeroIter:docInfo (3.7s)
✔ [17176/21656] Built mathlib/Mathlib.AlgebraicTopology.SimplicialObject.Homotopy:docInfo (3.7s)
✔ [17177/21656] Built mathlib/Mathlib.AlgebraicTopology.SimplicialObject.Op:docInfo (3.7s)
✔ [17178/21656] Built mathlib/Mathlib.AlgebraicTopology.SimplicialSet.Basic:docInfo (3.6s)
✔ [17179/21656] Built mathlib/Mathlib.Algebra.Homology.CommSq:docInfo (3.3s)
✔ [17180/21656] Built mathlib/Mathlib.CategoryTheory.MorphismProperty.LiftingProperty:docInfo (3.4s)
✔ [17181/21656] Built mathlib/Mathlib.CategoryTheory.GradedObject.Unitor:docInfo (3.3s)
✔ [17182/21656] Built mathlib/Mathlib.CategoryTheory.Limits.Shapes.Pullback.Square:docInfo (3.2s)
✔ [17183/21656] Built mathlib/Mathlib.LinearAlgebra.Matrix.DotProduct:docInfo (3.7s)
✔ [17184/21656] Built mathlib/Mathlib.Algebra.Module.Presentation.RestrictScalars:docInfo (3.9s)
✔ [17185/21656] Built mathlib/Mathlib.LinearAlgebra.TensorPower.Basic:docInfo (4.6s)
✔ [17186/21656] Built mathlib/Mathlib.Topology.Instances.Discrete:docInfo (4.1s)
✔ [17187/21656] Built mathlib/Mathlib.Topology.Order.ProjIcc:docInfo (4.1s)
✔ [17188/21656] Built mathlib/Mathlib.Topology.Instances.Sign:docInfo (4.1s)
✔ [17189/21656] Built mathlib/Mathlib.Analysis.Convex.Star:docInfo (3.9s)
✔ [17190/21656] Built mathlib/Mathlib.LinearAlgebra.AffineSpace.Centroid:docInfo (3.5s)
✔ [17191/21656] Built mathlib/Mathlib.LinearAlgebra.AffineSpace.Independent:docInfo (3.8s)
✔ [17192/21656] Built mathlib/Mathlib.Algebra.MonoidAlgebra.ToDirectSum:docInfo (4.5s)
✔ [17193/21656] Built mathlib/Mathlib.CategoryTheory.MorphismProperty.Local:docInfo (3.2s)
✔ [17194/21656] Built mathlib/Mathlib.LinearAlgebra.SModEq.Pointwise:docInfo (3.6s)
✔ [17195/21656] Built mathlib/Mathlib.CategoryTheory.MorphismProperty.Descent:docInfo (3.4s)
✔ [17196/21656] Built mathlib/Mathlib.CategoryTheory.Sites.EffectiveEpimorphic:docInfo (3.3s)
✔ [17197/21656] Built mathlib/Mathlib.AlgebraicTopology.RelativeCellComplex.AttachCells:docInfo (3.4s)
✔ [17198/21656] Built mathlib/Mathlib.CategoryTheory.MorphismProperty.Representable:docInfo (3.5s)
✔ [17199/21656] Built mathlib/Mathlib.AlgebraicTopology.SimplicialObject.Split:docInfo (3.9s)
✔ [17200/21656] Built mathlib/Mathlib.AlgebraicTopology.ModelCategory.JoyalTrick:docInfo (3.1s)
✔ [17201/21656] Built mathlib/Mathlib.CategoryTheory.Types.Monomorphisms:docInfo (3.2s)
✔ [17202/21656] Built mathlib/Mathlib.AlgebraicTopology.SimplicialObject.Coskeletal:docInfo (3.8s)
✔ [17203/21656] Built mathlib/Mathlib.AlgebraicTopology.SimplexCategory.Augmented.Basic:docInfo (4.1s)
✔ [17204/21656] Built mathlib/Mathlib.AlgebraicTopology.SimplicialObject.II:docInfo (3.7s)
✔ [17205/21656] Built mathlib/Mathlib.Geometry.Convex.ConvexSpace.AffineSpace:docInfo (3.6s)
✔ [17206/21656] Built mathlib/Mathlib.Geometry.Convex.ConvexSpace.Module:docInfo (3.7s)
✔ [17207/21656] Built mathlib/Mathlib.CategoryTheory.MorphismProperty.OfObjectProperty:docInfo (3.2s)
✔ [17208/21656] Built mathlib/Mathlib.CategoryTheory.Adjunction.Lifting.Left:docInfo (3.4s)
✔ [17209/21656] Built mathlib/Mathlib.CategoryTheory.Adjunction.Lifting.Right:docInfo (3.3s)
✔ [17210/21656] Built mathlib/Mathlib.CategoryTheory.EquivalenceRelation:docInfo (3.3s)
✔ [17211/21656] Built mathlib/Mathlib.CategoryTheory.Galois.GaloisObjects:docInfo (3.7s)
✔ [17212/21656] Built mathlib/Mathlib.CategoryTheory.Limits.FormalCoproducts.Cech:docInfo (3.8s)
✔ [17213/21656] Built mathlib/Mathlib.CategoryTheory.Localization.FiniteProducts:docInfo (3.2s)
✔ [17214/21656] Built mathlib/Mathlib.CategoryTheory.Monad.Monadicity:docInfo (3.3s)
✔ [17215/21656] Built mathlib/Mathlib.CategoryTheory.Types.Epimorphisms:docInfo (3.1s)
✔ [17216/21656] Built mathlib/Mathlib.Combinatorics.Matroid.Minor.Order:docInfo (3.3s)
✔ [17217/21656] Built mathlib/Mathlib.Topology.Order.CountableSeparating:docInfo (4.2s)
✔ [17218/21656] Built mathlib/Mathlib.LinearAlgebra.PiTensorProduct.Finsupp:docInfo (3.0s)
✔ [17219/21656] Built mathlib/Mathlib.Topology.Order.WithTop:docInfo (4.1s)
✔ [17220/21656] Built mathlib/Mathlib.NumberTheory.PrimeCounting:docInfo (3.7s)
✔ [17221/21656] Built mathlib/Mathlib.RingTheory.Coalgebra.MulOpposite:docInfo (4.1s)
✔ [17222/21656] Built mathlib/Mathlib.Topology.Order.SuccPred:docInfo (4.1s)
✔ [17223/21656] Built mathlib/Mathlib.Topology.Order.LowerUpperTopology:docInfo (3.7s)
✔ [17224/21656] Built mathlib/Mathlib.Topology.Order.Completion:docInfo (4.2s)
✔ [17225/21656] Built mathlib/Mathlib.Topology.Order.Filter:docInfo (4.1s)
✔ [17226/21656] Built mathlib/Mathlib.Topology.Order.NhdsSet:docInfo (4.1s)
✔ [17227/21656] Built mathlib/Mathlib.Topology.Order.PartialSups:docInfo (3.6s)
✔ [17330/21759] Built mathlib/Mathlib.RingTheory.Ideal.Maps:docInfo (3.9s)
✔ [17331/21759] Built mathlib/Mathlib.RingTheory.OrzechProperty:docInfo (3.4s)
✔ [17332/21759] Built mathlib/Mathlib.RingTheory.UniqueFactorizationDomain.Ideal:docInfo (3.6s)
✔ [17333/21759] Built mathlib/Mathlib.LinearAlgebra.FreeModule.Finite.Basic:docInfo (3.4s)
✔ [17334/21759] Built mathlib/Mathlib.Algebra.Algebra.Subalgebra.Tower:docInfo (3.5s)
✔ [17335/21759] Built mathlib/Mathlib.LinearAlgebra.DirectSum.Finsupp:docInfo (3.7s)
✔ [17336/21759] Built mathlib/Mathlib.Algebra.Algebra.Subalgebra.Prod:docInfo (4.0s)
✔ [17337/21759] Built mathlib/Mathlib.Algebra.Algebra.Subalgebra.Directed:docInfo (3.7s)
✔ [17338/21759] Built mathlib/Mathlib.Algebra.FreeAlgebra:docInfo (4.1s)
✔ [17339/21759] Built mathlib/Mathlib.Algebra.Polynomial.Eval.Degree:docInfo (3.4s)
✔ [17340/21759] Built mathlib/Mathlib.Algebra.MvPolynomial.Basic:docInfo (4.2s)
✔ [17341/21759] Built mathlib/Mathlib.Algebra.Algebra.Subalgebra.MulOpposite:docInfo (4.1s)
✔ [17342/21759] Built mathlib/Mathlib.Algebra.Algebra.Subalgebra.Pi:docInfo (3.0s)
✔ [17343/21759] Built mathlib/Mathlib.Algebra.Algebra.Subalgebra.Pointwise:docInfo (4.1s)
✔ [17344/21759] Built mathlib/Mathlib.Algebra.Central.Defs:docInfo (3.0s)
✔ [17345/21759] Built mathlib/Mathlib.Algebra.Colimit.TensorProduct:docInfo (3.3s)
✔ [17346/21759] Built mathlib/Mathlib.Algebra.Category.ModuleCat.Basic:docInfo (3.8s)
✔ [17347/21759] Built mathlib/Mathlib.LinearAlgebra.Alternating.Basic:docInfo (3.5s)
✔ [17348/21759] Built mathlib/Mathlib.CategoryTheory.Linear.LinearFunctor:docInfo (2.9s)
✔ [17349/21759] Built mathlib/Mathlib.CategoryTheory.Monoidal.Preadditive:docInfo (3.0s)
✔ [17350/21759] Built mathlib/Mathlib.CategoryTheory.Monoidal.Cartesian.Basic:docInfo (4.1s)
✔ [17351/21759] Built mathlib/Mathlib.Topology.Connected.Clopen:docInfo (3.6s)
✔ [17352/21759] Built mathlib/Mathlib.Topology.Category.TopCat.Adjunctions:docInfo (3.3s)
✔ [17353/21759] Built mathlib/Mathlib.CategoryTheory.Preadditive.Opposite:docInfo (3.2s)
✔ [17354/21759] Built mathlib/Mathlib.CategoryTheory.Subobject.MonoOver:docInfo (3.7s)
✔ [17355/21759] Built mathlib/Mathlib.CategoryTheory.Abelian.FunctorCategory:docInfo (3.2s)
✔ [17356/21759] Built mathlib/Mathlib.CategoryTheory.Preadditive.Transfer:docInfo (3.2s)
✔ [17357/21759] Built mathlib/Mathlib.CategoryTheory.Preadditive.LeftExact:docInfo (3.4s)
✔ [17358/21759] Built mathlib/Mathlib.Algebra.Module.LocalizedModule.Submodule:docInfo (3.9s)
✔ [17359/21759] Built mathlib/Mathlib.LinearAlgebra.Matrix.Trace:docInfo (3.6s)
✔ [17360/21759] Built mathlib/Mathlib.Algebra.Polynomial.Identities:docInfo (3.6s)
✔ [17361/21759] Built mathlib/Mathlib.RingTheory.Finiteness.Subalgebra:docInfo (4.1s)
✔ [17362/21759] Built mathlib/Mathlib.RingTheory.Spectrum.Maximal.Basic:docInfo (3.5s)
✔ [17363/21759] Built mathlib/Mathlib.Topology.Sets.OpenCover:docInfo (3.2s)
✔ [17364/21759] Built mathlib/Mathlib.Topology.Sets.Closeds:docInfo (3.3s)
✔ [17365/21759] Built mathlib/Mathlib.RingTheory.Coprime.Ideal:docInfo (3.3s)
✔ [17366/21759] Built mathlib/Mathlib.RingTheory.Finiteness.Nakayama:docInfo (3.5s)
✔ [17367/21759] Built mathlib/Mathlib.CategoryTheory.Quotient.Preadditive:docInfo (2.9s)
✔ [17368/21759] Built mathlib/Mathlib.CategoryTheory.Shift.ShiftSequence:docInfo (3.4s)
✔ [17369/21759] Built mathlib/Mathlib.CategoryTheory.Localization.CalculusOfFractions.Preadditive:docInfo (3.5s)
✔ [17370/21759] Built mathlib/Mathlib.CategoryTheory.ObjectProperty.FiniteProducts:docInfo (3.7s)
✔ [17371/21759] Built mathlib/Mathlib.CategoryTheory.ObjectProperty.ShiftAdditive:docInfo (3.4s)
✔ [17372/21759] Built mathlib/Mathlib.CategoryTheory.Shift.Pullback:docInfo (3.5s)
✔ [17373/21759] Built mathlib/Mathlib.CategoryTheory.Center.Localization:docInfo (3.5s)
✔ [17374/21759] Built mathlib/Mathlib.Algebra.TrivSqZeroExt.Basic:docInfo (4.2s)
✔ [17375/21759] Built mathlib/Mathlib.CategoryTheory.Sites.Plus:docInfo (3.3s)
✔ [17376/21759] Built mathlib/Mathlib.CategoryTheory.Sites.Whiskering:docInfo (3.2s)
✔ [17377/21759] Built mathlib/Mathlib.CategoryTheory.Sites.Sheafification:docInfo (3.2s)
✔ [17378/21759] Built mathlib/Mathlib.CategoryTheory.Localization.Bousfield:docInfo (3.5s)
✔ [17379/21759] Built mathlib/Mathlib.CategoryTheory.Functor.Flat:docInfo (3.6s)
✔ [17380/21759] Built mathlib/Mathlib.CategoryTheory.Sites.Coverage:docInfo (3.2s)
✔ [17381/21759] Built mathlib/Mathlib.CategoryTheory.Sites.CoversTop.Basic:docInfo (3.2s)
✔ [17382/21759] Built mathlib/Mathlib.CategoryTheory.Sites.Spaces:docInfo (3.6s)
✔ [17383/21759] Built mathlib/Mathlib.CategoryTheory.Idempotents.Basic:docInfo (3.2s)
✔ [17384/21759] Built mathlib/Mathlib.AlgebraicTopology.SimplicialSet.Op:docInfo (3.5s)
✔ [17385/21759] Built mathlib/Mathlib.AlgebraicTopology.SimplicialSet.Subcomplex:docInfo (3.8s)
✔ [17386/21759] Built mathlib/Mathlib.AlgebraicTopology.SimplicialSet.CompStructTruncated:docInfo (3.8s)
✔ [17387/21759] Built mathlib/Mathlib.CategoryTheory.Preadditive.Injective.LiftingProperties:docInfo (3.0s)
✔ [17388/21759] Built mathlib/Mathlib.CategoryTheory.MorphismProperty.RetractArgument:docInfo (2.7s)
✔ [17389/21759] Built mathlib/Mathlib.CategoryTheory.Shift.SingleFunctorsLift:docInfo (2.9s)
✔ [17390/21759] Built mathlib/Mathlib.CategoryTheory.GradedObject.Monoidal:docInfo (3.7s)
✔ [17391/21759] Built mathlib/Mathlib.Algebra.Homology.Square:docInfo (3.1s)
✔ [17392/21759] Built mathlib/Mathlib.Topology.Order.MonotoneConvergence:docInfo (3.8s)
✔ [17393/21759] Built mathlib/Mathlib.Analysis.Convex.Basic:docInfo (3.6s)
✔ [17394/21759] Built mathlib/Mathlib.LinearAlgebra.AffineSpace.Basis:docInfo (3.3s)
✔ [17395/21759] Built mathlib/Mathlib.LinearAlgebra.AffineSpace.Simplex.Basic:docInfo (3.3s)
✔ [17396/21759] Built mathlib/Mathlib.Data.Matrix.Reflection:docInfo (3.5s)
✔ [17397/21759] Built mathlib/Mathlib.RingTheory.HahnSeries.Multiplication:docInfo (4.4s)
✔ [17398/21759] Built mathlib/Mathlib.CategoryTheory.SmallObject.Construction:docInfo (3.3s)
✔ [17399/21759] Built mathlib/Mathlib.AlgebraicTopology.SimplexCategory.Augmented.Monoidal:docInfo (3.9s)
✔ [17400/21759] Built mathlib/Mathlib.AlgebraicTopology.SimplexCategory.GeneratorsRelations.NormalForms:docInfo (3.8s)
✔ [17401/21759] Built mathlib/Mathlib.AlgebraicTopology.SimplicialComplex.Basic:docInfo (3.1s)
✔ [17402/21759] Built mathlib/Mathlib.AlgebraicTopology.SimplicialSet.RegularEpi:docInfo (3.6s)
✔ [17403/21759] Built mathlib/Mathlib.CategoryTheory.ObjectProperty.ColimitsCardinalClosure:docInfo (3.7s)
✔ [17404/21759] Built mathlib/Mathlib.Topology.Category.CompHausLike.Basic:docInfo (3.5s)
✔ [17405/21759] Built mathlib/Mathlib.CategoryTheory.Limits.Preserves.Presheaf:docInfo (3.3s)
✔ [17406/21759] Built mathlib/Mathlib.CategoryTheory.Filtered.CostructuredArrow:docInfo (3.4s)
✔ [17407/21759] Built mathlib/Mathlib.CategoryTheory.Abelian.Monomorphisms:docInfo (2.0s)
✔ [17408/21759] Built mathlib/Mathlib.CategoryTheory.Limits.Preserves.Shapes.Square:docInfo (3.1s)
✔ [17409/21759] Built mathlib/Mathlib.CategoryTheory.Galois.Decomposition:docInfo (3.1s)
✔ [17410/21759] Built mathlib/Mathlib.Topology.Category.FinTopCat:docInfo (3.2s)
✔ [17411/21759] Built mathlib/Mathlib.CategoryTheory.Monoidal.Closed.FunctorCategory.Complete:docInfo (3.1s)
✔ [17412/21759] Built mathlib/Mathlib.CategoryTheory.Preadditive.EilenbergMoore:docInfo (3.3s)
✔ [17413/21759] Built mathlib/Mathlib.CategoryTheory.Preadditive.EndoFunctor:docInfo (3.3s)
✔ [17414/21759] Built mathlib/Mathlib.CategoryTheory.Preadditive.Mat:docInfo (3.9s)
✔ [17415/21759] Built mathlib/Mathlib.CategoryTheory.Preadditive.Projective.LiftingProperties:docInfo (2.8s)
✔ [17416/21759] Built mathlib/Mathlib.Combinatorics.Optimization.ValuedCSP:docInfo (3.5s)
✔ [17417/21759] Built mathlib/Mathlib.GroupTheory.Coxeter.Matrix:docInfo (3.5s)
✔ [17418/21759] Built mathlib/Mathlib.LinearAlgebra.Matrix.Circulant:docInfo (3.5s)
✔ [17419/21759] Built mathlib/Mathlib.LinearAlgebra.PiTensorProduct.Basis:docInfo (3.5s)
✔ [17420/21759] Built mathlib/Mathlib.LinearAlgebra.SModEq.Pow:docInfo (3.5s)
✔ [17421/21759] Built mathlib/Mathlib.LinearAlgebra.TensorProduct.Decomposition:docInfo (3.6s)
✔ [17422/21759] Built mathlib/Mathlib.ModelTheory.Complexity:docInfo (4.3s)
✔ [17423/21759] Built mathlib/Mathlib.NumberTheory.Primorial:docInfo (3.6s)
✔ [17424/21759] Built mathlib/Mathlib.NumberTheory.SmoothNumbers:docInfo (3.8s)
✔ [17425/21759] Built mathlib/Mathlib.RingTheory.Ideal.IsPrincipalPowQuotient:docInfo (3.4s)
✔ [17426/21759] Built mathlib/Mathlib.RingTheory.Congruence.Hom:docInfo (4.4s)
✔ [17427/21759] Built mathlib/Mathlib.RingTheory.Ideal.Finsupp:docInfo (3.5s)
✔ [17428/21759] Built mathlib/Mathlib.RingTheory.Polynomial.Hermite.Basic:docInfo (3.6s)
✔ [17429/21759] Built mathlib/Mathlib.Topology.ContinuousMap.T0Sierpinski:docInfo (3.3s)
✔ [17430/21759] Built mathlib/Mathlib.Topology.Convenient.ContinuousMapGeneratedBy:docInfo (3.4s)
✔ [17431/21759] Built mathlib/Mathlib.Topology.Sheaves.Over:docInfo (3.5s)
✔ [17552/21878] Built mathlib/Mathlib.RingTheory.Ideal.Prod:docInfo (3.4s)
✔ [17553/21878] Built mathlib/Mathlib.RingTheory.Noetherian.UniqueFactorizationDomain:docInfo (3.4s)
✔ [17554/21878] Built mathlib/Mathlib.RingTheory.Adjoin.Basic:docInfo (3.5s)
✔ [17555/21878] Built mathlib/Mathlib.Algebra.Algebra.Spectrum.Basic:docInfo (3.6s)
✔ [17556/21878] Built mathlib/Mathlib.Algebra.Polynomial.AlgebraMap:docInfo (3.3s)
✔ [17557/21878] Built mathlib/Mathlib.Algebra.MvPolynomial.Eval:docInfo (3.7s)
✔ [17558/21878] Built mathlib/Mathlib.Algebra.Polynomial.Degree.Lemmas:docInfo (3.5s)
✔ [17559/21878] Built mathlib/Mathlib.Algebra.Algebra.Subalgebra.Operations:docInfo (3.5s)
✔ [17560/21878] Built mathlib/Mathlib.Algebra.Star.Subalgebra:docInfo (3.8s)
✔ [17561/21878] Built mathlib/Mathlib.Algebra.Central.Basic:docInfo (3.5s)
✔ [17562/21878] Built mathlib/Mathlib.Algebra.Category.AlgCat.Basic:docInfo (3.7s)
✔ [17563/21878] Built mathlib/Mathlib.Algebra.Category.ModuleCat.Limits:docInfo (3.8s)
✔ [17564/21878] Built mathlib/Mathlib.CategoryTheory.Monoidal.Linear:docInfo (3.1s)
✔ [17565/21878] Built mathlib/Mathlib.RingTheory.Coalgebra.Equiv:docInfo (3.5s)
✔ [17566/21878] Built mathlib/Mathlib.RingTheory.Localization.Away.Basic:docInfo (3.6s)
✔ [17567/21878] Built mathlib/Mathlib.RingTheory.Jacobson.Radical:docInfo (3.6s)
✔ [17568/21878] Built mathlib/Mathlib.RingTheory.Finiteness.Ideal:docInfo (3.7s)
✔ [17569/21878] Built mathlib/Mathlib.CategoryTheory.Monoidal.Cartesian.Mon:docInfo (3.1s)
✔ [17570/21878] Built mathlib/Mathlib.Algebra.Category.ModuleCat.EpiMono:docInfo (3.4s)
✔ [17571/21878] Built mathlib/Mathlib.Algebra.Category.ModuleCat.Colimits:docInfo (3.6s)
✔ [17572/21878] Built mathlib/Mathlib.Topology.Connected.LocallyConnected:docInfo (2.0s)
✔ [17573/21878] Built mathlib/Mathlib.Topology.Separation.Regular:docInfo (3.2s)
✔ [17574/21878] Built mathlib/Mathlib.Topology.Connected.TotallyDisconnected:docInfo (3.2s)
✔ [17575/21878] Built mathlib/Mathlib.Topology.Category.TopCat.Limits.Basic:docInfo (3.2s)
✔ [17576/21878] Built mathlib/Mathlib.Algebra.Homology.ShortComplex.Preadditive:docInfo (3.4s)
✔ [17577/21878] Built mathlib/Mathlib.CategoryTheory.Subobject.Basic:docInfo (3.5s)
✔ [17578/21878] Built mathlib/Mathlib.CategoryTheory.Abelian.Opposite:docInfo (3.1s)
✔ [17579/21878] Built mathlib/Mathlib.CategoryTheory.Abelian.Transfer:docInfo (2.9s)
✔ [17580/21878] Built mathlib/Mathlib.CategoryTheory.Preadditive.Yoneda.Basic:docInfo (3.1s)
✔ [17581/21878] Built mathlib/Mathlib.Algebra.Category.ModuleCat.Products:docInfo (3.7s)
✔ [17582/21878] Built mathlib/Mathlib.Algebra.Category.Grp.ZModuleEquivalence:docInfo (3.3s)
✔ [17583/21878] Built mathlib/Mathlib.CategoryTheory.Monoidal.Types.Basic:docInfo (3.2s)
✔ [17584/21878] Built mathlib/Mathlib.Algebra.Module.Injective:docInfo (3.7s)
✔ [17585/21878] Built mathlib/Mathlib.Topology.Algebra.Order.Group:docInfo (2.8s)
✔ [17586/21878] Built mathlib/Mathlib.Algebra.Category.ModuleCat.Algebra:docInfo (3.1s)
✔ [17587/21878] Built mathlib/Mathlib.RingTheory.Ideal.Pointwise:docInfo (3.5s)
✔ [17588/21878] Built mathlib/Mathlib.RingTheory.Ideal.Colon:docInfo (3.1s)
✔ [17589/21878] Built mathlib/Mathlib.LinearAlgebra.TensorProduct.Quotient:docInfo (3.8s)
✔ [17590/21878] Built mathlib/Mathlib.Topology.Sober:docInfo (3.1s)
✔ [17591/21878] Built mathlib/Mathlib.GroupTheory.PGroup:docInfo (3.7s)
✔ [17592/21878] Built mathlib/Mathlib.CategoryTheory.Quotient.Linear:docInfo (3.2s)
✔ [17593/21878] Built mathlib/Mathlib.CategoryTheory.Triangulated.Basic:docInfo (3.4s)
✔ [17594/21878] Built mathlib/Mathlib.CategoryTheory.Shift.InducedShiftSequence:docInfo (3.1s)
✔ [17595/21878] Built mathlib/Mathlib.CategoryTheory.Shift.ShiftedHom:docInfo (2.8s)
✔ [17596/21878] Built mathlib/Mathlib.CategoryTheory.Shift.Opposite:docInfo (3.1s)
✔ [17597/21878] Built mathlib/Mathlib.CategoryTheory.Localization.Linear:docInfo (2.7s)
✔ [17598/21878] Built mathlib/Mathlib.LinearAlgebra.TensorAlgebra.Basic:docInfo (3.6s)
✔ [17599/21878] Built mathlib/Mathlib.RingTheory.GradedAlgebra.Basic:docInfo (4.3s)
✔ [17600/21878] Built mathlib/Mathlib.CategoryTheory.Monoidal.Closed.Cartesian:docInfo (2.8s)
✔ [17601/21878] Built mathlib/Mathlib.CategoryTheory.Sites.ConcreteSheafification:docInfo (3.2s)
✔ [17602/21878] Built mathlib/Mathlib.CategoryTheory.Sites.CompatiblePlus:docInfo (3.1s)
✔ [17603/21878] Built mathlib/Mathlib.CategoryTheory.Sites.Limits:docInfo (3.2s)
✔ [17604/21878] Built mathlib/Mathlib.Topology.Category.TopCat.EpiMono:docInfo (3.1s)
✔ [17605/21878] Built mathlib/Mathlib.CategoryTheory.Sites.Localization:docInfo (3.2s)
✔ [17606/21878] Built mathlib/Mathlib.CategoryTheory.Sites.Hypercover.One:docInfo (3.9s)
✔ [17607/21878] Built mathlib/Mathlib.CategoryTheory.Sites.Canonical:docInfo (3.1s)
✔ [17608/21878] Built mathlib/Mathlib.Algebra.Category.ModuleCat.Tannaka:docInfo (3.3s)
✔ [17609/21878] Built mathlib/Mathlib.Algebra.Central.Matrix:docInfo (3.5s)
✔ [17610/21878] Built mathlib/Mathlib.Algebra.CharP.Algebra:docInfo (3.6s)
✔ [17611/21878] Built mathlib/Mathlib.Algebra.CharP.Quotient:docInfo (3.3s)
✔ [17612/21878] Built mathlib/Mathlib.Algebra.ContinuedFractions.Computation.ApproximationCorollaries:docInfo (2.9s)
✔ [17613/21878] Built mathlib/Mathlib.Algebra.DualNumber:docInfo (3.6s)
✔ [17614/21878] Built mathlib/Mathlib.Algebra.Group.ForwardDiff:docInfo (3.4s)
✔ [17615/21878] Built mathlib/Mathlib.CategoryTheory.Idempotents.Karoubi:docInfo (3.4s)
✔ [17616/21878] Built mathlib/Mathlib.AlgebraicTopology.SimplicialSet.Degenerate:docInfo (3.4s)
✔ [17617/21878] Built mathlib/Mathlib.AlgebraicTopology.SimplicialSet.Simplices:docInfo (3.2s)
✔ [17618/21878] Built mathlib/Mathlib.AlgebraicTopology.SimplicialSet.SubcomplexOp:docInfo (3.1s)
✔ [17619/21878] Built mathlib/Mathlib.AlgebraicTopology.SimplicialSet.CompStruct:docInfo (3.5s)
✔ [17620/21878] Built mathlib/Mathlib.CategoryTheory.Shift.CommShiftTwo:docInfo (3.5s)
✔ [17621/21878] Built mathlib/Mathlib.CategoryTheory.MorphismProperty.WeakFactorizationSystem:docInfo (2.7s)
✔ [17622/21878] Built mathlib/Mathlib.RingTheory.Ideal.Quotient.PowTransition:docInfo (3.8s)
✔ [17623/21878] Built mathlib/Mathlib.RingTheory.Valuation.Basic:docInfo (3.6s)
✔ [17624/21878] Built mathlib/Mathlib.LinearAlgebra.TensorPower.Pairing:docInfo (4.2s)
✔ [17625/21878] Built mathlib/Mathlib.Topology.Order.IsLUB:docInfo (3.1s)
✔ [17626/21878] Built mathlib/Mathlib.Topology.Order.MonotoneContinuity:docInfo (2.9s)
✔ [17627/21878] Built mathlib/Mathlib.Topology.Order.AtTopBotIxx:docInfo (2.0s)
✔ [17628/21878] Built mathlib/Mathlib.Algebra.MvPolynomial.Coeff:docInfo (3.4s)
✔ [17629/21878] Built mathlib/Mathlib.Algebra.MvPolynomial.Invertible:docInfo (3.1s)
✔ [17630/21878] Built mathlib/Mathlib.Algebra.Order.Group.Cyclic:docInfo (3.6s)
✔ [17631/21878] Built mathlib/Mathlib.RingTheory.HahnSeries.Lex:docInfo (3.6s)
✔ [17632/21878] Built mathlib/Mathlib.Algebra.Polynomial.Eval.Irreducible:docInfo (3.1s)
✔ [17633/21878] Built mathlib/Mathlib.Algebra.Star.Free:docInfo (3.6s)
✔ [17634/21878] Built mathlib/Mathlib.Algebra.TrivSqZeroExt:docInfo (3.5s)
✔ [17635/21878] Built mathlib/Mathlib.Algebra.TrivSqZeroExt.Ideal:docInfo (3.6s)
✔ [17636/21878] Built mathlib/Mathlib.Algebra.Vertex.HVertexOperator:docInfo (3.5s)
✔ [17637/21878] Built mathlib/Mathlib.CategoryTheory.Sites.MorphismProperty:docInfo (3.2s)
✔ [17638/21878] Built mathlib/Mathlib.Tactic.Ring.NamePolyVars:docInfo (3.1s)
✔ [17639/21878] Built mathlib/Mathlib.GroupTheory.ArchimedeanDensely:docInfo (3.6s)
✔ [17640/21878] Built mathlib/Mathlib.RingTheory.MvPowerSeries.Basic:docInfo (3.4s)
✔ [17641/21878] Built mathlib/Mathlib.RingTheory.Ideal.IdempotentFG:docInfo (3.7s)
✔ [17642/21878] Built mathlib/Mathlib.Topology.ContinuousMap.Ordered:docInfo (3.2s)
✔ [17643/21878] Built mathlib/Mathlib.AlgebraicTopology.SimplicialSet.SubcomplexColimits:docInfo (2.9s)
✔ [17644/21878] Built mathlib/Mathlib.AlgebraicTopology.SimplicialSet.SubcomplexEvaluation:docInfo (3.0s)
✔ [17645/21878] Built mathlib/Mathlib.CategoryTheory.Monoidal.Cartesian.Cat:docInfo (3.2s)
✔ [17646/21878] Built mathlib/Mathlib.AlgebraicTopology.Quasicategory.TwoTruncated:docInfo (3.5s)
✔ [17647/21878] Built mathlib/Mathlib.Topology.SeparatedMap:docInfo (2.9s)
✔ [17648/21878] Built mathlib/Mathlib.CategoryTheory.Filtered.Flat:docInfo (2.9s)
✔ [17649/21878] Built mathlib/Mathlib.CategoryTheory.Abelian.Preradical.Basic:docInfo (3.4s)
✔ [17650/21878] Built mathlib/Mathlib.CategoryTheory.LocallyCartesianClosed.ChosenPullbacksAlong:docInfo (2.9s)
✔ [17651/21878] Built mathlib/Mathlib.CategoryTheory.Monoidal.Cartesian.Comon_:docInfo (3.1s)
✔ [17652/21878] Built mathlib/Mathlib.CategoryTheory.Distributive.Monoidal:docInfo (2.8s)
✔ [17653/21878] Built mathlib/Mathlib.CategoryTheory.GradedObject.Braiding:docInfo (2.8s)
✔ [17654/21878] Built mathlib/Mathlib.CategoryTheory.Limits.ConcreteCategory.WithAlgebraicStructures:docInfo (3.1s)
✔ [17655/21878] Built mathlib/Mathlib.CategoryTheory.Monoidal.Cartesian.InfSemilattice:docInfo (2.9s)
✔ [17656/21878] Built mathlib/Mathlib.CategoryTheory.Monoidal.Closed.Functor:docInfo (3.1s)
✔ [17657/21878] Built mathlib/Mathlib.CategoryTheory.Subterminal:docInfo (3.3s)
✔ [17658/21878] Built mathlib/Mathlib.CategoryTheory.Monoidal.Limits.Cokernels:docInfo (2.7s)
✔ [17659/21878] Built mathlib/Mathlib.CategoryTheory.Monoidal.OfHasFiniteProducts:docInfo (3.1s)
✔ [17660/21878] Built mathlib/Mathlib.CategoryTheory.MorphismProperty.LocalEpi:docInfo (3.2s)
✔ [17661/21878] Built mathlib/Mathlib.CategoryTheory.Sites.CoversTop:docInfo (3.1s)
✔ [17662/21878] Built mathlib/Mathlib.CategoryTheory.Sites.Precoverage.Generates:docInfo (3.2s)
✔ [17663/21878] Built mathlib/Mathlib.GroupTheory.SpecificGroups.KleinFour:docInfo (3.5s)
✔ [17664/21878] Built mathlib/Mathlib.GroupTheory.SpecificGroups.Alternating:docInfo (3.8s)
✔ [17665/21878] Built mathlib/Mathlib.ModelTheory.Order:docInfo (3.5s)
✔ [17666/21878] Built mathlib/Mathlib.RingTheory.HahnSeries.Summable:docInfo (3.7s)
✔ [17667/21878] Built mathlib/Mathlib.RingTheory.Ideal.IsAugmentation:docInfo (3.4s)
✔ [17668/21878] Built mathlib/Mathlib.Topology.Convenient.Category:docInfo (2.0s)
✔ [17669/21878] Built mathlib/Mathlib.Topology.Order.UpperLowerSetTopology:docInfo (3.0s)
✔ [17670/21878] Built mathlib/Mathlib.Topology.Order.HullKernel:docInfo (3.1s)
✔ [17671/21878] Built mathlib/Mathlib.Topology.Sets.Order:docInfo (3.0s)
✔ [17820/22026] Built mathlib/Mathlib.LinearAlgebra.TensorProduct.Basis:docInfo (3.6s)
✔ [17821/22026] Built mathlib/Mathlib.RingTheory.TensorProduct.Basic:docInfo (3.6s)
✔ [17822/22026] Built mathlib/Mathlib.RingTheory.Adjoin.Polynomial.Basic:docInfo (3.5s)
✔ [17823/22026] Built mathlib/Mathlib.Algebra.MvPolynomial.Rename:docInfo (3.2s)
✔ [17824/22026] Built mathlib/Mathlib.Algebra.Polynomial.EraseLead:docInfo (3.5s)
✔ [17825/22026] Built mathlib/Mathlib.Algebra.Algebra.Subalgebra.Unitization:docInfo (3.4s)
✔ [17826/22026] Built mathlib/Mathlib.Tactic.ComputeDegree:docInfo (5.8s)
✔ [17827/22026] Built mathlib/Mathlib.RingTheory.Algebraic.Defs:docInfo (3.6s)
✔ [17828/22026] Built mathlib/Mathlib.RingTheory.Polynomial.Tower:docInfo (3.4s)
✔ [17829/22026] Built mathlib/Mathlib.Algebra.Central.End:docInfo (3.2s)
✔ [17830/22026] Built mathlib/Mathlib.LinearAlgebra.Matrix.Determinant.Basic:docInfo (3.4s)
✔ [17831/22026] Built mathlib/Mathlib.Algebra.Category.AlgCat.FilteredColimits:docInfo (3.5s)
✔ [17832/22026] Built mathlib/Mathlib.Algebra.Category.AlgCat.Limits:docInfo (3.6s)
✔ [17833/22026] Built mathlib/Mathlib.Algebra.Category.ModuleCat.Monoidal.Basic:docInfo (3.4s)
✔ [17834/22026] Built mathlib/Mathlib.Algebra.Category.CoalgCat.Basic:docInfo (3.6s)
✔ [17835/22026] Built mathlib/Mathlib.RingTheory.Coalgebra.TensorProduct:docInfo (3.3s)
✔ [17836/22026] Built mathlib/Mathlib.RingTheory.MvPolynomial.Tower:docInfo (3.2s)
✔ [17837/22026] Built mathlib/Mathlib.CategoryTheory.Monoidal.Grp:docInfo (3.6s)
✔ [17838/22026] Built mathlib/Mathlib.Algebra.Category.ModuleCat.Kernels:docInfo (3.7s)
✔ [17839/22026] Built mathlib/Mathlib.Topology.DenseEmbedding:docInfo (2.9s)
✔ [17840/22026] Built mathlib/Mathlib.Topology.UniformSpace.Separation:docInfo (2.7s)
✔ [17841/22026] Built mathlib/Mathlib.Algebra.Homology.ShortComplex.Abelian:docInfo (3.5s)
✔ [17842/22026] Built mathlib/Mathlib.CategoryTheory.Subobject.FactorThru:docInfo (3.0s)
✔ [17843/22026] Built mathlib/Mathlib.CategoryTheory.Subobject.WellPowered:docInfo (3.0s)
✔ [17844/22026] Built mathlib/Mathlib.CategoryTheory.Action.Limits:docInfo (3.4s)
✔ [17845/22026] Built mathlib/Mathlib.Topology.CompactOpen:docInfo (3.1s)
✔ [17846/22026] Built mathlib/Mathlib.CategoryTheory.Linear.Yoneda:docInfo (3.3s)
✔ [17847/22026] Built mathlib/Mathlib.CategoryTheory.Monoidal.Subcategory:docInfo (3.0s)
✔ [17848/22026] Built mathlib/Mathlib.Algebra.Category.Grp.CartesianMonoidal:docInfo (2.9s)
✔ [17849/22026] Built mathlib/Mathlib.CategoryTheory.Monoidal.Internal.Types.Basic:docInfo (2.8s)
✔ [17850/22026] Built mathlib/Mathlib.Algebra.Category.ModuleCat.ChangeOfRings:docInfo (4.2s)
✔ [17851/22026] Built mathlib/Mathlib.RingTheory.Derivation.Basic:docInfo (3.7s)
✔ [17852/22026] Built mathlib/Mathlib.GroupTheory.Sylow:docInfo (3.8s)
✔ [17853/22026] Built mathlib/Mathlib.GroupTheory.Torsion:docInfo (3.7s)
✔ [17854/22026] Built mathlib/Mathlib.Algebra.Polynomial.Module.AEval:docInfo (3.6s)
✔ [17855/22026] Built mathlib/Mathlib.CategoryTheory.Triangulated.Rotate:docInfo (3.2s)
✔ [17856/22026] Built mathlib/Mathlib.CategoryTheory.Localization.SmallShiftedHom:docInfo (3.3s)
✔ [17857/22026] Built mathlib/Mathlib.CategoryTheory.Triangulated.Opposite.Basic:docInfo (3.3s)
✔ [17858/22026] Built mathlib/Mathlib.CategoryTheory.Shift.Linear:docInfo (3.1s)
✔ [17859/22026] Built mathlib/Mathlib.LinearAlgebra.Alternating.Curry:docInfo (3.2s)
✔ [17860/22026] Built mathlib/Mathlib.Algebra.Category.ModuleCat.FilteredColimits:docInfo (3.7s)
✔ [17861/22026] Built mathlib/Mathlib.CategoryTheory.Monoidal.Cartesian.FunctorCategory:docInfo (2.7s)
✔ [17862/22026] Built mathlib/Mathlib.CategoryTheory.Sites.Subsheaf:docInfo (3.1s)
✔ [17863/22026] Built mathlib/Mathlib.CategoryTheory.Sites.CompatibleSheafification:docInfo (3.1s)
✔ [17864/22026] Built mathlib/Mathlib.CategoryTheory.Sites.Hypercover.IsSheaf:docInfo (3.2s)
✔ [17865/22026] Built mathlib/Mathlib.Topology.Category.TopCat.Opens:docInfo (3.2s)
✔ [17866/22026] Built mathlib/Mathlib.FieldTheory.IntermediateField.Basic:docInfo (3.8s)
✔ [17867/22026] Built mathlib/Mathlib.Algebra.CharP.Subring:docInfo (3.3s)
✔ [17868/22026] Built mathlib/Mathlib.CategoryTheory.Idempotents.FunctorCategories:docInfo (2.9s)
✔ [17869/22026] Built mathlib/Mathlib.AlgebraicTopology.SimplicialSet.Dimension:docInfo (3.3s)
✔ [17870/22026] Built mathlib/Mathlib.AlgebraicTopology.SimplicialSet.NonDegenerateSimplices:docInfo (3.2s)
✔ [17871/22026] Built mathlib/Mathlib.AlgebraicTopology.SimplicialSet.Nerve:docInfo (3.4s)
✔ [17872/22026] Built mathlib/Mathlib.AlgebraicTopology.ModelCategory.Instances:docInfo (3.0s)
✔ [17873/22026] Built mathlib/Mathlib.CategoryTheory.Idempotents.FunctorExtension:docInfo (3.0s)
✔ [17874/22026] Built mathlib/Mathlib.Algebra.Homology.ShortComplex.Linear:docInfo (3.2s)
✔ [17875/22026] Built mathlib/Mathlib.LinearAlgebra.Matrix.Hadamard:docInfo (3.5s)
✔ [17876/22026] Built mathlib/Mathlib.RingTheory.Polynomial.Pochhammer:docInfo (3.4s)
✔ [17877/22026] Built mathlib/Mathlib.RingTheory.MvPolynomial.WeightedHomogeneous:docInfo (4.3s)
✔ [17878/22026] Built mathlib/Mathlib.Algebra.Module.GradedModule:docInfo (4.5s)
✔ [17879/22026] Built mathlib/Mathlib.LinearAlgebra.TensorProduct.Submodule:docInfo (3.5s)
✔ [17880/22026] Built mathlib/Mathlib.Topology.LocallyConstant.Basic:docInfo (2.0s)
✔ [17881/22026] Built mathlib/Mathlib.Topology.Order.T5:docInfo (3.1s)
✔ [17882/22026] Built mathlib/Mathlib.Topology.Order.Monotone:docInfo (3.1s)
✔ [17883/22026] Built mathlib/Mathlib.Topology.Order.DenselyOrdered:docInfo (2.0s)
✔ [17884/22026] Built mathlib/Mathlib.Topology.Algebra.Order.Archimedean:docInfo (2.0s)
✔ [17885/22026] Built mathlib/Mathlib.Topology.Separation.GDelta:docInfo (3.0s)
✔ [17886/22026] Built mathlib/Mathlib.Topology.Perfect:docInfo (2.8s)
✔ [17887/22026] Built mathlib/Mathlib.Algebra.Star.Unitary:docInfo (3.5s)
✔ [17888/22026] Built mathlib/Mathlib.Analysis.Convex.Hull:docInfo (3.4s)
✔ [17889/22026] Built mathlib/Mathlib.Analysis.Convex.Function:docInfo (3.8s)
✔ [17890/22026] Built mathlib/Mathlib.Algebra.MonoidAlgebra.Grading:docInfo (4.1s)
✔ [17891/22026] Built mathlib/Mathlib.Algebra.MvPolynomial.Counit:docInfo (3.2s)
✔ [17892/22026] Built mathlib/Mathlib.Algebra.Order.Module.HahnEmbedding:docInfo (3.8s)
✔ [17893/22026] Built mathlib/Mathlib.Algebra.Polynomial.OfFn:docInfo (3.3s)
✔ [17894/22026] Built mathlib/Mathlib.Algebra.Polynomial.Smeval:docInfo (3.5s)
✔ [17895/22026] Built mathlib/Mathlib.Algebra.Ring.Subring.IntPolynomial:docInfo (3.3s)
✔ [17896/22026] Built mathlib/Mathlib.Algebra.Vertex.VertexOperator:docInfo (3.3s)
✔ [17897/22026] Built mathlib/Mathlib.RingTheory.MvPowerSeries.Order:docInfo (3.5s)
✔ [17898/22026] Built mathlib/Mathlib.Tactic.Ring.NamePowerVars:docInfo (3.2s)
✔ [17899/22026] Built mathlib/Mathlib.Topology.ExtendFrom:docInfo (2.7s)
✔ [17900/22026] Built mathlib/Mathlib.Topology.Algebra.Order.Floor:docInfo (3.1s)
✔ [17901/22026] Built mathlib/Mathlib.RingTheory.MvPowerSeries.LexOrder:docInfo (3.3s)
✔ [17902/22026] Built mathlib/Mathlib.CategoryTheory.Sites.Hypercover.SheafOfTypes:docInfo (3.1s)
✔ [17903/22026] Built mathlib/Mathlib.RingTheory.GradedAlgebra.Homogeneous.Submodule:docInfo (4.2s)
✔ [17904/22026] Built mathlib/Mathlib.RingTheory.GradedAlgebra.RingHom:docInfo (4.1s)
✔ [17905/22026] Built mathlib/Mathlib.CategoryTheory.Subobject.HasCardinalLT:docInfo (3.3s)
✔ [17906/22026] Built mathlib/Mathlib.CategoryTheory.Adjunction.Additive:docInfo (3.4s)
✔ [17907/22026] Built mathlib/Mathlib.CategoryTheory.Idempotents.KaroubiKaroubi:docInfo (2.9s)
✔ [17908/22026] Built mathlib/Mathlib.CategoryTheory.Monoidal.Types.Coyoneda:docInfo (2.9s)
✔ [17909/22026] Built mathlib/Mathlib.AlgebraicTopology.SimplicialSet.AnodyneExtensions.IsUniquelyCodimOneFace:docInfo (3.2s)
✔ [17910/22026] Built mathlib/Mathlib.CategoryTheory.Monoidal.PushoutProduct:docInfo (3.2s)
✔ [17911/22026] Built mathlib/Mathlib.AlgebraicTopology.SimplicialSet.Splitting:docInfo (3.2s)
✔ [17912/22026] Built mathlib/Mathlib.CategoryTheory.Category.Cat.CartesianClosed:docInfo (2.8s)
✔ [17913/22026] Built mathlib/Mathlib.LinearAlgebra.AffineSpace.Simplex.Centroid:docInfo (3.5s)
✔ [17914/22026] Built mathlib/Mathlib.Analysis.Convex.NNReal:docInfo (3.4s)
✔ [17915/22026] Built mathlib/Mathlib.Topology.Compactness.Paracompact:docInfo (2.9s)
✔ [17916/22026] Built mathlib/Mathlib.Topology.ShrinkingLemma:docInfo (2.8s)
✔ [17917/22026] Built mathlib/Mathlib.Topology.Category.TopCat.Limits.Konig:docInfo (3.0s)
✔ [17918/22026] Built mathlib/Mathlib.LinearAlgebra.AffineSpace.Ceva:docInfo (3.4s)
✔ [17919/22026] Built mathlib/Mathlib.CategoryTheory.Preadditive.Yoneda.Projective:docInfo (3.7s)
✔ [17920/22026] Built mathlib/Mathlib.CategoryTheory.Preadditive.Yoneda.Injective:docInfo (3.7s)
✔ [17921/22026] Built mathlib/Mathlib.CategoryTheory.Bicategory.Span.Basic:docInfo (2.8s)
✔ [17922/22026] Built mathlib/Mathlib.CategoryTheory.CopyDiscardCategory.Cartesian:docInfo (2.6s)
✔ [17923/22026] Built mathlib/Mathlib.CategoryTheory.Dialectica.Basic:docInfo (2.0s)
✔ [17924/22026] Built mathlib/Mathlib.CategoryTheory.Distributive.Cartesian:docInfo (3.1s)
✔ [17925/22026] Built mathlib/Mathlib.CategoryTheory.Idempotents.Biproducts:docInfo (2.8s)
✔ [17926/22026] Built mathlib/Mathlib.CategoryTheory.LocallyCartesianClosed.ExponentiableMorphism:docInfo (2.9s)
✔ [17927/22026] Built mathlib/Mathlib.CategoryTheory.LocallyCartesianClosed.Over:docInfo (2.9s)
✔ [17928/22026] Built mathlib/Mathlib.CategoryTheory.Monoidal.Cartesian.CommMon_:docInfo (2.0s)
✔ [17929/22026] Built mathlib/Mathlib.CategoryTheory.Monoidal.Cartesian.Mod:docInfo (3.1s)
✔ [17930/22026] Built mathlib/Mathlib.CategoryTheory.Monoidal.Cartesian.Mon_:docInfo (2.9s)
✔ [17931/22026] Built mathlib/Mathlib.CategoryTheory.Monoidal.Closed.Ideal:docInfo (2.9s)
✔ [17932/22026] Built mathlib/Mathlib.CategoryTheory.Monoidal.Closed.Zero:docInfo (2.9s)
✔ [17933/22026] Built mathlib/Mathlib.CategoryTheory.Monoidal.Functor.Types:docInfo (2.9s)
✔ [17934/22026] Built mathlib/Mathlib.CategoryTheory.Sites.Hypercover.Homotopy:docInfo (3.2s)
✔ [17935/22026] Built mathlib/Mathlib.CategoryTheory.Sites.Types:docInfo (3.1s)
✔ [17936/22026] Built mathlib/Mathlib.CategoryTheory.Subfunctor.Subobject:docInfo (2.9s)
✔ [17937/22026] Built mathlib/Mathlib.CategoryTheory.Subobject.Presheaf:docInfo (2.8s)
✔ [17938/22026] Built mathlib/Mathlib.Topology.Separation.Profinite:docInfo (2.6s)
✔ [17939/22026] Built mathlib/Mathlib.Topology.Category.TopCat.Limits.Cofiltered:docInfo (3.0s)
✔ [17940/22026] Built mathlib/Mathlib.LinearAlgebra.Matrix.DualNumber:docInfo (3.2s)
✔ [17941/22026] Built mathlib/Mathlib.Topology.Separation.Connected:docInfo (2.7s)
✔ [17942/22026] Built mathlib/Mathlib.FieldTheory.PrimeField:docInfo (3.4s)
✔ [17943/22026] Built mathlib/Mathlib.GroupTheory.SpecificGroups.Dihedral:docInfo (3.4s)
✔ [17944/22026] Built mathlib/Mathlib.GroupTheory.Coxeter.Basic:docInfo (3.5s)
✔ [17945/22026] Built mathlib/Mathlib.GroupTheory.GroupAction.MultipleTransitivity:docInfo (3.5s)
✔ [17946/22026] Built mathlib/Mathlib.GroupTheory.SpecificGroups.Alternating.Centralizer:docInfo (3.4s)
✔ [17947/22026] Built mathlib/Mathlib.LinearAlgebra.Alternating.DomCoprod:docInfo (3.1s)
✔ [17948/22026] Built mathlib/Mathlib.LinearAlgebra.TensorAlgebra.ToTensorPower:docInfo (3.9s)
✔ [17949/22026] Built mathlib/Mathlib.LinearAlgebra.PiTensorProduct.Dual:docInfo (3.5s)
✔ [17950/22026] Built mathlib/Mathlib.LinearAlgebra.SymmetricAlgebra.Basic:docInfo (3.3s)
✔ [17951/22026] Built mathlib/Mathlib.LinearAlgebra.TensorAlgebra.Grading:docInfo (3.9s)
✔ [17952/22026] Built mathlib/Mathlib.LinearAlgebra.TensorProduct.Free:docInfo (3.4s)
✔ [17953/22026] Built mathlib/Mathlib.Topology.Connected.Separation:docInfo (2.6s)
✔ [17954/22026] Built mathlib/Mathlib.RingTheory.Polynomial.Wronskian:docInfo (3.5s)
✔ [17955/22026] Built mathlib/Mathlib.RingTheory.Algebraic.Pi:docInfo (3.3s)
✔ [17956/22026] Built mathlib/Mathlib.RingTheory.GradedAlgebra.Homogeneous.Subsemiring:docInfo (3.9s)
✔ [17957/22026] Built mathlib/Mathlib.RingTheory.HahnSeries.Cardinal:docInfo (3.6s)
✔ [17958/22026] Built mathlib/Mathlib.RingTheory.Polynomial.ShiftedLegendre:docInfo (3.4s)
✔ [17959/22026] Built mathlib/Mathlib.RingTheory.UniqueFactorizationDomain.Kaplansky:docInfo (3.5s)
✔ [17960/22026] Built mathlib/Mathlib.Topology.Order.IsNormal:docInfo (2.8s)
✔ [17961/22026] Built mathlib/Mathlib.Topology.Convenient.Localization:docInfo (2.9s)
✔ [17962/22026] Built mathlib/Mathlib.Topology.Order.ScottTopology:docInfo (3.0s)
✔ [17963/22026] Built mathlib/Mathlib.Topology.Specialization:docInfo (3.1s)
✔ [17964/22026] Built mathlib/Mathlib.Topology.Order.Priestley:docInfo (2.8s)
✔ [17965/22026] Built mathlib/Mathlib.Topology.Separation.LinearUpperLowerSetTopology:docInfo (2.9s)
✔ [17966/22026] Built mathlib/Mathlib.Topology.Separation.NotNormal:docInfo (2.9s)
✔ [17967/22026] Built mathlib/Mathlib.Topology.UniformSpace.OfCompactT2:docInfo (2.8s)
✔ [18089/22147] Built mathlib/Mathlib.Analysis.Convex.Combination:docInfo (3.3s)
✔ [18090/22147] Built mathlib/Mathlib.Algebra.Order.Ring.Archimedean:docInfo (3.6s)
✔ [18091/22147] Built mathlib/Mathlib.RingTheory.Valuation.ExtendToLocalization:docInfo (3.6s)
✔ [18092/22147] Built mathlib/Mathlib.RingTheory.Valuation.ValuativeRel.Basic:docInfo (3.0s)
✔ [18093/22147] Built mathlib/Mathlib.RingTheory.Ideal.Oka:docInfo (3.5s)
✔ [18094/22147] Built mathlib/Mathlib.Topology.Order.ExtendFrom:docInfo (2.9s)
✔ [18095/22147] Built mathlib/Mathlib.Geometry.Convex.Cone.Basic:docInfo (3.5s)
✔ [18096/22147] Built mathlib/Mathlib.CategoryTheory.Monoidal.Cartesian.Grp:docInfo (3.1s)
✔ [18097/22147] Built mathlib/Mathlib.RingTheory.GradedAlgebra.Homogeneous.Ideal:docInfo (4.1s)
✔ [18098/22147] Built mathlib/Mathlib.CategoryTheory.Enriched.Basic:docInfo (2.0s)
✔ [18099/22147] Built mathlib/Mathlib.AlgebraicTopology.SimplicialSet.NonDegenerateSimplicesSubcomplex:docInfo (3.2s)
✔ [18100/22147] Built mathlib/Mathlib.AlgebraicTopology.SimplicialSet.NonDegenerateSimplicesColimit:docInfo (3.2s)
✔ [18101/22147] Built mathlib/Mathlib.Analysis.Convex.Extreme:docInfo (3.3s)
✔ [18102/22147] Built mathlib/Mathlib.Topology.Compactification.StoneCech:docInfo (2.8s)
✔ [18103/22147] Built mathlib/Mathlib.CategoryTheory.CofilteredSystem:docInfo (3.1s)
✔ [18104/22147] Built mathlib/Mathlib.Analysis.Convex.Join:docInfo (3.4s)
✔ [18105/22147] Built mathlib/Mathlib.Analysis.Convex.Piecewise:docInfo (3.4s)
✔ [18106/22147] Built mathlib/Mathlib.Analysis.Convex.SimplicialComplex.Basic:docInfo (3.4s)
✔ [18107/22147] Built mathlib/Mathlib.CategoryTheory.Action.Monoidal:docInfo (3.4s)
✔ [18108/22147] Built mathlib/Mathlib.CategoryTheory.Galois.Examples:docInfo (3.3s)
✔ [18109/22147] Built mathlib/Mathlib.CategoryTheory.LiftingProperties.PushoutProduct:docInfo (2.8s)
✔ [18110/22147] Built mathlib/Mathlib.CategoryTheory.LocallyCartesianClosed.Sections:docInfo (2.8s)
✔ [18111/22147] Built mathlib/Mathlib.CategoryTheory.Monoidal.Arrow:docInfo (2.8s)
✔ [18112/22147] Built mathlib/Mathlib.CategoryTheory.Monoidal.Cartesian.Mod_:docInfo (2.8s)
✔ [18113/22147] Built mathlib/Mathlib.CategoryTheory.Monoidal.Grp_:docInfo (2.8s)
✔ [18114/22147] Built mathlib/Mathlib.CategoryTheory.Monoidal.Internal.Module:docInfo (3.7s)
✔ [18115/22147] Built mathlib/Mathlib.CategoryTheory.Sites.CartesianMonoidal:docInfo (3.0s)
✔ [18116/22147] Built mathlib/Mathlib.CategoryTheory.Sites.Hypercover.Saturate:docInfo (3.0s)
✔ [18117/22147] Built mathlib/Mathlib.CategoryTheory.Sites.Hypercover.Subcanonical:docInfo (2.9s)
✔ [18118/22147] Built mathlib/Mathlib.CategoryTheory.Subobject.Classifier.Defs:docInfo (2.0s)
✔ [18119/22147] Built mathlib/Mathlib.CategoryTheory.Subobject.Types:docInfo (2.6s)
✔ [18120/22147] Built mathlib/Mathlib.LinearAlgebra.CrossProduct:docInfo (3.5s)
✔ [18121/22147] Built mathlib/Mathlib.Combinatorics.SimpleGraph.AdjMatrix:docInfo (3.4s)
✔ [18122/22147] Built mathlib/Mathlib.Topology.DiscreteQuotient:docInfo (2.9s)
✔ [18123/22147] Built mathlib/Mathlib.Topology.ClopenBox:docInfo (2.7s)
✔ [18124/22147] Built mathlib/Mathlib.Topology.FiberPartition:docInfo (2.8s)
✔ [18125/22147] Built mathlib/Mathlib.Topology.LocallyConstant.Algebra:docInfo (3.4s)
✔ [18126/22147] Built mathlib/Mathlib.RingTheory.Algebraic.LinearIndependent:docInfo (3.5s)
✔ [18127/22147] Built mathlib/Mathlib.GroupTheory.CommutingProbability:docInfo (3.4s)
✔ [18128/22147] Built mathlib/Mathlib.GroupTheory.Coxeter.Length:docInfo (3.3s)
✔ [18129/22147] Built mathlib/Mathlib.GroupTheory.Transfer:docInfo (3.6s)
✔ [18130/22147] Built mathlib/Mathlib.GroupTheory.Nilpotent:docInfo (3.8s)
✔ [18131/22147] Built mathlib/Mathlib.GroupTheory.GroupAction.MultiplePrimitivity:docInfo (3.5s)
✔ [18132/22147] Built mathlib/Mathlib.GroupTheory.RegularWreathProduct:docInfo (3.5s)
✔ [18133/22147] Built mathlib/Mathlib.GroupTheory.SpecificGroups.Alternating.KleinFour:docInfo (3.4s)
✔ [18134/22147] Built mathlib/Mathlib.GroupTheory.SpecificGroups.Quaternion:docInfo (3.4s)
✔ [18135/22147] Built mathlib/Mathlib.LinearAlgebra.Matrix.AbsoluteValue:docInfo (3.4s)
✔ [18136/22147] Built mathlib/Mathlib.LinearAlgebra.Matrix.Determinant.Misc:docInfo (3.4s)
✔ [18137/22147] Built mathlib/Mathlib.LinearAlgebra.Matrix.Determinant.TotallyUnimodular:docInfo (3.3s)
✔ [18138/22147] Built mathlib/Mathlib.Topology.Algebra.Monoid.AddChar:docInfo (2.8s)
✔ [18139/22147] Built mathlib/Mathlib.RingTheory.Adjoin.Polynomial:docInfo (3.4s)
✔ [18140/22147] Built mathlib/Mathlib.RingTheory.GradedAlgebra.AlgHom:docInfo (4.1s)
✔ [18141/22147] Built mathlib/Mathlib.RingTheory.HahnSeries.Valuation:docInfo (3.5s)
✔ [18142/22147] Built mathlib/Mathlib.RingTheory.IdealFilter.Basic:docInfo (3.6s)
✔ [18143/22147] Built mathlib/Mathlib.RingTheory.Morita.Basic:docInfo (3.6s)
✔ [18144/22147] Built mathlib/Mathlib.SetTheory.Ordinal.Topology:docInfo (3.1s)
✔ [18145/22147] Built mathlib/Mathlib.Topology.ContinuousMap.Interval:docInfo (3.0s)
✔ [18146/22147] Built mathlib/Mathlib.Topology.ContinuousMap.SecondCountableSpace:docInfo (2.8s)
✔ [18147/22147] Built mathlib/Mathlib.Topology.ContinuousMap.Sigma:docInfo (2.8s)
✔ [18148/22147] Built mathlib/Mathlib.Topology.Convenient.HomSpace:docInfo (2.8s)
✔ [18149/22147] Built mathlib/Mathlib.Topology.DerivedSet:docInfo (2.9s)
✔ [18150/22147] Built mathlib/Mathlib.Topology.Germ:docInfo (2.9s)
✔ [18151/22147] Built mathlib/Mathlib.Topology.OmegaCompletePartialOrder:docInfo (2.0s)
✔ [18152/22147] Built mathlib/Mathlib.Topology.Order.Category.AlexDisc:docInfo (3.1s)
✔ [18153/22147] Built mathlib/Mathlib.Topology.Order.LawsonTopology:docInfo (3.0s)
✔ [18154/22147] Built mathlib/Mathlib.Topology.Separation.DisjointCover:docInfo (2.8s)
✔ [18156/22149] Built mathlib/Mathlib.RingTheory.Noetherian.Basic:docInfo (3.6s)
✔ [18157/22149] Built mathlib/Mathlib.RingTheory.PrincipalIdealDomain:docInfo (3.4s)
✔ [18158/22149] Built mathlib/Mathlib.Algebra.Module.Projective:docInfo (3.2s)
✔ [18159/22149] Built mathlib/Mathlib.Algebra.Algebra.Spectrum.Quasispectrum:docInfo (3.5s)
✔ [18160/22149] Built mathlib/Mathlib.Algebra.Polynomial.Reverse:docInfo (3.6s)
✔ [18161/22149] Built mathlib/Mathlib.RingTheory.Ideal.Quotient.Operations:docInfo (3.7s)
✔ [18162/22149] Built mathlib/Mathlib.Algebra.Polynomial.Inductions:docInfo (3.5s)
✔ [18163/22149] Built mathlib/Mathlib.LinearAlgebra.Matrix.Reindex:docInfo (3.5s)
✔ [18164/22149] Built mathlib/Mathlib.Algebra.Category.ModuleCat.Monoidal.Symmetric:docInfo (3.3s)
✔ [18165/22149] Built mathlib/Mathlib.Algebra.Category.CoalgCat.Monoidal:docInfo (3.6s)
✔ [18166/22149] Built mathlib/Mathlib.Algebra.Category.ModuleCat.Abelian:docInfo (3.9s)
✔ [18167/22149] Built mathlib/Mathlib.Topology.Homeomorph.Lemmas:docInfo (2.9s)
✔ [18168/22149] Built mathlib/Mathlib.CategoryTheory.Subobject.Lattice:docInfo (3.1s)
✔ [18169/22149] Built mathlib/Mathlib.Algebra.Homology.ShortComplex.Exact:docInfo (3.3s)
✔ [18170/22149] Built mathlib/Mathlib.CategoryTheory.Subobject.Comma:docInfo (2.9s)
✔ [18171/22149] Built mathlib/Mathlib.Algebra.Category.ModuleCat.Injective:docInfo (3.7s)
✔ [18172/22149] Built mathlib/Mathlib.CategoryTheory.Monoidal.Internal.Types.Grp:docInfo (2.8s)
✔ [18173/22149] Built mathlib/Mathlib.CategoryTheory.Monoidal.CommGrp_:docInfo (2.9s)
✔ [18174/22149] Built mathlib/Mathlib.Algebra.Category.ModuleCat.Adjunctions:docInfo (3.6s)
✔ [18175/22149] Built mathlib/Mathlib.RingTheory.IsPrimary:docInfo (3.6s)
✔ [18176/22149] Built mathlib/Mathlib.Algebra.Module.ZMod:docInfo (3.5s)
✔ [18177/22149] Built mathlib/Mathlib.RingTheory.SimpleModule.Basic:docInfo (3.8s)
✔ [18178/22149] Built mathlib/Mathlib.Algebra.Polynomial.Module.Basic:docInfo (3.4s)
✔ [18179/22149] Built mathlib/Mathlib.Algebra.Category.ModuleCat.Presheaf:docInfo (3.9s)
✔ [18180/22149] Built mathlib/Mathlib.CategoryTheory.Triangulated.TriangleShift:docInfo (3.4s)
✔ [18181/22149] Built mathlib/Mathlib.CategoryTheory.Shift.ShiftedHomOpposite:docInfo (3.2s)
✔ [18182/22149] Built mathlib/Mathlib.CategoryTheory.Triangulated.Opposite.Triangle:docInfo (3.1s)
✔ [18183/22149] Built mathlib/Mathlib.Algebra.Category.ModuleCat.Monoidal.Adjunction:docInfo (3.6s)
✔ [18184/22149] Built mathlib/Mathlib.CategoryTheory.Monoidal.Closed.Types:docInfo (2.8s)
✔ [18185/22149] Built mathlib/Mathlib.CategoryTheory.Sites.PreservesSheafification:docInfo (3.1s)
✔ [18186/22149] Built mathlib/Mathlib.Algebra.Category.ModuleCat.Pseudofunctor:docInfo (3.7s)
✔ [18187/22149] Built mathlib/Mathlib.Topology.Category.TopCat.OpenNhds:docInfo (2.0s)
✔ [18188/22149] Built mathlib/Mathlib.Topology.Sheaves.Presheaf:docInfo (3.1s)
✔ [18189/22149] Built mathlib/Mathlib.Algebra.CharP.IntermediateField:docInfo (3.3s)
✔ [18190/22149] Built mathlib/Mathlib.AlgebraicTopology.SimplicialSet.Finite:docInfo (3.2s)
✔ [18191/22149] Built mathlib/Mathlib.AlgebraicTopology.SimplicialSet.NerveNondegenerate:docInfo (3.5s)
✔ [18192/22149] Built mathlib/Mathlib.AlgebraicTopology.ModelCategory.Basic:docInfo (2.8s)
✔ [18193/22149] Built mathlib/Mathlib.AlgebraicTopology.ModelCategory.IsCofibrant:docInfo (2.7s)
✔ [18194/22149] Built mathlib/Mathlib.FieldTheory.IntermediateField.Adjoin.Defs:docInfo (3.7s)
✔ [18195/22149] Built mathlib/Mathlib.RingTheory.Adjoin.Singleton:docInfo (3.7s)
✔ [18196/22149] Built mathlib/Mathlib.RingTheory.Valuation.PrimeMultiplicity:docInfo (3.6s)
✔ [18197/22149] Built mathlib/Mathlib.RingTheory.Valuation.Integers:docInfo (3.7s)
✔ [18198/22149] Built mathlib/Mathlib.LinearAlgebra.Matrix.Cartan:docInfo (3.7s)
✔ [18199/22149] Built mathlib/Mathlib.Algebra.Polynomial.Derivation:docInfo (3.7s)
✔ [18200/22149] Built mathlib/Mathlib.LinearAlgebra.Alternating.Uncurry.Fin:docInfo (3.5s)
✔ [18201/22149] Built mathlib/Mathlib.Topology.Order.Real:docInfo (3.2s)
✔ [18202/22149] Built mathlib/Mathlib.Topology.Order.LiminfLimsup:docInfo (2.9s)
✔ [18203/22149] Built mathlib/Mathlib.Topology.Order.IntermediateValue:docInfo (3.1s)
✔ [18204/22149] Built mathlib/Mathlib.Topology.MetricSpace.Pseudo.Lemmas:docInfo (3.1s)
✔ [18205/22149] Built mathlib/Mathlib.Analysis.Convex.Slope:docInfo (3.4s)
✔ [18206/22149] Built mathlib/Mathlib.Analysis.Convex.Mul:docInfo (3.4s)
✔ [18207/22149] Built mathlib/Mathlib.Topology.Order.LeftRightLim:docInfo (3.0s)
✔ [18208/22149] Built mathlib/Mathlib.RingTheory.Derivation.DifferentialRing:docInfo (3.6s)
✔ [18209/22149] Built mathlib/Mathlib.CategoryTheory.Monoidal.Cartesian.Over:docInfo (3.0s)
✔ [18210/22149] Built mathlib/Mathlib.CategoryTheory.Sites.CoproductSheafCondition:docInfo (2.8s)
✔ [18211/22149] Built mathlib/Mathlib.CategoryTheory.Idempotents.SimplicialObject:docInfo (3.1s)
✔ [18212/22149] Built mathlib/Mathlib.RingTheory.Binomial:docInfo (3.7s)
✔ [18336/22271] Built mathlib/Mathlib.NumberTheory.Zsqrtd.Basic:docInfo (4.0s)
✔ [18337/22271] Built mathlib/Mathlib.NumberTheory.FLT.Basic:docInfo (3.4s)
✔ [18338/22271] Built mathlib/Mathlib.RingTheory.SimpleRing.Principal:docInfo (3.2s)
✔ [18339/22271] Built mathlib/Mathlib.RingTheory.SimpleModule.InjectiveProjective:docInfo (3.7s)
✔ [18340/22271] Built mathlib/Mathlib.RingTheory.GradedAlgebra.Noetherian:docInfo (4.3s)
✔ [18341/22271] Built mathlib/Mathlib.RingTheory.GradedAlgebra.TensorProduct:docInfo (4.3s)
✔ [18342/22271] Built mathlib/Mathlib.RingTheory.Noetherian.OfPrime:docInfo (3.8s)
ℹ [18343/22271] Built mathlib/Mathlib.RingTheory.Radical.NatInt:docInfo (3.6s)
info: stdout:
WARNING: Failed to calculate equational lemmata for Nat.Mathlib.Meta.Positivity.evalRadical: unquoteExpr: __result.1 : Lean.Expr
✔ [18344/22271] Built mathlib/Mathlib.RingTheory.SimpleModule.Isotypic:docInfo (3.4s)
✔ [18345/22271] Built mathlib/Mathlib.RingTheory.Valuation.Quotient:docInfo (3.6s)
✔ [18346/22271] Built mathlib/Mathlib.RingTheory.Valuation.ValuativeRel.Trivial:docInfo (3.4s)
✔ [18347/22271] Built mathlib/Mathlib.Topology.Convenient.OpenClosed:docInfo (2.6s)
✔ [18348/22271] Built mathlib/Mathlib.Topology.NatEmbedding:docInfo (2.9s)
✔ [18350/22273] Built mathlib/Mathlib.RingTheory.Noetherian.Orzech:docInfo (3.8s)
✔ [18351/22273] Built mathlib/Mathlib.LinearAlgebra.Matrix.ToLin:docInfo (3.0s)
✔ [18352/22273] Built mathlib/Mathlib.RingTheory.TensorProduct.Maps:docInfo (3.9s)
✔ [18353/22273] Built mathlib/Mathlib.Algebra.Algebra.Spectrum.Pi:docInfo (3.2s)
✔ [18354/22273] Built mathlib/Mathlib.Algebra.Algebra.StrictPositivity:docInfo (3.4s)
✔ [18355/22273] Built mathlib/Mathlib.Algebra.MvPolynomial.Degrees:docInfo (3.5s)
✔ [18356/22273] Built mathlib/Mathlib.Algebra.Polynomial.CancelLeads:docInfo (3.3s)
✔ [18357/22273] Built mathlib/Mathlib.RingTheory.EuclideanDomain:docInfo (3.8s)
✔ [18358/22273] Built mathlib/Mathlib.Algebra.Azumaya.Defs:docInfo (3.3s)
✔ [18359/22273] Built mathlib/Mathlib.RingTheory.Jacobson.Ideal:docInfo (3.5s)
✔ [18360/22273] Built mathlib/Mathlib.RingTheory.Coalgebra.Convolution:docInfo (3.4s)
✔ [18361/22273] Built mathlib/Mathlib.Topology.Algebra.Constructions:docInfo (3.2s)
✔ [18362/22273] Built mathlib/Mathlib.Topology.Maps.Proper.Basic:docInfo (3.4s)
✔ [18363/22273] Built mathlib/Mathlib.CategoryTheory.Subobject.Limits:docInfo (2.9s)
✔ [18364/22273] Built mathlib/Mathlib.RingTheory.Finiteness.Projective:docInfo (3.7s)
✔ [18365/22273] Built mathlib/Mathlib.Algebra.Category.Grp.Abelian:docInfo (3.8s)
✔ [18366/22273] Built mathlib/Mathlib.Algebra.Homology.ShortComplex.ShortExact:docInfo (2.0s)
✔ [18367/22273] Built mathlib/Mathlib.CategoryTheory.Generator.Basic:docInfo (3.3s)
✔ [18368/22273] Built mathlib/Mathlib.Algebra.Category.Grp.Injective:docInfo (3.0s)
✔ [18369/22273] Built mathlib/Mathlib.CategoryTheory.Monoidal.Internal.Types.CommGrp_:docInfo (3.0s)
✔ [18370/22273] Built mathlib/Mathlib.CategoryTheory.Preadditive.CommGrp_:docInfo (2.7s)
✔ [18371/22273] Built mathlib/Mathlib.Algebra.Homology.ExactSequence:docInfo (3.2s)
✔ [18372/22273] Built mathlib/Mathlib.CategoryTheory.Abelian.Refinements:docInfo (2.9s)
✔ [18373/22273] Built mathlib/Mathlib.RingTheory.Ideal.Over:docInfo (3.7s)
✔ [18374/22273] Built mathlib/Mathlib.RingTheory.Ideal.IsPrimary:docInfo (3.3s)
✔ [18375/22273] Built mathlib/Mathlib.LinearAlgebra.Matrix.Transvection:docInfo (3.2s)
✔ [18376/22273] Built mathlib/Mathlib.LinearAlgebra.Matrix.Kronecker:docInfo (3.5s)
✔ [18377/22273] Built mathlib/Mathlib.Topology.NoetherianSpace:docInfo (3.3s)
✔ [18378/22273] Built mathlib/Mathlib.Topology.KrullDimension:docInfo (2.6s)
✔ [18379/22273] Built mathlib/Mathlib.RingTheory.Derivation.ToSquareZero:docInfo (3.8s)
✔ [18380/22273] Built mathlib/Mathlib.Algebra.Module.Torsion.Basic:docInfo (4.3s)
✔ [18381/22273] Built mathlib/Mathlib.Algebra.Category.ModuleCat.Projective:docInfo (3.8s)
✔ [18382/22273] Built mathlib/Mathlib.CategoryTheory.Triangulated.Pretriangulated:docInfo (3.8s)
✔ [18383/22273] Built mathlib/Mathlib.Algebra.Category.ModuleCat.Images:docInfo (3.8s)
✔ [18384/22273] Built mathlib/Mathlib.Algebra.Category.ModuleCat.Presheaf.Limits:docInfo (3.7s)
✔ [18385/22273] Built mathlib/Mathlib.CategoryTheory.Limits.Sifted:docInfo (2.5s)
✔ [18386/22273] Built mathlib/Mathlib.Topology.Category.TopCat.Limits.Products:docInfo (3.1s)
✔ [18387/22273] Built mathlib/Mathlib.CategoryTheory.Simple:docInfo (3.3s)
✔ [18388/22273] Built mathlib/Mathlib.Topology.Sheaves.Sheaf:docInfo (3.5s)
✔ [18389/22273] Built mathlib/Mathlib.RingTheory.Idempotents:docInfo (3.7s)
✔ [18390/22273] Built mathlib/Mathlib.AlgebraicTopology.SimplicialSet.StdSimplex:docInfo (3.6s)
✔ [18391/22273] Built mathlib/Mathlib.RingTheory.Jacobson.Semiprimary:docInfo (3.6s)
✔ [18392/22273] Built mathlib/Mathlib.RingTheory.Ideal.Quotient.Noetherian:docInfo (3.7s)
✔ [18393/22273] Built mathlib/Mathlib.FieldTheory.Tower:docInfo (3.9s)
✔ [18394/22273] Built mathlib/Mathlib.RingTheory.Bezout:docInfo (3.5s)
✔ [18395/22273] Built mathlib/Mathlib.RingTheory.Ideal.IsPrincipal:docInfo (3.4s)
✔ [18396/22273] Built mathlib/Mathlib.Algebra.Module.Bimodule:docInfo (3.6s)
✔ [18397/22273] Built mathlib/Mathlib.RingTheory.Finiteness.Cofinite:docInfo (3.0s)
✔ [18398/22273] Built mathlib/Mathlib.RingTheory.Int.Basic:docInfo (3.2s)
✔ [18399/22273] Built mathlib/Mathlib.MeasureTheory.OuterMeasure.Defs:docInfo (3.6s)
✔ [18400/22273] Built mathlib/Mathlib.Topology.Order.Compact:docInfo (3.6s)
✔ [18401/22273] Built mathlib/Mathlib.Analysis.Normed.Group.Defs:docInfo (3.8s)
✔ [18402/22273] Built mathlib/Mathlib.Topology.OpenPartialHomeomorph.Basic:docInfo (3.3s)
✔ [18403/22273] Built mathlib/Mathlib.Analysis.Convex.Jensen:docInfo (3.8s)
✔ [18404/22273] Built mathlib/Mathlib.Topology.Homeomorph.Quotient:docInfo (3.2s)
✔ [18405/22273] Built mathlib/Mathlib.Algebra.MvPolynomial.Comap:docInfo (3.3s)
✔ [18406/22273] Built mathlib/Mathlib.Algebra.Polynomial.CoeffList:docInfo (3.6s)
✔ [18407/22273] Built mathlib/Mathlib.Algebra.Polynomial.DenomsClearable:docInfo (3.5s)
✔ [18408/22273] Built mathlib/Mathlib.Algebra.Star.UnitaryStarAlgAut:docInfo (3.6s)
✔ [18409/22273] Built mathlib/Mathlib.Geometry.RingedSpace.PresheafedSpace:docInfo (3.7s)
✔ [18410/22273] Built mathlib/Mathlib.Topology.Sheaves.PresheafOfFunctions:docInfo (3.4s)
✔ [18411/22273] Built mathlib/Mathlib.RingTheory.PrincipalIdealDomainOfPrime:docInfo (3.8s)
✔ [18412/22273] Built mathlib/Mathlib.Analysis.Convex.Cone.Extension:docInfo (3.5s)
✔ [18413/22273] Built mathlib/Mathlib.Topology.MetricSpace.Ultra.Basic:docInfo (3.5s)
✔ [18414/22273] Built mathlib/Mathlib.RingTheory.MvPowerSeries.NoZeroDivisors:docInfo (3.4s)
✔ [18415/22273] Built mathlib/Mathlib.Topology.Category.TopCat.ULift:docInfo (3.2s)
✔ [18416/22273] Built mathlib/Mathlib.AlgebraicGeometry.ProjectiveSpectrum.Topology:docInfo (4.6s)
✔ [18417/22273] Built mathlib/Mathlib.RingTheory.GradedAlgebra.Radical:docInfo (4.4s)
✔ [18418/22273] Built mathlib/Mathlib.RingTheory.GradedAlgebra.Homogeneous.Maps:docInfo (4.3s)
✔ [18419/22273] Built mathlib/Mathlib.AlgebraicTopology.ModelCategory.Opposite:docInfo (2.8s)
✔ [18420/22273] Built mathlib/Mathlib.AlgebraicTopology.ModelCategory.Transport:docInfo (2.9s)
✔ [18421/22273] Built mathlib/Mathlib.CategoryTheory.Enriched.Ordinary.Basic:docInfo (3.3s)
✔ [18422/22273] Built mathlib/Mathlib.CategoryTheory.Functor.FunctorHom:docInfo (2.9s)
✔ [18423/22273] Built mathlib/Mathlib.AlgebraicTopology.SimplicialSet.AnodyneExtensions.Pairing:docInfo (3.4s)
✔ [18424/22273] Built mathlib/Mathlib.AlgebraicTopology.SimplicialSet.FiniteColimits:docInfo (3.4s)
✔ [18425/22273] Built mathlib/Mathlib.CategoryTheory.ExtremalEpi:docInfo (2.8s)
✔ [18426/22273] Built mathlib/Mathlib.Topology.Compactification.OnePoint.Basic:docInfo (2.0s)
✔ [18427/22273] Built mathlib/Mathlib.Combinatorics.Hall.Basic:docInfo (2.9s)
✔ [18428/22273] Built mathlib/Mathlib.Analysis.Convex.Caratheodory:docInfo (3.6s)
✔ [18429/22273] Built mathlib/Mathlib.Geometry.Convex.Cone.Pointed:docInfo (3.7s)
✔ [18430/22273] Built mathlib/Mathlib.Analysis.Convex.Independent:docInfo (3.6s)
✔ [18431/22273] Built mathlib/Mathlib.Analysis.Convex.SimplicialComplex.AffineIndependentUnion:docInfo (3.7s)
✔ [18432/22273] Built mathlib/Mathlib.Analysis.Convex.StoneSeparation:docInfo (3.5s)
✔ [18433/22273] Built mathlib/Mathlib.CategoryTheory.Preadditive.Yoneda.Limits:docInfo (3.5s)
✔ [18434/22273] Built mathlib/Mathlib.CategoryTheory.Dialectica.Monoidal:docInfo (3.0s)
✔ [18435/22273] Built mathlib/Mathlib.CategoryTheory.Enriched.EnrichedCat:docInfo (2.9s)
✔ [18436/22273] Built mathlib/Mathlib.CategoryTheory.Galois.Prorepresentability:docInfo (3.7s)
✔ [18437/22273] Built mathlib/Mathlib.CategoryTheory.Monoidal.Cartesian.CommGrp_:docInfo (3.4s)
✔ [18438/22273] Built mathlib/Mathlib.CategoryTheory.Monoidal.Cartesian.ShrinkYoneda:docInfo (3.4s)
✔ [18439/22273] Built mathlib/Mathlib.CategoryTheory.Monoidal.Cartesian.Grp_:docInfo (2.7s)
✔ [18440/22273] Built mathlib/Mathlib.CategoryTheory.Monoidal.Ring:docInfo (3.2s)
✔ [18441/22273] Built mathlib/Mathlib.CategoryTheory.Monoidal.Internal.Types.Grp_:docInfo (3.1s)
✔ [18442/22273] Built mathlib/Mathlib.CategoryTheory.Topos.Classifier:docInfo (2.7s)
✔ [18443/22273] Built mathlib/Mathlib.Combinatorics.Hindman:docInfo (2.9s)
✔ [18444/22273] Built mathlib/Mathlib.Combinatorics.SimpleGraph.Ends.Defs:docInfo (3.3s)
✔ [18445/22273] Built mathlib/Mathlib.Combinatorics.SimpleGraph.Finsubgraph:docInfo (3.2s)
✔ [18446/22273] Built mathlib/Mathlib.Combinatorics.SimpleGraph.StronglyRegular:docInfo (3.8s)
✔ [18447/22273] Built mathlib/Mathlib.Topology.ExtremallyDisconnected:docInfo (3.2s)
✔ [18448/22273] Built mathlib/Mathlib.Data.Matrix.Cartan:docInfo (3.8s)
✔ [18449/22273] Built mathlib/Mathlib.Data.Matrix.DualNumber:docInfo (3.3s)
✔ [18450/22273] Built mathlib/Mathlib.Data.ZMod.Coprime:docInfo (3.9s)
✔ [18451/22273] Built mathlib/Mathlib.GroupTheory.Coxeter.Inversion:docInfo (3.7s)
✔ [18452/22273] Built mathlib/Mathlib.GroupTheory.Focal:docInfo (3.2s)
✔ [18453/22273] Built mathlib/Mathlib.GroupTheory.Frattini:docInfo (3.8s)
✔ [18454/22273] Built mathlib/Mathlib.GroupTheory.GroupAction.Jordan:docInfo (3.1s)
✔ [18455/22273] Built mathlib/Mathlib.GroupTheory.IsPerfect:docInfo (3.8s)
✔ [18456/22273] Built mathlib/Mathlib.GroupTheory.Schreier:docInfo (3.4s)
✔ [18457/22273] Built mathlib/Mathlib.GroupTheory.SchurZassenhaus:docInfo (3.8s)
✔ [18458/22273] Built mathlib/Mathlib.LinearAlgebra.TensorProduct.Graded.External:docInfo (4.2s)
✔ [18459/22273] Built mathlib/Mathlib.LinearAlgebra.FreeProduct.Basic:docInfo (4.0s)
✔ [18460/22273] Built mathlib/Mathlib.Topology.Algebra.Constructions.DomMulAct:docInfo (3.2s)
✔ [18461/22273] Built mathlib/Mathlib.RingTheory.Morita.Matrix:docInfo (3.9s)
✔ [18570/22380] Built mathlib/Mathlib.LinearAlgebra.InvariantBasisNumber:docInfo (3.9s)
✔ [18571/22380] Built mathlib/Mathlib.RingTheory.TensorProduct.Finite:docInfo (3.3s)
✔ [18572/22380] Built mathlib/Mathlib.Algebra.Algebra.Subalgebra.Centralizer:docInfo (3.3s)
✔ [18573/22380] Built mathlib/Mathlib.Algebra.MvPolynomial.Variables:docInfo (3.5s)
✔ [18574/22380] Built mathlib/Mathlib.Algebra.MvPolynomial.Equiv:docInfo (3.6s)
✔ [18575/22380] Built mathlib/Mathlib.Algebra.Polynomial.Monic:docInfo (3.4s)
✔ [18576/22380] Built mathlib/Mathlib.LinearAlgebra.TensorProduct.RightExactness:docInfo (3.6s)
✔ [18577/22380] Built mathlib/Mathlib.RingTheory.MvPolynomial.Basic:docInfo (3.7s)
✔ [18578/22380] Built mathlib/Mathlib.RingTheory.IsTensorProduct:docInfo (3.6s)
✔ [18579/22380] Built mathlib/Mathlib.Algebra.Azumaya.Matrix:docInfo (3.6s)
✔ [18580/22380] Built mathlib/Mathlib.Algebra.Category.AlgCat.Monoidal:docInfo (3.5s)
✔ [18581/22380] Built mathlib/Mathlib.RingTheory.Bialgebra.Basic:docInfo (3.2s)
✔ [18582/22380] Built mathlib/Mathlib.Algebra.Category.CoalgCat.ComonEquivalence:docInfo (3.5s)
✔ [18583/22380] Built mathlib/Mathlib.RingTheory.LocalRing.MaximalIdeal.Basic:docInfo (3.5s)
✔ [18584/22380] Built mathlib/Mathlib.Topology.Algebra.ConstMulAction:docInfo (2.9s)
✔ [18585/22380] Built mathlib/Mathlib.Topology.UniformSpace.Cauchy:docInfo (2.0s)
✔ [18586/22380] Built mathlib/Mathlib.Algebra.Category.ModuleCat.Monoidal.Closed:docInfo (3.3s)
✔ [18587/22380] Built mathlib/Mathlib.Algebra.Homology.ImageToKernel:docInfo (3.2s)
✔ [18588/22380] Built mathlib/Mathlib.CategoryTheory.Abelian.Subobject:docInfo (3.0s)
✔ [18589/22380] Built mathlib/Mathlib.CategoryTheory.Adjunction.AdjointFunctorTheorems:docInfo (2.0s)
✔ [18590/22380] Built mathlib/Mathlib.Algebra.Category.ModuleCat.Subobject:docInfo (3.6s)
✔ [18591/22380] Built mathlib/Mathlib.RingTheory.Localization.Ideal:docInfo (3.7s)
✔ [18592/22380] Built mathlib/Mathlib.RingTheory.Ideal.MinimalPrime.Basic:docInfo (3.6s)
✔ [18593/22380] Built mathlib/Mathlib.RingTheory.Nilpotent.Lemmas:docInfo (3.7s)
✔ [18594/22380] Built mathlib/Mathlib.Algebra.Polynomial.Laurent:docInfo (3.6s)
✔ [18595/22380] Built mathlib/Mathlib.RingTheory.MatrixAlgebra:docInfo (3.8s)
✔ [18596/22380] Built mathlib/Mathlib.Topology.LocalAtTarget:docInfo (3.1s)
✔ [18597/22380] Built mathlib/Mathlib.Topology.QuasiSeparated:docInfo (3.0s)
✔ [18598/22380] Built mathlib/Mathlib.Topology.Spectral.Hom:docInfo (3.1s)
✔ [18599/22380] Built mathlib/Mathlib.RingTheory.Nakayama:docInfo (3.5s)
✔ [18600/22380] Built mathlib/Mathlib.LinearAlgebra.Matrix.Basis:docInfo (3.8s)
✔ [18601/22380] Built mathlib/Mathlib.Algebra.Category.ModuleCat.Presheaf.Colimits:docInfo (3.7s)
✔ [18602/22380] Built mathlib/Mathlib.Algebra.Category.ModuleCat.Presheaf.ChangeOfRings:docInfo (3.6s)
✔ [18603/22380] Built mathlib/Mathlib.CategoryTheory.Filtered.Final:docInfo (2.9s)
✔ [18604/22380] Built mathlib/Mathlib.CategoryTheory.Monoidal.Limits.Colimits:docInfo (2.7s)
✔ [18605/22380] Built mathlib/Mathlib.Algebra.Category.ModuleCat.Presheaf.Free:docInfo (3.6s)
✔ [18606/22380] Built mathlib/Mathlib.Topology.Category.TopCat.Limits.Pullbacks:docInfo (3.0s)
✔ [18607/22380] Built mathlib/Mathlib.CategoryTheory.Sites.Continuous:docInfo (3.1s)
✔ [18608/22380] Built mathlib/Mathlib.Topology.Sheaves.Forget:docInfo (3.4s)
✔ [18609/22380] Built mathlib/Mathlib.RingTheory.TensorProduct.Pi:docInfo (3.2s)
✔ [18610/22380] Built mathlib/Mathlib.Algebra.CharP.LinearMaps:docInfo (3.6s)
✔ [18611/22380] Built mathlib/Mathlib.Algebra.DirectSum.Idempotents:docInfo (3.5s)
✔ [18612/22380] Built mathlib/Mathlib.RingTheory.TensorProduct.Free:docInfo (3.6s)
✔ [18613/22380] Built mathlib/Mathlib.AlgebraicTopology.ModelCategory.Cylinder:docInfo (2.8s)
✔ [18614/22380] Built mathlib/Mathlib.LinearAlgebra.Matrix.Dual:docInfo (3.6s)
✔ [18615/22380] Built mathlib/Mathlib.RingTheory.Nilpotent.Exp:docInfo (3.3s)
✔ [18616/22380] Built mathlib/Mathlib.RingTheory.AdicCompletion.Basic:docInfo (3.0s)
✔ [18617/22380] Built mathlib/Mathlib.RingTheory.Valuation.ValuationRing:docInfo (3.5s)
✔ [18618/22380] Built mathlib/Mathlib.LinearAlgebra.Matrix.Vec:docInfo (3.7s)
✔ [18619/22380] Built mathlib/Mathlib.Algebra.Module.LinearMap.FiniteRange:docInfo (3.6s)
✔ [18620/22380] Built mathlib/Mathlib.Topology.Algebra.Star:docInfo (2.6s)
✔ [18621/22380] Built mathlib/Mathlib.LinearAlgebra.Complex.Module:docInfo (3.8s)
✔ [18622/22380] Built mathlib/Mathlib.Topology.OpenPartialHomeomorph.Continuity:docInfo (2.0s)
✔ [18623/22380] Built mathlib/Mathlib.Topology.Maps.Strict.Basic:docInfo (2.8s)
✔ [18624/22380] Built mathlib/Mathlib.Algebra.Polynomial.Mirror:docInfo (3.2s)
✔ [18625/22380] Built mathlib/Mathlib.Algebra.Polynomial.Module.TensorProduct:docInfo (3.4s)
✔ [18626/22380] Built mathlib/Mathlib.Topology.Sheaves.Limits:docInfo (3.5s)
✔ [18627/22380] Built mathlib/Mathlib.RingTheory.MvPowerSeries.Trunc:docInfo (3.5s)
✔ [18628/22380] Built mathlib/Mathlib.Topology.Order.Rolle:docInfo (3.1s)
✔ [18629/22380] Built mathlib/Mathlib.Topology.Maps.Proper.CompactlyGenerated:docInfo (2.0s)
✔ [18630/22380] Built mathlib/Mathlib.RingTheory.MvPowerSeries.Inverse:docInfo (3.4s)
✔ [18631/22380] Built mathlib/Mathlib.CategoryTheory.Generator.Presheaf:docInfo (3.1s)
✔ [18632/22380] Built mathlib/Mathlib.AlgebraicTopology.ModelCategory.Bifibrant:docInfo (2.8s)
✔ [18633/22380] Built mathlib/Mathlib.AlgebraicTopology.ModelCategory.BrownLemma:docInfo (2.8s)
✔ [18634/22380] Built mathlib/Mathlib.AlgebraicTopology.SimplicialSet.Horn:docInfo (3.2s)
✔ [18635/22380] Built mathlib/Mathlib.AlgebraicTopology.SimplicialSet.Boundary:docInfo (3.1s)
✔ [18636/22380] Built mathlib/Mathlib.CategoryTheory.Bicategory.CatEnriched:docInfo (2.9s)
✔ [18637/22380] Built mathlib/Mathlib.CategoryTheory.Monoidal.Closed.FunctorToTypes:docInfo (2.7s)
✔ [18638/22380] Built mathlib/Mathlib.CategoryTheory.Generator.StrongGenerator:docInfo (2.9s)
✔ [18639/22380] Built mathlib/Mathlib.AlgebraicTopology.SimplicialSet.AnodyneExtensions.Op:docInfo (3.4s)
✔ [18640/22380] Built mathlib/Mathlib.AlgebraicTopology.SimplicialSet.Nonempty:docInfo (2.9s)
✔ [18641/22380] Built mathlib/Mathlib.AlgebraicTopology.SimplicialSet.StdSimplexOne:docInfo (3.0s)
✔ [18642/22380] Built mathlib/Mathlib.AlgebraicTopology.SimplicialSet.Subdivision:docInfo (3.1s)
✔ [18643/22380] Built mathlib/Mathlib.Geometry.Convex.Cone.Dual:docInfo (3.4s)
✔ [18644/22380] Built mathlib/Mathlib.Geometry.Convex.Cone.Simplicial:docInfo (3.5s)
✔ [18645/22380] Built mathlib/Mathlib.CategoryTheory.Generator.Preadditive:docInfo (3.3s)
✔ [18646/22380] Built mathlib/Mathlib.CategoryTheory.Enriched.FunctorCategory:docInfo (3.2s)
✔ [18647/22380] Built mathlib/Mathlib.CategoryTheory.Enriched.HomCongr:docInfo (3.1s)
✔ [18648/22380] Built mathlib/Mathlib.CategoryTheory.Enriched.Limits.HasConicalLimits:docInfo (3.2s)
✔ [18649/22380] Built mathlib/Mathlib.CategoryTheory.Enriched.Opposite:docInfo (3.1s)
✔ [18650/22380] Built mathlib/Mathlib.CategoryTheory.Galois.Action:docInfo (3.6s)
✔ [18651/22380] Built mathlib/Mathlib.CategoryTheory.Generator.Type:docInfo (3.0s)
✔ [18652/22380] Built mathlib/Mathlib.CategoryTheory.Monoidal.Cartesian.GrpLimits:docInfo (3.2s)
✔ [18653/22380] Built mathlib/Mathlib.CategoryTheory.Monoidal.Cartesian.Ring:docInfo (2.9s)
✔ [18654/22380] Built mathlib/Mathlib.CategoryTheory.Monoidal.Closed.Enrichment:docInfo (3.0s)
✔ [18655/22380] Built mathlib/Mathlib.CategoryTheory.Sites.Adjunction:docInfo (2.9s)
✔ [18656/22380] Built mathlib/Mathlib.CategoryTheory.Sites.CartesianClosed:docInfo (3.1s)
✔ [18657/22380] Built mathlib/Mathlib.Combinatorics.SimpleGraph.Ends.Properties:docInfo (3.3s)
✔ [18658/22380] Built mathlib/Mathlib.Combinatorics.SimpleGraph.Hall:docInfo (3.6s)
✔ [18659/22380] Built mathlib/Mathlib.Topology.Category.TopCat.Yoneda:docInfo (2.0s)
✔ [18660/22380] Built mathlib/Mathlib.LinearAlgebra.TensorProduct.Subalgebra:docInfo (3.4s)
✔ [18661/22380] Built mathlib/Mathlib.GroupTheory.Perm.MaximalSubgroups:docInfo (3.5s)
✔ [18662/22380] Built mathlib/Mathlib.LinearAlgebra.TensorProduct.Opposite:docInfo (3.3s)
✔ [18663/22380] Built mathlib/Mathlib.LinearAlgebra.TensorProduct.Graded.Internal:docInfo (4.4s)
✔ [18664/22380] Built mathlib/Mathlib.LinearAlgebra.Matrix.Ideal:docInfo (3.7s)
✔ [18665/22380] Built mathlib/Mathlib.LinearAlgebra.Matrix.IsDiag:docInfo (3.6s)
✔ [18666/22380] Built mathlib/Mathlib.LinearAlgebra.TensorProduct.Matrix:docInfo (3.6s)
✔ [18667/22380] Built mathlib/Mathlib.ModelTheory.Arithmetic.Presburger.Semilinear.Basic:docInfo (3.8s)
✔ [18668/22380] Built mathlib/Mathlib.NumberTheory.PellMatiyasevic:docInfo (3.7s)
✔ [18669/22380] Built mathlib/Mathlib.NumberTheory.PythagoreanTriples:docInfo (3.5s)
✔ [18670/22380] Built mathlib/Mathlib.NumberTheory.Zsqrtd.GaussianInt:docInfo (3.7s)
✔ [18671/22380] Built mathlib/Mathlib.RingTheory.Localization.Rat:docInfo (3.3s)
✔ [18672/22380] Built mathlib/Mathlib.RingTheory.Radical:docInfo (3.4s)
✔ [18673/22380] Built mathlib/Mathlib.Topology.IsClosedRestrict:docInfo (3.1s)
✔ [18674/22380] Built mathlib/Mathlib.Topology.Maps.Proper.UniversallyClosed:docInfo (3.0s)
✔ [18675/22380] Built mathlib/Mathlib.Topology.MetricSpace.Ultra.TotallySeparated:docInfo (3.2s)
✔ [18770/22475] Built mathlib/Mathlib.LinearAlgebra.Dimension.StrongRankCondition:docInfo (4.1s)
✔ [18771/22475] Built mathlib/Mathlib.Algebra.Algebra.Epi:docInfo (3.2s)
✔ [18772/22475] Built mathlib/Mathlib.Algebra.MvPolynomial.CommRing:docInfo (3.9s)
✔ [18773/22475] Built mathlib/Mathlib.Algebra.Polynomial.BigOperators:docInfo (3.0s)
✔ [18774/22475] Built mathlib/Mathlib.Algebra.Polynomial.Div:docInfo (3.6s)
✔ [18775/22475] Built mathlib/Mathlib.Algebra.Category.AlgCat.Symmetric:docInfo (3.9s)
✔ [18776/22475] Built mathlib/Mathlib.RingTheory.Bialgebra.Hom:docInfo (3.7s)
✔ [18777/22475] Built mathlib/Mathlib.RingTheory.LocalRing.RingHom.Basic:docInfo (4.1s)
✔ [18778/22475] Built mathlib/Mathlib.RingTheory.Localization.BaseChange:docInfo (3.0s)
✔ [18779/22475] Built mathlib/Mathlib.RingTheory.HopfAlgebra.Basic:docInfo (3.4s)
✔ [18780/22475] Built mathlib/Mathlib.Topology.Algebra.MulAction:docInfo (3.4s)
✔ [18781/22475] Built mathlib/Mathlib.Topology.UniformSpace.UniformEmbedding:docInfo (3.1s)
✔ [18782/22475] Built mathlib/Mathlib.Algebra.Homology.HomologicalComplex:docInfo (3.6s)
✔ [18783/22475] Built mathlib/Mathlib.Topology.UniformSpace.UniformConvergence:docInfo (2.9s)
✔ [18784/22475] Built mathlib/Mathlib.LinearAlgebra.Matrix.InvariantBasisNumber:docInfo (4.0s)
✔ [18785/22475] Built mathlib/Mathlib.Algebra.Homology.ShortComplex.Ab:docInfo (3.7s)
✔ [18786/22475] Built mathlib/Mathlib.Algebra.Category.Grp.Images:docInfo (3.5s)
✔ [18787/22475] Built mathlib/Mathlib.CategoryTheory.ObjectProperty.EpiMono:docInfo (3.0s)
✔ [18788/22475] Built mathlib/Mathlib.CategoryTheory.ObjectProperty.Extensions:docInfo (2.8s)
✔ [18789/22475] Built mathlib/Mathlib.Algebra.Category.Grp.LeftExactFunctor:docInfo (2.8s)
✔ [18790/22475] Built mathlib/Mathlib.Algebra.Homology.ShortComplex.SnakeLemma:docInfo (3.5s)
✔ [18791/22475] Built mathlib/Mathlib.RingTheory.Ideal.Quotient.Nilpotent:docInfo (3.7s)
✔ [18792/22475] Built mathlib/Mathlib.RingTheory.PolynomialAlgebra:docInfo (3.0s)
✔ [18793/22475] Built mathlib/Mathlib.RingTheory.TensorProduct.Quotient:docInfo (4.0s)
✔ [18794/22475] Built mathlib/Mathlib.Algebra.Polynomial.Lifts:docInfo (3.6s)
✔ [18795/22475] Built mathlib/Mathlib.RingTheory.TensorProduct.MvPolynomial:docInfo (3.9s)
✔ [18796/22475] Built mathlib/Mathlib.RingTheory.Spectrum.Prime.Basic:docInfo (3.5s)
✔ [18797/22475] Built mathlib/Mathlib.RingTheory.LocalRing.ResidueField.Defs:docInfo (4.1s)
✔ [18798/22475] Built mathlib/Mathlib.Topology.Sets.Compacts:docInfo (3.5s)
✔ [18799/22475] Built mathlib/Mathlib.CategoryTheory.Triangulated.Triangulated:docInfo (4.1s)
✔ [18800/22475] Built mathlib/Mathlib.CategoryTheory.Abelian.DiagramLemmas.Four:docInfo (3.3s)
✔ [18801/22475] Built mathlib/Mathlib.Algebra.Category.ModuleCat.Presheaf.Abelian:docInfo (4.1s)
✔ [18802/22475] Built mathlib/Mathlib.CategoryTheory.Limits.FinallySmall:docInfo (3.2s)
✔ [18803/22475] Built mathlib/Mathlib.Algebra.Category.ModuleCat.Presheaf.EpiMono:docInfo (4.0s)
✔ [18804/22475] Built mathlib/Mathlib.Algebra.Category.ModuleCat.Presheaf.Monoidal:docInfo (4.1s)
✔ [18805/22475] Built mathlib/Mathlib.Algebra.Category.ModuleCat.Presheaf.Pushforward:docInfo (4.7s)
✔ [18806/22475] Built mathlib/Mathlib.CategoryTheory.Extensive:docInfo (3.5s)
✔ [18807/22475] Built mathlib/Mathlib.CategoryTheory.Sites.CoverPreserving:docInfo (3.5s)
✔ [18808/22475] Built mathlib/Mathlib.CategoryTheory.Limits.Constructions.Over.Connected:docInfo (3.3s)
✔ [18809/22475] Built mathlib/Mathlib.CategoryTheory.Triangulated.TStructure.Basic:docInfo (3.8s)
✔ [18810/22475] Built mathlib/Mathlib.Algebra.Homology.ExactSequenceFour:docInfo (3.2s)
✔ [18811/22475] Built mathlib/Mathlib.CategoryTheory.Abelian.EpiWithInjectiveKernel:docInfo (2.8s)
✔ [18812/22475] Built mathlib/Mathlib.AlgebraicTopology.ModelCategory.PathObject:docInfo (3.4s)
✔ [18813/22475] Built mathlib/Mathlib.AlgebraicTopology.ModelCategory.LeftHomotopy:docInfo (3.2s)
✔ [18814/22475] Built mathlib/Mathlib.Algebra.Homology.SpectralObject.Basic:docInfo (3.4s)
✔ [18815/22475] Built mathlib/Mathlib.Algebra.Polynomial.GroupRingAction:docInfo (3.4s)
✔ [18816/22475] Built mathlib/Mathlib.RingTheory.Finiteness.Nilpotent:docInfo (3.7s)
✔ [18817/22475] Built mathlib/Mathlib.Algebra.MvPolynomial.Monad:docInfo (3.6s)
✔ [18818/22475] Built mathlib/Mathlib.Algebra.MvPolynomial.Supported:docInfo (3.7s)
✔ [18819/22475] Built mathlib/Mathlib.LinearAlgebra.TensorProduct.Vanishing:docInfo (3.8s)
✔ [18820/22475] Built mathlib/Mathlib.RingTheory.Ideal.Quotient.ChineseRemainder:docInfo (3.8s)
✔ [18821/22475] Built mathlib/Mathlib.RingTheory.QuotSMulTop:docInfo (3.9s)
✔ [18822/22475] Built mathlib/Mathlib.RingTheory.Ideal.MinimalPrime.Noetherian:docInfo (4.1s)
✔ [18823/22475] Built mathlib/Mathlib.RingTheory.ZMod:docInfo (3.9s)
✔ [18824/22475] Built mathlib/Mathlib.Dynamics.Minimal:docInfo (2.0s)
✔ [18825/22475] Built mathlib/Mathlib.Algebra.MvPolynomial.Cardinal:docInfo (3.9s)
✔ [18826/22475] Built mathlib/Mathlib.Algebra.MvPolynomial.Polynomial:docInfo (4.1s)
✔ [18827/22475] Built mathlib/Mathlib.Algebra.Polynomial.Degree.IsMonicOfDegree:docInfo (3.2s)
✔ [18828/22475] Built mathlib/Mathlib.Algebra.Polynomial.UnitTrinomial:docInfo (3.7s)
✔ [18829/22475] Built mathlib/Mathlib.Geometry.RingedSpace.PresheafedSpace.HasColimits:docInfo (3.7s)
✔ [18830/22475] Built mathlib/Mathlib.Topology.Gluing:docInfo (3.7s)
✔ [18831/22475] Built mathlib/Mathlib.Topology.JacobsonSpace:docInfo (3.2s)
✔ [18832/22475] Built mathlib/Mathlib.RingTheory.Noetherian.Nilpotent:docInfo (3.7s)
✔ [18833/22475] Built mathlib/Mathlib.Topology.Category.TopCat.EffectiveEpi:docInfo (3.3s)
✔ [18834/22475] Built mathlib/Mathlib.RingTheory.PowerSeries.Basic:docInfo (4.0s)
✔ [18835/22475] Built mathlib/Mathlib.Topology.OpenPartialHomeomorph.IsImage:docInfo (3.2s)
✔ [18836/22475] Built mathlib/Mathlib.RingTheory.Valuation.Archimedean:docInfo (3.4s)
✔ [18837/22475] Built mathlib/Mathlib.Topology.Category.TopCat.GrothendieckTopology:docInfo (3.5s)
✔ [18838/22475] Built mathlib/Mathlib.RingTheory.AdicCompletion.Algebra:docInfo (4.6s)
✔ [18839/22475] Built mathlib/Mathlib.CategoryTheory.Sites.Subcanonical:docInfo (3.6s)
✔ [18840/22475] Built mathlib/Mathlib.CategoryTheory.Abelian.CommSq:docInfo (3.3s)
✔ [18841/22475] Built mathlib/Mathlib.CategoryTheory.Limits.Shapes.Preorder.WellOrderContinuous:docInfo (3.2s)
✔ [18842/22475] Built mathlib/Mathlib.Topology.Algebra.Star.Real:docInfo (3.1s)
✔ [18843/22475] Built mathlib/Mathlib.Analysis.Convex.Cone.Closure:docInfo (3.5s)
✔ [18844/22475] Built mathlib/Mathlib.CategoryTheory.Comma.Final:docInfo (3.2s)
✔ [18845/22475] Built mathlib/Mathlib.CategoryTheory.Abelian.Preradical.Colon:docInfo (3.2s)
✔ [18846/22475] Built mathlib/Mathlib.CategoryTheory.Functor.TypeValuedFlat:docInfo (2.0s)
✔ [18847/22475] Built mathlib/Mathlib.CategoryTheory.Monoidal.Cartesian.Normal:docInfo (3.2s)
✔ [18848/22475] Built mathlib/Mathlib.Geometry.Convex.Cone.DualFinite:docInfo (3.6s)
✔ [18849/22475] Built mathlib/Mathlib.GroupTheory.SpecificGroups.Alternating.MaximalSubgroups:docInfo (3.7s)
✔ [18850/22475] Built mathlib/Mathlib.ModelTheory.Arithmetic.Presburger.Definability:docInfo (3.0s)
✔ [18851/22475] Built mathlib/Mathlib.NumberTheory.Dioph:docInfo (3.8s)
✔ [18852/22475] Built mathlib/Mathlib.NumberTheory.FLT.Four:docInfo (3.2s)
✔ [18853/22475] Built mathlib/Mathlib.RingTheory.Ideal.Quotient.Index:docInfo (3.5s)
✔ [18854/22475] Built mathlib/Mathlib.Topology.Algebra.Group.DiscontinuousSubgroup:docInfo (3.2s)
✔ [18855/22475] Built mathlib/Mathlib.RingTheory.Coalgebra.MonoidAlgebra:docInfo (3.7s)
✔ [18856/22475] Built mathlib/Mathlib.RingTheory.Bialgebra.SymmetricAlgebra:docInfo (3.7s)
✔ [18857/22475] Built mathlib/Mathlib.RingTheory.DualNumber:docInfo (4.0s)
✔ [18858/22475] Built mathlib/Mathlib.RingTheory.LocalRing.NonLocalRing:docInfo (4.0s)
✔ [18859/22475] Built mathlib/Mathlib.RingTheory.SimpleRing.Matrix:docInfo (3.0s)
✔ [18860/22475] Built mathlib/Mathlib.RingTheory.TensorProduct.IsBaseChangeRightExact:docInfo (3.6s)
✔ [18861/22475] Built mathlib/Mathlib.RingTheory.TensorProduct.MonoidAlgebra:docInfo (3.8s)
✔ [18862/22475] Built mathlib/Mathlib.Topology.Algebra.Algebra.Rat:docInfo (2.8s)
✔ [18863/22475] Built mathlib/Mathlib.Topology.Algebra.ProperConstSMul:docInfo (2.6s)
✔ [18864/22475] Built mathlib/Mathlib.Topology.Connected.CardComponents:docInfo (3.4s)
✔ [18958/22567] Built mathlib/Mathlib.LinearAlgebra.Dimension.Free:docInfo (3.9s)
✔ [18959/22567] Built mathlib/Mathlib.LinearAlgebra.FreeModule.PID:docInfo (4.1s)
✔ [18960/22567] Built mathlib/Mathlib.RingTheory.Polynomial.Basic:docInfo (3.7s)
✔ [18961/22567] Built mathlib/Mathlib.Algebra.Polynomial.RingDivision:docInfo (3.4s)
✔ [18962/22567] Built mathlib/Mathlib.RingTheory.Bialgebra.Equiv:docInfo (3.6s)
✔ [18963/22567] Built mathlib/Mathlib.Algebra.Category.Ring.Instances:docInfo (3.6s)
✔ [18964/22567] Built mathlib/Mathlib.Algebra.Homology.Single:docInfo (2.8s)
✔ [18965/22567] Built mathlib/Mathlib.CategoryTheory.Abelian.Exact:docInfo (3.3s)
✔ [18966/22567] Built mathlib/Mathlib.CategoryTheory.Abelian.SerreClass.Basic:docInfo (3.3s)
✔ [18967/22567] Built mathlib/Mathlib.Algebra.Category.Grp.Subobject:docInfo (3.6s)
✔ [18968/22567] Built mathlib/Mathlib.RingTheory.Localization.AtPrime.Basic:docInfo (4.2s)
✔ [18969/22567] Built mathlib/Mathlib.RingTheory.Localization.Algebra:docInfo (3.7s)
✔ [18970/22567] Built mathlib/Mathlib.LinearAlgebra.Matrix.MvPolynomial:docInfo (3.6s)
✔ [18971/22567] Built mathlib/Mathlib.LinearAlgebra.Matrix.Polynomial:docInfo (3.7s)
✔ [18972/22567] Built mathlib/Mathlib.RingTheory.MatrixPolynomialAlgebra:docInfo (3.8s)
✔ [18973/22567] Built mathlib/Mathlib.RingTheory.Polynomial.Nilpotent:docInfo (3.5s)
✔ [18974/22567] Built mathlib/Mathlib.Algebra.Polynomial.HasseDeriv:docInfo (3.5s)
✔ [18975/22567] Built mathlib/Mathlib.RingTheory.LocalRing.ResidueField.Basic:docInfo (3.7s)
✔ [18976/22567] Built mathlib/Mathlib.RingTheory.KrullDimension.Basic:docInfo (3.9s)
✔ [18977/22567] Built mathlib/Mathlib.CategoryTheory.Triangulated.Functor:docInfo (3.8s)
✔ [18978/22567] Built mathlib/Mathlib.Algebra.Homology.Embedding.Boundary:docInfo (3.2s)
✔ [18979/22567] Built mathlib/Mathlib.Algebra.Category.ModuleCat.Presheaf.Generator:docInfo (3.8s)
✔ [18980/22567] Built mathlib/Mathlib.Algebra.Category.ModuleCat.Presheaf.PushforwardZeroMonoidal:docInfo (3.8s)
✔ [18981/22567] Built mathlib/Mathlib.CategoryTheory.Adhesive.Basic:docInfo (2.9s)
✔ [18982/22567] Built mathlib/Mathlib.CategoryTheory.Sites.CoverLifting:docInfo (3.3s)
✔ [18983/22567] Built mathlib/Mathlib.CategoryTheory.Sites.InducedTopology:docInfo (3.3s)
✔ [18984/22567] Built mathlib/Mathlib.Algebra.Category.Ring.Adjunctions:docInfo (3.6s)
✔ [18985/22567] Built mathlib/Mathlib.Algebra.Category.Ring.Epi:docInfo (3.9s)
✔ [18986/22567] Built mathlib/Mathlib.CategoryTheory.Presentable.IsCardinalFiltered:docInfo (3.0s)
✔ [18987/22567] Built mathlib/Mathlib.Algebra.CharP.LocalRing:docInfo (3.4s)
✔ [18988/22567] Built mathlib/Mathlib.RingTheory.FreeCommRing:docInfo (3.7s)
✔ [18989/22567] Built mathlib/Mathlib.Algebra.Quaternion:docInfo (4.1s)
✔ [18990/22567] Built mathlib/Mathlib.AlgebraicTopology.MooreComplex:docInfo (3.1s)
✔ [18991/22567] Built mathlib/Mathlib.Algebra.Homology.HomologicalBicomplex:docInfo (3.0s)
✔ [18992/22567] Built mathlib/Mathlib.Algebra.Homology.DifferentialObject:docInfo (3.3s)
✔ [18993/22567] Built mathlib/Mathlib.Algebra.Homology.Factorizations.Basic:docInfo (3.2s)
✔ [18994/22567] Built mathlib/Mathlib.AlgebraicTopology.ModelCategory.RightHomotopy:docInfo (3.0s)
✔ [18995/22567] Built mathlib/Mathlib.Algebra.Homology.SpectralObject.HasSpectralSequence:docInfo (2.9s)
✔ [18996/22567] Built mathlib/Mathlib.RingTheory.Artinian.Module:docInfo (4.1s)
✔ [18997/22567] Built mathlib/Mathlib.Algebra.Module.FinitePresentation:docInfo (4.1s)
✔ [18998/22567] Built mathlib/Mathlib.Algebra.MvPolynomial.Derivation:docInfo (3.6s)
✔ [18999/22567] Built mathlib/Mathlib.RingTheory.MvPolynomial.Localization:docInfo (3.8s)
✔ [19000/22567] Built mathlib/Mathlib.RingTheory.Ideal.MinimalPrime.Colon:docInfo (3.4s)
✔ [19001/22567] Built mathlib/Mathlib.RingTheory.TensorProduct.IsBaseChangePi:docInfo (3.6s)
✔ [19002/22567] Built mathlib/Mathlib.Data.ZMod.QuotientRing:docInfo (3.9s)
✔ [19003/22567] Built mathlib/Mathlib.Algebra.MvPolynomial.Division:docInfo (3.5s)
✔ [19004/22567] Built mathlib/Mathlib.Algebra.Polynomial.CoeffMem:docInfo (3.3s)
✔ [19005/22567] Built mathlib/Mathlib.Algebra.Polynomial.PartialFractions:docInfo (3.5s)
✔ [19006/22567] Built mathlib/Mathlib.Algebra.Polynomial.SumIteratedDerivative:docInfo (3.6s)
✔ [19007/22567] Built mathlib/Mathlib.Algebra.QuadraticAlgebra.Defs:docInfo (3.0s)
✔ [19008/22567] Built mathlib/Mathlib.RingTheory.AlgebraicIndependent.Defs:docInfo (3.5s)
✔ [19009/22567] Built mathlib/Mathlib.RingTheory.PowerSeries.Order:docInfo (3.4s)
✔ [19010/22567] Built mathlib/Mathlib.RingTheory.PowerSeries.Trunc:docInfo (3.3s)
✔ [19011/22567] Built mathlib/Mathlib.RingTheory.MvPolynomial.Symmetric.Defs:docInfo (3.6s)
✔ [19012/22567] Built mathlib/Mathlib.RingTheory.AdicCompletion.Functoriality:docInfo (3.9s)
✔ [19013/22567] Built mathlib/Mathlib.RingTheory.Finiteness.NilpotentKer:docInfo (3.9s)
✔ [19014/22567] Built mathlib/Mathlib.CategoryTheory.Generator.Sheaf:docInfo (3.1s)
✔ [19015/22567] Built mathlib/Mathlib.Order.Interval.Set.Final:docInfo (2.7s)
✔ [19016/22567] Built mathlib/Mathlib.AlgebraicTopology.SimplicialSet.HornColimits:docInfo (3.7s)
✔ [19017/22567] Built mathlib/Mathlib.AlgebraicTopology.SimplicialSet.Path:docInfo (3.5s)
✔ [19018/22567] Built mathlib/Mathlib.AlgebraicTopology.SimplicialSet.Monoidal:docInfo (3.1s)
✔ [19019/22567] Built mathlib/Mathlib.CategoryTheory.Functor.KanExtension.Dense:docInfo (3.2s)
✔ [19020/22567] Built mathlib/Mathlib.AlgebraicTopology.SimplicialSet.PiZero:docInfo (3.4s)
✔ [19021/22567] Built mathlib/Mathlib.CategoryTheory.Abelian.DiagramLemmas.KernelCokernelComp:docInfo (3.3s)
✔ [19022/22567] Built mathlib/Mathlib.CategoryTheory.Generator.Abelian:docInfo (3.5s)
✔ [19023/22567] Built mathlib/Mathlib.CategoryTheory.Abelian.Preradical.Radical:docInfo (2.9s)
✔ [19024/22567] Built mathlib/Mathlib.CategoryTheory.ObjectProperty.Kernels:docInfo (3.0s)
✔ [19025/22567] Built mathlib/Mathlib.CategoryTheory.EffectiveEpi.Extensive:docInfo (3.1s)
✔ [19026/22567] Built mathlib/Mathlib.CategoryTheory.Enriched.Limits.HasConicalProducts:docInfo (2.9s)
✔ [19027/22567] Built mathlib/Mathlib.CategoryTheory.Enriched.Limits.HasConicalPullbacks:docInfo (2.7s)
✔ [19028/22567] Built mathlib/Mathlib.CategoryTheory.Galois.Full:docInfo (3.7s)
✔ [19029/22567] Built mathlib/Mathlib.CategoryTheory.Monoidal.Closed.FunctorCategory.Basic:docInfo (2.6s)
✔ [19030/22567] Built mathlib/Mathlib.CategoryTheory.Subobject.ArtinianObject:docInfo (2.0s)
✔ [19031/22567] Built mathlib/Mathlib.CategoryTheory.Subobject.NoetherianObject:docInfo (3.1s)
✔ [19032/22567] Built mathlib/Mathlib.CategoryTheory.Preadditive.HomOrthogonal:docInfo (4.1s)
✔ [19033/22567] Built mathlib/Mathlib.CategoryTheory.Sites.Coherent.Basic:docInfo (3.0s)
✔ [19034/22567] Built mathlib/Mathlib.CategoryTheory.Sites.PreservesLimits:docInfo (3.2s)
✔ [19035/22567] Built mathlib/Mathlib.CategoryTheory.Triangulated.TStructure.AbelianSubcategory:docInfo (3.7s)
✔ [19036/22567] Built mathlib/Mathlib.CategoryTheory.Triangulated.TStructure.Heart:docInfo (3.8s)
✔ [19037/22567] Built mathlib/Mathlib.Topology.Category.CompHausLike.Limits:docInfo (3.1s)
✔ [19038/22567] Built mathlib/Mathlib.GroupTheory.FreeGroup.GeneratorEquiv:docInfo (3.8s)
✔ [19039/22567] Built mathlib/Mathlib.GroupTheory.GroupAction.SubMulAction.Combination:docInfo (3.7s)
✔ [19040/22567] Built mathlib/Mathlib.RingTheory.AdicCompletion.RingHom:docInfo (3.9s)
✔ [19041/22567] Built mathlib/Mathlib.RingTheory.Bialgebra.MonoidAlgebra:docInfo (3.8s)
✔ [19042/22567] Built mathlib/Mathlib.RingTheory.DividedPowers.Basic:docInfo (3.8s)
✔ [19043/22567] Built mathlib/Mathlib.RingTheory.HahnSeries.HEval:docInfo (3.4s)
✔ [19044/22567] Built mathlib/Mathlib.RingTheory.PowerSeries.WellKnown:docInfo (3.6s)
✔ [19045/22567] Built mathlib/Mathlib.RingTheory.HahnSeries.PowerSeries:docInfo (3.3s)
✔ [19046/22567] Built mathlib/Mathlib.RingTheory.PowerSeries.Catalan:docInfo (3.5s)
✔ [19047/22567] Built mathlib/Mathlib.RingTheory.PowerSeries.CoeffMulMem:docInfo (3.3s)
✔ [19048/22567] Built mathlib/Mathlib.RingTheory.PowerSeries.Schroder:docInfo (3.3s)
✔ [19140/22659] Built mathlib/Mathlib.RingTheory.AlgebraicIndependent.Basic:docInfo (3.9s)
✔ [19141/22659] Built mathlib/Mathlib.RingTheory.PowerSeries.NoZeroDivisors:docInfo (3.7s)
✔ [19142/22659] Built mathlib/Mathlib.CategoryTheory.Limits.Preserves.Shapes.Preorder:docInfo (3.1s)
✔ [19143/22659] Built mathlib/Mathlib.AlgebraicTopology.ModelCategory.Homotopy:docInfo (3.4s)
✔ [19144/22659] Built mathlib/Mathlib.AlgebraicTopology.SimplicialSet.StrictSegal:docInfo (3.8s)
✔ [19145/22659] Built mathlib/Mathlib.AlgebraicTopology.SimplicialCategory.Basic:docInfo (3.6s)
✔ [19146/22659] Built mathlib/Mathlib.AlgebraicTopology.SimplicialSet.ProdStdSimplex:docInfo (3.0s)
✔ [19147/22659] Built mathlib/Mathlib.AlgebraicTopology.SimplicialSet.PushoutProduct:docInfo (3.8s)
✔ [19148/22659] Built mathlib/Mathlib.AlgebraicTopology.SimplicialSet.RelativeMorphism:docInfo (3.7s)
✔ [19149/22659] Built mathlib/Mathlib.Topology.OpenPartialHomeomorph.Composition:docInfo (3.0s)
✔ [19150/22659] Built mathlib/Mathlib.Topology.Algebra.Order.Module:docInfo (2.7s)
✔ [19151/22659] Built mathlib/Mathlib.CategoryTheory.Limits.Indization.IndObject:docInfo (2.9s)
✔ [19152/22659] Built mathlib/Mathlib.CategoryTheory.Abelian.Pseudoelements:docInfo (3.9s)
✔ [19153/22659] Built mathlib/Mathlib.CategoryTheory.Abelian.SerreClass.MorphismProperty:docInfo (3.4s)
✔ [19154/22659] Built mathlib/Mathlib.CategoryTheory.Abelian.ShortExact:docInfo (3.4s)
✔ [19155/22659] Built mathlib/Mathlib.CategoryTheory.Abelian.Subcategory:docInfo (3.6s)
✔ [19156/22659] Built mathlib/Mathlib.CategoryTheory.Action.Continuous:docInfo (3.2s)
✔ [19157/22659] Built mathlib/Mathlib.CategoryTheory.Enriched.Limits.HasConicalTerminal:docInfo (3.2s)
✔ [19158/22659] Built mathlib/Mathlib.CategoryTheory.GuitartExact.Quotient:docInfo (3.3s)
✔ [19159/22659] Built mathlib/Mathlib.CategoryTheory.Limits.Shapes.Pullback.EquifiberedLimits:docInfo (2.0s)
✔ [19160/22659] Built mathlib/Mathlib.CategoryTheory.Noetherian:docInfo (2.8s)
✔ [19161/22659] Built mathlib/Mathlib.CategoryTheory.Presentable.Directed:docInfo (3.1s)
✔ [19162/22659] Built mathlib/Mathlib.Topology.Category.CompHausLike.Cartesian:docInfo (3.2s)
✔ [19163/22659] Built mathlib/Mathlib.Data.Nat.Choose.Lucas:docInfo (3.9s)
✔ [19164/22659] Built mathlib/Mathlib.Dynamics.Transitive:docInfo (3.2s)
✔ [19165/22659] Built mathlib/Mathlib.ModelTheory.Algebra.Ring.FreeCommRing:docInfo (3.4s)
✔ [19166/22659] Built mathlib/Mathlib.RingTheory.MvPolynomial.FreeCommRing:docInfo (3.4s)
✔ [19167/22659] Built mathlib/Mathlib.GroupTheory.SpecificGroups.Alternating.Simple:docInfo (3.5s)
✔ [19168/22659] Built mathlib/Mathlib.RingTheory.TensorProduct.IsBaseChangeFree:docInfo (3.5s)
✔ [19169/22659] Built mathlib/Mathlib.LinearAlgebra.FreeModule.Int:docInfo (3.7s)
✔ [19170/22659] Built mathlib/Mathlib.LinearAlgebra.FreeModule.ModN:docInfo (3.0s)
✔ [19171/22659] Built mathlib/Mathlib.Topology.Baire.LocallyCompactRegular:docInfo (2.0s)
✔ [19172/22659] Built mathlib/Mathlib.RingTheory.Ideal.NatInt:docInfo (3.6s)
✔ [19173/22659] Built mathlib/Mathlib.RingTheory.DividedPowerAlgebra.Init:docInfo (3.5s)
✔ [19174/22659] Built mathlib/Mathlib.RingTheory.DividedPowers.DPMorphism:docInfo (3.5s)
✔ [19175/22659] Built mathlib/Mathlib.RingTheory.DividedPowers.RatAlgebra:docInfo (3.5s)
✔ [19176/22659] Built mathlib/Mathlib.RingTheory.PowerSeries.Binomial:docInfo (3.7s)
✔ [19177/22659] Built mathlib/Mathlib.RingTheory.HopfAlgebra.MonoidAlgebra:docInfo (3.4s)
✔ [19178/22659] Built mathlib/Mathlib.RingTheory.KrullDimension.Field:docInfo (3.5s)
✔ [19179/22659] Built mathlib/Mathlib.RingTheory.MvPolynomial.Symmetric.FundamentalTheorem:docInfo (3.6s)
✔ [19180/22659] Built mathlib/Mathlib.RingTheory.MvPolynomial.Symmetric.NewtonIdentities:docInfo (3.2s)
✔ [19181/22659] Built mathlib/Mathlib.RingTheory.Polynomial.IrreducibleRing:docInfo (4.2s)
✔ [19182/22659] Built mathlib/Mathlib.RingTheory.Regular.Free:docInfo (3.6s)
✔ [19183/22659] Built mathlib/Mathlib.Tactic.ReduceModChar:docInfo (4.1s)
✔ [19184/22659] Built mathlib/Mathlib.Topology.Sets.VietorisTopology:docInfo (3.1s)
✔ [19187/22661] Built mathlib/Mathlib.Algebra.AffineMonoid.Embedding:docInfo (3.8s)
✔ [19188/22661] Built mathlib/Mathlib.LinearAlgebra.Dimension.Constructions:docInfo (3.0s)
✔ [19189/22661] Built mathlib/Mathlib.LinearAlgebra.FiniteDimensional.Defs:docInfo (3.8s)
✔ [19190/22661] Built mathlib/Mathlib.RingTheory.Adjoin.FG:docInfo (3.8s)
✔ [19191/22661] Built mathlib/Mathlib.Algebra.Polynomial.Expand:docInfo (3.8s)
✔ [19192/22661] Built mathlib/Mathlib.Algebra.Polynomial.Roots:docInfo (4.2s)
✔ [19193/22661] Built mathlib/Mathlib.Algebra.Category.BialgCat.Basic:docInfo (3.8s)
✔ [19194/22661] Built mathlib/Mathlib.RingTheory.Bialgebra.TensorProduct:docInfo (3.6s)
✔ [19195/22661] Built mathlib/Mathlib.Algebra.Category.Ring.Constructions:docInfo (4.1s)
✔ [19196/22661] Built mathlib/Mathlib.Topology.Algebra.Monoid:docInfo (3.4s)
✔ [19197/22661] Built mathlib/Mathlib.Algebra.Homology.Additive:docInfo (3.3s)
✔ [19198/22661] Built mathlib/Mathlib.Topology.UniformSpace.Pi:docInfo (3.0s)
✔ [19199/22661] Built mathlib/Mathlib.Topology.UniformSpace.LocallyUniformConvergence:docInfo (2.0s)
✔ [19200/22661] Built mathlib/Mathlib.Algebra.Homology.ShortComplex.ExactFunctor:docInfo (3.4s)
✔ [19201/22661] Built mathlib/Mathlib.Topology.UniformSpace.CompleteSeparated:docInfo (2.9s)
✔ [19202/22661] Built mathlib/Mathlib.Algebra.Category.Grp.IsFinite:docInfo (4.2s)
✔ [19203/22661] Built mathlib/Mathlib.LinearAlgebra.Matrix.Adjugate:docInfo (3.8s)
✔ [19204/22661] Built mathlib/Mathlib.Algebra.Module.SpanRank:docInfo (3.9s)
✔ [19205/22661] Built mathlib/Mathlib.Algebra.Polynomial.Taylor:docInfo (3.9s)
✔ [19206/22661] Built mathlib/Mathlib.RingTheory.Ideal.MinimalPrime.Localization:docInfo (3.7s)
✔ [19207/22661] Built mathlib/Mathlib.Topology.Spectral.Prespectral:docInfo (2.9s)
✔ [19208/22661] Built mathlib/Mathlib.Algebra.Homology.HomologicalComplexLimits:docInfo (2.9s)
✔ [19209/22661] Built mathlib/Mathlib.CategoryTheory.Localization.Triangulated:docInfo (4.1s)
✔ [19210/22661] Built mathlib/Mathlib.CategoryTheory.Filtered.FinallySmall:docInfo (2.7s)
✔ [19211/22661] Built mathlib/Mathlib.Algebra.Category.ModuleCat.Presheaf.Pullback:docInfo (4.4s)
✔ [19212/22661] Built mathlib/Mathlib.CategoryTheory.Presentable.Basic:docInfo (2.9s)
✔ [19213/22661] Built mathlib/Mathlib.CategoryTheory.Limits.Constructions.Over.Basic:docInfo (2.9s)
✔ [19214/22661] Built mathlib/Mathlib.Algebra.CharP.MixedCharZero:docInfo (3.6s)
✔ [19215/22661] Built mathlib/Mathlib.Algebra.Colimit.Ring:docInfo (4.0s)
✔ [19216/22661] Built mathlib/Mathlib.Algebra.DualQuaternion:docInfo (3.8s)
✔ [19217/22661] Built mathlib/Mathlib.SetTheory.Cardinal.Free:docInfo (3.5s)
✔ [19218/22661] Built mathlib/Mathlib.Algebra.Homology.Augment:docInfo (3.2s)
✔ [19219/22661] Built mathlib/Mathlib.Algebra.Homology.TotalComplex:docInfo (3.9s)
✔ [19220/22661] Built mathlib/Mathlib.Algebra.Homology.Double:docInfo (3.5s)
✔ [19221/22661] Built mathlib/Mathlib.CategoryTheory.Localization.OfQuotient:docInfo (3.2s)
✔ [19222/22661] Built mathlib/Mathlib.CategoryTheory.Triangulated.SpectralObject:docInfo (4.1s)
✔ [19223/22661] Built mathlib/Mathlib.Algebra.Homology.SpectralObject.Cycles:docInfo (3.8s)
✔ [19224/22661] Built mathlib/Mathlib.Algebra.Lie.Subalgebra:docInfo (4.0s)
✔ [19225/22661] Built mathlib/Mathlib.RingTheory.Polynomial.Ideal:docInfo (4.1s)
✔ [19226/22661] Built mathlib/Mathlib.Dynamics.Newton:docInfo (4.2s)
✔ [19227/22661] Built mathlib/Mathlib.Algebra.Polynomial.Sequence:docInfo (3.9s)
✔ [19228/22661] Built mathlib/Mathlib.RingTheory.FiniteLength:docInfo (3.5s)
✔ [19229/22661] Built mathlib/Mathlib.Algebra.MvPolynomial.PDeriv:docInfo (3.9s)
✔ [19230/22661] Built mathlib/Mathlib.Algebra.Module.Presentation.Finite:docInfo (3.5s)
✔ [19231/22661] Built mathlib/Mathlib.RingTheory.Localization.Finiteness:docInfo (3.8s)
✔ [19232/22661] Built mathlib/Mathlib.RingTheory.Ideal.AssociatedPrime.Basic:docInfo (3.8s)
✔ [19233/22661] Built mathlib/Mathlib.Algebra.QuadraticAlgebra.Basic:docInfo (3.0s)
✔ [19234/22661] Built mathlib/Mathlib.Algebra.QuaternionBasis:docInfo (3.8s)
✔ [19235/22661] Built mathlib/Mathlib.RingTheory.Artinian.Ring:docInfo (3.5s)
✔ [19236/22661] Built mathlib/Mathlib.RingTheory.LocalRing.LocalSubring:docInfo (3.8s)
✔ [19341/22764] Built mathlib/Mathlib.RingTheory.Adjoin.Tower:docInfo (3.9s)
✔ [19342/22764] Built mathlib/Mathlib.Algebra.Polynomial.FieldDivision:docInfo (4.4s)
✔ [19343/22764] Built mathlib/Mathlib.RingTheory.Adjoin.FGBaseChange:docInfo (3.9s)
✔ [19344/22764] Built mathlib/Mathlib.Algebra.Category.BialgCat.Monoidal:docInfo (3.9s)
✔ [19345/22764] Built mathlib/Mathlib.Algebra.Category.Ring.Under.Basic:docInfo (3.8s)
✔ [19346/22764] Built mathlib/Mathlib.RingTheory.RingHomProperties:docInfo (3.7s)
✔ [19347/22764] Built mathlib/Mathlib.RingTheory.Bialgebra.Convolution:docInfo (3.9s)
✔ [19348/22764] Built mathlib/Mathlib.RingTheory.HopfAlgebra.TensorProduct:docInfo (3.9s)
✔ [19349/22764] Built mathlib/Mathlib.Topology.Algebra.Group.Basic:docInfo (3.9s)
✔ [19350/22764] Built mathlib/Mathlib.Algebra.Homology.Embedding.Restriction:docInfo (3.8s)
✔ [19351/22764] Built mathlib/Mathlib.Algebra.Homology.Linear:docInfo (3.8s)
✔ [19352/22764] Built mathlib/Mathlib.Algebra.Homology.ShortComplex.HomologicalComplex:docInfo (4.5s)
✔ [19353/22764] Built mathlib/Mathlib.Topology.UniformSpace.Equiv:docInfo (3.3s)
✔ [19354/22764] Built mathlib/Mathlib.Topology.UniformSpace.UniformApproximation:docInfo (2.9s)
✔ [19355/22764] Built mathlib/Mathlib.CategoryTheory.Abelian.GrothendieckAxioms.Basic:docInfo (3.9s)
✔ [19356/22764] Built mathlib/Mathlib.Topology.Algebra.GroupWithZero:docInfo (3.7s)
✔ [19357/22764] Built mathlib/Mathlib.Algebra.Category.HopfAlgCat.Basic:docInfo (4.1s)
✔ [19358/22764] Built mathlib/Mathlib.Algebra.Homology.ShortComplex.ConcreteCategory:docInfo (4.6s)
✔ [19359/22764] Built mathlib/Mathlib.RingTheory.LocalProperties.Submodule:docInfo (3.8s)
✔ [19360/22764] Built mathlib/Mathlib.RingTheory.Localization.LocalizationLocalization:docInfo (3.7s)
✔ [19361/22764] Built mathlib/Mathlib.RingTheory.IntegralClosure.IsIntegral.Basic:docInfo (4.0s)
✔ [19362/22764] Built mathlib/Mathlib.RingTheory.SurjectiveOnStalks:docInfo (3.7s)
✔ [19363/22764] Built mathlib/Mathlib.Topology.Constructible:docInfo (2.0s)
✔ [19364/22764] Built mathlib/Mathlib.Topology.Spectral.Basic:docInfo (3.1s)
✔ [19365/22764] Built mathlib/Mathlib.Algebra.Homology.HomologicalComplexAbelian:docInfo (3.6s)
✔ [19366/22764] Built mathlib/Mathlib.Algebra.Homology.HomologicalComplexBiprod:docInfo (3.8s)
✔ [19367/22764] Built mathlib/Mathlib.CategoryTheory.Triangulated.Subcategory:docInfo (4.3s)
✔ [19368/22764] Built mathlib/Mathlib.LinearAlgebra.Matrix.Nondegenerate:docInfo (3.6s)
✔ [19369/22764] Built mathlib/Mathlib.RingTheory.IntegralDomain:docInfo (3.4s)
✔ [19370/22764] Built mathlib/Mathlib.Algebra.Category.ModuleCat.Presheaf.ColimitFunctor:docInfo (4.6s)
✔ [19371/22764] Built mathlib/Mathlib.CategoryTheory.Sites.LeftExact:docInfo (3.2s)
✔ [19372/22764] Built mathlib/Mathlib.CategoryTheory.Presentable.Finite:docInfo (3.9s)
✔ [19373/22764] Built mathlib/Mathlib.CategoryTheory.Limits.MorphismProperty:docInfo (3.6s)
✔ [19374/22764] Built mathlib/Mathlib.Algebra.FreeAlgebra.Cardinality:docInfo (3.5s)
✔ [19375/22764] Built mathlib/Mathlib.AlgebraicTopology.AlternatingFaceMapComplex:docInfo (3.0s)
✔ [19376/22764] Built mathlib/Mathlib.Algebra.Homology.Bifunctor:docInfo (4.4s)
✔ [19377/22764] Built mathlib/Mathlib.Algebra.Homology.TotalComplexSymmetry:docInfo (4.2s)
✔ [19378/22764] Built mathlib/Mathlib.CategoryTheory.Generator.HomologicalComplex:docInfo (3.2s)
✔ [19379/22764] Built mathlib/Mathlib.Algebra.Homology.SpectralObject.Page:docInfo (4.6s)
✔ [19380/22764] Built mathlib/Mathlib.RingTheory.Polynomial.Quotient:docInfo (4.7s)
✔ [19381/22764] Built mathlib/Mathlib.RingTheory.Polynomial.Chebyshev:docInfo (4.4s)
✔ [19382/22764] Built mathlib/Mathlib.RingTheory.MvPolynomial.Homogeneous:docInfo (4.5s)
✔ [19383/22764] Built mathlib/Mathlib.RingTheory.Ideal.AssociatedPrime.Finiteness:docInfo (3.7s)
✔ [19384/22764] Built mathlib/Mathlib.Topology.EMetricSpace.Basic:docInfo (3.7s)
✔ [19385/22764] Built mathlib/Mathlib.Topology.Metrizable.Basic:docInfo (3.1s)
✔ [19386/22764] Built mathlib/Mathlib.Topology.Algebra.Monoid.FunOnFinite:docInfo (3.6s)
✔ [19387/22764] Built mathlib/Mathlib.Topology.Algebra.Group.Torsor:docInfo (3.6s)
✔ [19388/22764] Built mathlib/Mathlib.Algebra.MvPolynomial.Funext:docInfo (4.4s)
✔ [19389/22764] Built mathlib/Mathlib.Algebra.MvPolynomial.SchwartzZippel:docInfo (4.2s)
✔ [19390/22764] Built mathlib/Mathlib.Algebra.Polynomial.RuleOfSigns:docInfo (4.3s)
✔ [19391/22764] Built mathlib/Mathlib.Topology.Sets.CompactOpenCovered:docInfo (2.8s)
✔ [19392/22764] Built mathlib/Mathlib.CategoryTheory.Limits.Shapes.Preorder.TransfiniteCompositionOfShape:docInfo (3.6s)
✔ [19393/22764] Built mathlib/Mathlib.CategoryTheory.Idempotents.HomologicalComplex:docInfo (3.0s)
✔ [19394/22764] Built mathlib/Mathlib.AlgebraicTopology.ModelCategory.CofibrantObjectHomotopy:docInfo (3.2s)
✔ [19395/22764] Built mathlib/Mathlib.AlgebraicTopology.ModelCategory.FibrantObjectHomotopy:docInfo (3.2s)
✔ [19396/22764] Built mathlib/Mathlib.AlgebraicTopology.ModelCategory.Over:docInfo (3.6s)
✔ [19397/22764] Built mathlib/Mathlib.AlgebraicTopology.SimplicialCategory.SimplicialObject:docInfo (4.0s)
✔ [19398/22764] Built mathlib/Mathlib.AlgebraicTopology.SimplicialSet.Coskeletal:docInfo (3.8s)
✔ [19399/22764] Built mathlib/Mathlib.AlgebraicTopology.SimplicialNerve:docInfo (4.1s)
✔ [19400/22764] Built mathlib/Mathlib.AlgebraicTopology.SimplicialSet.Nonsingular:docInfo (3.6s)
✔ [19401/22764] Built mathlib/Mathlib.AlgebraicTopology.SimplicialSet.FiniteProd:docInfo (3.8s)
✔ [19402/22764] Built mathlib/Mathlib.CategoryTheory.Presentable.Limits:docInfo (3.6s)
✔ [19403/22764] Built mathlib/Mathlib.CategoryTheory.Presentable.Retracts:docInfo (3.9s)
✔ [19404/22764] Built mathlib/Mathlib.AlgebraicTopology.SimplicialSet.ProdStdSimplexOne:docInfo (3.9s)
✔ [19405/22764] Built mathlib/Mathlib.AlgebraicTopology.SimplicialSet.KanComplex.MulStruct:docInfo (3.1s)
✔ [19406/22764] Built mathlib/Mathlib.RingTheory.Polynomial.Bernstein:docInfo (4.4s)
✔ [19407/22764] Built mathlib/Mathlib.Topology.ApproximateUnit:docInfo (3.6s)
✔ [19408/22764] Built mathlib/Mathlib.Topology.OpenPartialHomeomorph.Constructions:docInfo (2.9s)
✔ [19409/22764] Built mathlib/Mathlib.Topology.IsLocalHomeomorph:docInfo (3.6s)
✔ [19410/22764] Built mathlib/Mathlib.Analysis.Convex.FunctionTopology:docInfo (3.7s)
✔ [19411/22764] Built mathlib/Mathlib.CategoryTheory.Abelian.Projective.Basic:docInfo (4.0s)
✔ [19412/22764] Built mathlib/Mathlib.CategoryTheory.Limits.Indization.FilteredColimits:docInfo (3.6s)
✔ [19413/22764] Built mathlib/Mathlib.CategoryTheory.Limits.Indization.ParallelPair:docInfo (3.5s)
✔ [19414/22764] Built mathlib/Mathlib.CategoryTheory.Limits.Indization.LocallySmall:docInfo (3.5s)
✔ [19415/22764] Built mathlib/Mathlib.CategoryTheory.Abelian.Injective.Basic:docInfo (4.3s)
✔ [19416/22764] Built mathlib/Mathlib.CategoryTheory.Abelian.SerreClass.Bousfield:docInfo (3.8s)
✔ [19417/22764] Built mathlib/Mathlib.CategoryTheory.Abelian.SerreClass.Localization:docInfo (3.0s)
✔ [19418/22764] Built mathlib/Mathlib.CategoryTheory.Adhesive:docInfo (3.1s)
✔ [19419/22764] Built mathlib/Mathlib.CategoryTheory.Adhesive.Over:docInfo (3.2s)
✔ [19420/22764] Built mathlib/Mathlib.CategoryTheory.Adhesive.Subobject:docInfo (3.0s)
✔ [19421/22764] Built mathlib/Mathlib.CategoryTheory.Presentable.Type:docInfo (3.5s)
✔ [19422/22764] Built mathlib/Mathlib.CategoryTheory.RegularCategory.Basic:docInfo (3.3s)
✔ [19423/22764] Built mathlib/Mathlib.CategoryTheory.Sites.Coherent.CoherentSheaves:docInfo (3.3s)
✔ [19424/22764] Built mathlib/Mathlib.CategoryTheory.Sites.Coherent.Comparison:docInfo (2.8s)
✔ [19425/22764] Built mathlib/Mathlib.CategoryTheory.Sites.Coherent.ExtensiveSheaves:docInfo (3.2s)
✔ [19426/22764] Built mathlib/Mathlib.CategoryTheory.Sites.Coherent.RegularSheaves:docInfo (3.2s)
✔ [19427/22764] Built mathlib/Mathlib.CategoryTheory.Sites.Coherent.ExtensiveTopology:docInfo (3.1s)
✔ [19428/22764] Built mathlib/Mathlib.Topology.Category.CompHausLike.SigmaComparison:docInfo (3.1s)
✔ [19429/22764] Built mathlib/Mathlib.Dynamics.Flow:docInfo (3.6s)
✔ [19430/22764] Built mathlib/Mathlib.RingTheory.Algebraic.Cardinality:docInfo (4.1s)
✔ [19431/22764] Built mathlib/Mathlib.ModelTheory.Algebra.Field.CharP:docInfo (3.9s)
✔ [19432/22764] Built mathlib/Mathlib.LinearAlgebra.LinearIndependent.BaseChange:docInfo (3.5s)
✔ [19433/22764] Built mathlib/Mathlib.ModelTheory.Topology.Types:docInfo (3.2s)
✔ [19434/22764] Built mathlib/Mathlib.RingTheory.DividedPowers.SubDPIdeal:docInfo (3.8s)
✔ [19435/22764] Built mathlib/Mathlib.RingTheory.HahnSeries.Binomial:docInfo (4.0s)
✔ [19436/22764] Built mathlib/Mathlib.RingTheory.Henselian:docInfo (4.7s)
✔ [19437/22764] Built mathlib/Mathlib.RingTheory.Lasker:docInfo (3.4s)
✔ [19438/22764] Built mathlib/Mathlib.RingTheory.Polynomial.HilbertPoly:docInfo (4.3s)
✔ [19439/22764] Built mathlib/Mathlib.RingTheory.TensorProduct.DirectLimitFG:docInfo (3.9s)
✔ [19440/22764] Built mathlib/Mathlib.Topology.Algebra.Group.Units:docInfo (3.6s)
✔ [19441/22764] Built mathlib/Mathlib.Topology.Algebra.Star.Unitary:docInfo (3.8s)
✔ [19442/22764] Built mathlib/Mathlib.Topology.UniformSpace.Closeds:docInfo (3.2s)
✔ [19443/22764] Built mathlib/Mathlib.Topology.UniformSpace.Ultra.Constructions:docInfo (3.1s)
✔ [19532/22853] Built mathlib/Mathlib.Algebra.AffineMonoid.UniqueSums:docInfo (4.0s)
✔ [19533/22853] Built mathlib/Mathlib.LinearAlgebra.Dimension.Finite:docInfo (4.2s)
✔ [19534/22853] Built mathlib/Mathlib.LinearAlgebra.Dimension.FreeAndStrongRankCondition:docInfo (4.1s)
✔ [19535/22853] Built mathlib/Mathlib.Algebra.BrauerGroup.Defs:docInfo (4.4s)
✔ [19536/22853] Built mathlib/Mathlib.Topology.Algebra.IsUniformGroup.Defs:docInfo (3.5s)
✔ [19537/22853] Built mathlib/Mathlib.Topology.Algebra.Group.Pointwise:docInfo (3.1s)
✔ [19538/22853] Built mathlib/Mathlib.Topology.Algebra.Group.GroupTopology:docInfo (3.0s)
✔ [19539/22853] Built mathlib/Mathlib.LinearAlgebra.Dimension.ErdosKaplansky:docInfo (3.0s)
✔ [19540/22853] Built mathlib/Mathlib.RingTheory.LocalProperties.Exactness:docInfo (3.6s)
✔ [19541/22853] Built mathlib/Mathlib.RingTheory.Localization.AsSubring:docInfo (3.5s)
✔ [19542/22853] Built mathlib/Mathlib.CategoryTheory.Sites.LocallyInjective:docInfo (3.7s)
✔ [19543/22853] Built mathlib/Mathlib.Algebra.Homology.BifunctorAssociator:docInfo (4.5s)
✔ [19544/22853] Built mathlib/Mathlib.Algebra.Homology.BifunctorFlip:docInfo (3.5s)
✔ [19545/22853] Built mathlib/Mathlib.CategoryTheory.Triangulated.Orthogonal:docInfo (3.8s)
✔ [19546/22853] Built mathlib/Mathlib.Algebra.Homology.EulerCharacteristic:docInfo (3.8s)
✔ [19547/22853] Built mathlib/Mathlib.Algebra.Homology.SpectralObject.Differentials:docInfo (3.4s)
✔ [19548/22853] Built mathlib/Mathlib.Algebra.Homology.SpectralSequence.Basic:docInfo (3.2s)
✔ [19549/22853] Built mathlib/Mathlib.Algebra.Lie.Submodule:docInfo (4.2s)
✔ [19550/22853] Built mathlib/Mathlib.RingTheory.Artinian.Instances:docInfo (4.2s)
✔ [19551/22853] Built mathlib/Mathlib.RingTheory.Adjoin.Dimension:docInfo (4.1s)
✔ [19552/22853] Built mathlib/Mathlib.RingTheory.Length:docInfo (3.4s)
✔ [19553/22853] Built mathlib/Mathlib.RingTheory.Jacobson.Polynomial:docInfo (3.6s)
✔ [19554/22853] Built mathlib/Mathlib.Algebra.LinearRecurrence:docInfo (4.2s)
✔ [19555/22853] Built mathlib/Mathlib.Topology.EMetricSpace.Pi:docInfo (3.2s)
✔ [19556/22853] Built mathlib/Mathlib.Topology.MetricSpace.Pseudo.Basic:docInfo (3.3s)
✔ [19557/22853] Built mathlib/Mathlib.Topology.MetricSpace.Cauchy:docInfo (3.3s)
✔ [19558/22853] Built mathlib/Mathlib.Topology.GDelta.MetrizableSpace:docInfo (2.0s)
✔ [19559/22853] Built mathlib/Mathlib.Topology.Sequences:docInfo (3.0s)
✔ [19560/22853] Built mathlib/Mathlib.Topology.UniformSpace.AbstractCompletion:docInfo (2.8s)
✔ [19561/22853] Built mathlib/Mathlib.Topology.Algebra.Affine:docInfo (3.5s)
✔ [19562/22853] Built mathlib/Mathlib.Algebra.Polynomial.Degree.CardPowDegree:docInfo (3.7s)
✔ [19563/22853] Built mathlib/Mathlib.Algebra.Polynomial.SpecificDegree:docInfo (3.4s)
✔ [19564/22853] Built mathlib/Mathlib.CategoryTheory.Sites.Pullback:docInfo (3.4s)
✔ [19565/22853] Built mathlib/Mathlib.Topology.Algebra.WithZeroTopology:docInfo (2.0s)
✔ [19566/22853] Built mathlib/Mathlib.CategoryTheory.Abelian.GrothendieckAxioms.Types:docInfo (3.4s)
✔ [19567/22853] Built mathlib/Mathlib.CategoryTheory.Abelian.GrothendieckAxioms.FunctorCategory:docInfo (3.4s)
✔ [19568/22853] Built mathlib/Mathlib.CategoryTheory.Abelian.GrothendieckAxioms.Colim:docInfo (3.4s)
✔ [19569/22853] Built mathlib/Mathlib.CategoryTheory.MorphismProperty.TransfiniteComposition:docInfo (3.2s)
✔ [19570/22853] Built mathlib/Mathlib.AlgebraicTopology.DoldKan.Notations:docInfo (3.1s)
✔ [19571/22853] Built mathlib/Mathlib.AlgebraicTopology.ModelCategory.BifibrantObjectHomotopy:docInfo (2.8s)
✔ [19572/22853] Built mathlib/Mathlib.AlgebraicTopology.ModelCategory.DerivabilityStructureCofibrant:docInfo (2.6s)
✔ [19573/22853] Built mathlib/Mathlib.AlgebraicTopology.ModelCategory.DerivabilityStructureFibrant:docInfo (2.5s)
✔ [19574/22853] Built mathlib/Mathlib.AlgebraicTopology.SimplicialSet.HomotopyCat:docInfo (3.8s)
✔ [19575/22853] Built mathlib/Mathlib.AlgebraicTopology.SimplicialSet.AnodyneExtensions.PairingCore:docInfo (3.2s)
✔ [19576/22853] Built mathlib/Mathlib.CategoryTheory.Presentable.CardinalFilteredPresentation:docInfo (3.4s)
✔ [19577/22853] Built mathlib/Mathlib.AlgebraicTopology.SimplicialSet.Homology.Basic:docInfo (3.5s)
✔ [19578/22853] Built mathlib/Mathlib.AlgebraicTopology.SimplicialSet.Homotopy:docInfo (3.2s)
✔ [19579/22853] Built mathlib/Mathlib.Topology.FiberBundle.Trivialization:docInfo (3.7s)
✔ [19580/22853] Built mathlib/Mathlib.Topology.EMetricSpace.Paracompact:docInfo (3.2s)
✔ [19581/22853] Built mathlib/Mathlib.LinearAlgebra.Basis.MulOpposite:docInfo (4.0s)
✔ [19582/22853] Built mathlib/Mathlib.Topology.Algebra.Order.LiminfLimsup:docInfo (3.5s)
✔ [19583/22853] Built mathlib/Mathlib.CategoryTheory.Abelian.Yoneda:docInfo (4.1s)
✔ [19584/22853] Built mathlib/Mathlib.CategoryTheory.Limits.Indization.Equalizers:docInfo (2.7s)
✔ [19585/22853] Built mathlib/Mathlib.CategoryTheory.Limits.Indization.Products:docInfo (2.0s)
✔ [19586/22853] Built mathlib/Mathlib.CategoryTheory.Abelian.GrothendieckAxioms.Connected:docInfo (3.3s)
✔ [19587/22853] Built mathlib/Mathlib.CategoryTheory.Galois.Topology:docInfo (3.9s)
✔ [19588/22853] Built mathlib/Mathlib.CategoryTheory.Presentable.ColimitPresentation:docInfo (3.2s)
✔ [19589/22853] Built mathlib/Mathlib.CategoryTheory.ObjectProperty.FunctorCategory.PreservesLimits:docInfo (3.4s)
✔ [19590/22853] Built mathlib/Mathlib.CategoryTheory.Sites.Coherent.CoherentTopology:docInfo (3.1s)
✔ [19591/22853] Built mathlib/Mathlib.CategoryTheory.Sites.Coherent.RegularTopology:docInfo (3.3s)
✔ [19592/22853] Built mathlib/Mathlib.CategoryTheory.Sites.Coherent.ExtensiveColimits:docInfo (3.3s)
✔ [19593/22853] Built mathlib/Mathlib.CategoryTheory.Sites.RegularEpi:docInfo (3.4s)
✔ [19594/22853] Built mathlib/Mathlib.CategoryTheory.Sites.SheafCohomology.Cech:docInfo (3.2s)
✔ [19595/22853] Built mathlib/Mathlib.CategoryTheory.Triangulated.Generators:docInfo (3.6s)
✔ [19596/22853] Built mathlib/Mathlib.CategoryTheory.Triangulated.TStructure.TruncLTGE:docInfo (3.9s)
✔ [19597/22853] Built mathlib/Mathlib.Topology.Category.CompHausLike.EffectiveEpi:docInfo (3.4s)
✔ [19598/22853] Built mathlib/Mathlib.Dynamics.OmegaLimit:docInfo (3.1s)
✔ [19599/22853] Built mathlib/Mathlib.Topology.Algebra.Group.TopologicalAbelianization:docInfo (3.3s)
✔ [19600/22853] Built mathlib/Mathlib.LinearAlgebra.Dimension.Torsion.Basic:docInfo (3.9s)
✔ [19601/22853] Built mathlib/Mathlib.RingTheory.Polynomial.Radical:docInfo (3.9s)
✔ [19602/22853] Built mathlib/Mathlib.NumberTheory.LucasPrimality:docInfo (3.9s)
✔ [19603/22853] Built mathlib/Mathlib.NumberTheory.FrobeniusNumber:docInfo (4.2s)
✔ [19604/22853] Built mathlib/Mathlib.RingTheory.LocalProperties.FinitePresentation:docInfo (3.8s)
✔ [19605/22853] Built mathlib/Mathlib.RingTheory.LocalRing.MaximalIdeal.Square:docInfo (3.6s)
✔ [19606/22853] Built mathlib/Mathlib.RingTheory.SimpleModule.WedderburnArtin:docInfo (3.6s)
✔ [19607/22853] Built mathlib/Mathlib.Topology.Algebra.Group.SubmonoidClosure:docInfo (3.1s)
✔ [19608/22853] Built mathlib/Mathlib.Topology.LocallyFinsupp.Pushforward:docInfo (3.2s)
✔ [19609/22853] Built mathlib/Mathlib.Topology.Spectral.ConstructibleTopology:docInfo (3.1s)
✔ [19612/22857] Built mathlib/Mathlib.RingTheory.Polynomial.Content:docInfo (3.3s)
✔ [19613/22857] Built mathlib/Mathlib.Algebra.Homology.Homotopy:docInfo (3.9s)
✔ [19614/22857] Built mathlib/Mathlib.Topology.UniformSpace.UniformConvergenceTopology:docInfo (3.1s)
✔ [19615/22857] Built mathlib/Mathlib.CategoryTheory.Abelian.GrothendieckCategory.Basic:docInfo (3.4s)
✔ [19616/22857] Built mathlib/Mathlib.Algebra.Homology.ShortComplex.ModuleCat:docInfo (4.0s)
✔ [19617/22857] Built mathlib/Mathlib.Algebra.Polynomial.Splits:docInfo (4.2s)
✔ [19618/22857] Built mathlib/Mathlib.Algebra.Homology.HomologySequence:docInfo (3.4s)
✔ [19619/22857] Built mathlib/Mathlib.CategoryTheory.Triangulated.HomologicalFunctor:docInfo (3.8s)
✔ [19620/22857] Built mathlib/Mathlib.Algebra.Homology.Embedding.RestrictionHomology:docInfo (3.6s)
✔ [19621/22857] Built mathlib/Mathlib.Algebra.Homology.SingleHomology:docInfo (3.3s)
✔ [19622/22857] Built mathlib/Mathlib.Algebra.Homology.Refinements:docInfo (3.3s)
✔ [19623/22857] Built mathlib/Mathlib.Algebra.Homology.LeftResolution.Basic:docInfo (3.4s)
✔ [19668/22898] Built mathlib/Mathlib.RingTheory.RootsOfUnity.Basic:docInfo (4.0s)
✔ [19703/22932] Built mathlib/Mathlib.LinearAlgebra.FiniteDimensional.Basic:docInfo (4.1s)
✔ [19704/22932] Built mathlib/Mathlib.RingTheory.FiniteType:docInfo (4.2s)
✔ [19705/22932] Built mathlib/Mathlib.Algebra.Category.CommAlgCat.Basic:docInfo (4.2s)
✔ [19706/22932] Built mathlib/Mathlib.RingTheory.HopfAlgebra.Convolution:docInfo (3.9s)
✔ [19707/22932] Built mathlib/Mathlib.Topology.Algebra.Group.Quotient:docInfo (3.8s)
✔ [19708/22932] Built mathlib/Mathlib.Topology.Algebra.Ring.Basic:docInfo (3.6s)
✔ [19709/22932] Built mathlib/Mathlib.Topology.UniformSpace.CompactConvergence:docInfo (3.1s)
✔ [19710/22932] Built mathlib/Mathlib.LinearAlgebra.Dimension.RankNullity:docInfo (4.0s)
✔ [19711/22932] Built mathlib/Mathlib.Topology.UniformSpace.Equicontinuity:docInfo (2.0s)
✔ [19712/22932] Built mathlib/Mathlib.Topology.Algebra.IsUniformGroup.Constructions:docInfo (3.1s)
✔ [19713/22932] Built mathlib/Mathlib.Algebra.Category.HopfAlgCat.Monoidal:docInfo (3.5s)
✔ [19714/22932] Built mathlib/Mathlib.CategoryTheory.Sites.LocallySurjective:docInfo (3.5s)
✔ [19715/22932] Built mathlib/Mathlib.Algebra.Lie.OfAssociative:docInfo (4.0s)
✔ [19716/22932] Built mathlib/Mathlib.Algebra.Lie.Ideal:docInfo (3.9s)
✔ [19717/22932] Built mathlib/Mathlib.FieldTheory.Minpoly.Basic:docInfo (3.8s)
✔ [19718/22932] Built mathlib/Mathlib.FieldTheory.Finiteness:docInfo (3.9s)
✔ [19719/22932] Built mathlib/Mathlib.LinearAlgebra.Reflection:docInfo (4.1s)
✔ [19720/22932] Built mathlib/Mathlib.RingTheory.DiscreteValuationRing.Basic:docInfo (4.1s)
✔ [19721/22932] Built mathlib/Mathlib.LinearAlgebra.Dimension.OrzechProperty:docInfo (3.9s)
✔ [19722/22932] Built mathlib/Mathlib.Topology.EMetricSpace.Diam:docInfo (3.5s)
✔ [19723/22932] Built mathlib/Mathlib.Topology.Algebra.InfiniteSum.Group:docInfo (3.8s)
✔ [19724/22932] Built mathlib/Mathlib.Topology.MetricSpace.Pseudo.Pi:docInfo (3.7s)
✔ [19725/22932] Built mathlib/Mathlib.Topology.UniformSpace.Real:docInfo (3.7s)
✔ [19726/22932] Built mathlib/Mathlib.Topology.UniformSpace.Completion:docInfo (3.2s)
✔ [19727/22932] Built mathlib/Mathlib.Analysis.Convex.Strict:docInfo (4.0s)
✔ [19728/22932] Built mathlib/Mathlib.Topology.Algebra.Group.Compact:docInfo (3.7s)
✔ [19729/22932] Built mathlib/Mathlib.Algebra.MvPolynomial.Nilpotent:docInfo (4.4s)
✔ [19730/22932] Built mathlib/Mathlib.RingTheory.MvPolynomial.MonomialOrder:docInfo (4.5s)
✔ [19731/22932] Built mathlib/Mathlib.Algebra.Polynomial.Homogenize:docInfo (4.3s)
✔ [19732/22932] Built mathlib/Mathlib.Topology.Algebra.IsUniformGroup.Order:docInfo (3.1s)
✔ [19733/22932] Built mathlib/Mathlib.RingTheory.RingHom.Injective:docInfo (4.1s)
✔ [19734/22932] Built mathlib/Mathlib.Topology.Semicontinuity.Hemicontinuity:docInfo (3.3s)
✔ [19735/22932] Built mathlib/Mathlib.Analysis.Complex.IsIntegral:docInfo (3.7s)
✔ [19736/22932] Built mathlib/Mathlib.Analysis.Convex.Extrema:docInfo (3.7s)
✔ [19737/22932] Built mathlib/Mathlib.Topology.Algebra.Order.UpperLower:docInfo (3.8s)
✔ [19738/22932] Built mathlib/Mathlib.CategoryTheory.Sites.Coherent.ReflectsPreregular:docInfo (3.2s)
✔ [19739/22932] Built mathlib/Mathlib.Topology.Category.Sequential:docInfo (3.5s)
✔ [19740/22932] Built mathlib/Mathlib.LinearAlgebra.Dimension.Torsion.Finite:docInfo (4.1s)
✔ [19741/22932] Built mathlib/Mathlib.RingTheory.Artinian.Algebra:docInfo (3.7s)
✔ [19742/22932] Built mathlib/Mathlib.RingTheory.MvPolynomial.EulerIdentity:docInfo (4.5s)
✔ [19743/22932] Built mathlib/Mathlib.RingTheory.Polynomial.Dickson:docInfo (3.8s)
✔ [19744/22932] Built mathlib/Mathlib.Topology.Algebra.Group.OpenMapping:docInfo (3.7s)
✔ [19745/22932] Built mathlib/Mathlib.Topology.Compactness.CountablyCompact:docInfo (3.2s)
✔ [19747/22934] Built mathlib/Mathlib.Algebra.Homology.QuasiIso:docInfo (3.3s)
✔ [19748/22934] Built mathlib/Mathlib.Algebra.Category.Grp.AB:docInfo (5.2s)
✔ [19749/22934] Built mathlib/Mathlib.Algebra.Category.ModuleCat.Biproducts:docInfo (4.8s)
✔ [19750/22934] Built mathlib/Mathlib.Algebra.Category.ModuleCat.ChangeOfRingsExact:docInfo (4.9s)
✔ [19751/22934] Built mathlib/Mathlib.Algebra.Homology.HomotopyCategory.HomComplex:docInfo (4.4s)
✔ [19752/22934] Built mathlib/Mathlib.Algebra.Homology.HomotopyCofiber:docInfo (4.0s)
✔ [19753/22934] Built mathlib/Mathlib.Algebra.Homology.HomotopyCategory:docInfo (3.4s)
✔ [19754/22934] Built mathlib/Mathlib.CategoryTheory.Triangulated.Opposite.Pretriangulated:docInfo (4.3s)
✔ [19755/22934] Built mathlib/Mathlib.Algebra.Category.ModuleCat.Free:docInfo (5.1s)
✔ [19756/22934] Built mathlib/Mathlib.Algebra.Category.ModuleCat.Localization:docInfo (4.6s)
✔ [19757/22934] Built mathlib/Mathlib.Algebra.Category.ModuleCat.Ulift:docInfo (4.9s)
✔ [19758/22934] Built mathlib/Mathlib.AlgebraicTopology.ExtraDegeneracy:docInfo (3.9s)
✔ [19759/22934] Built mathlib/Mathlib.Algebra.Homology.BifunctorHomotopy:docInfo (4.2s)
✔ [19760/22934] Built mathlib/Mathlib.Algebra.Homology.GrothendieckAbelian:docInfo (4.2s)
✔ [19761/22934] Built mathlib/Mathlib.Algebra.Homology.LeftResolution.Transport:docInfo (3.3s)
✔ [19762/22934] Built mathlib/Mathlib.Algebra.Homology.Monoidal:docInfo (4.3s)
✔ [19763/22934] Built mathlib/Mathlib.Algebra.Homology.SpectralObject.EpiMono:docInfo (4.5s)
✔ [19764/22934] Built mathlib/Mathlib.CategoryTheory.Abelian.GrothendieckCategory.Subobject:docInfo (4.5s)
✔ [19765/22934] Built mathlib/Mathlib.CategoryTheory.Abelian.GrothendieckCategory.Monomorphisms:docInfo (4.5s)
✔ [19766/22934] Built mathlib/Mathlib.CategoryTheory.SmallObject.TransfiniteIteration:docInfo (3.6s)
✔ [19767/22934] Built mathlib/Mathlib.CategoryTheory.SmallObject.TransfiniteCompositionLifting:docInfo (3.4s)
✔ [19768/22934] Built mathlib/Mathlib.AlgebraicTopology.RelativeCellComplex.Basic:docInfo (3.6s)
✔ [19769/22934] Built mathlib/Mathlib.AlgebraicTopology.DoldKan.Homotopies:docInfo (3.9s)
✔ [19770/22934] Built mathlib/Mathlib.AlgebraicTopology.ModelCategory.FundamentalLemma:docInfo (3.6s)
✔ [19771/22934] Built mathlib/Mathlib.CategoryTheory.MorphismProperty.FunctorCategory:docInfo (3.7s)
✔ [19772/22934] Built mathlib/Mathlib.AlgebraicTopology.SimplicialSet.HoFunctorMonoidal:docInfo (4.5s)
✔ [19773/22934] Built mathlib/Mathlib.AlgebraicTopology.SimplicialObject.ChainHomotopy:docInfo (3.0s)
✔ [19774/22934] Built mathlib/Mathlib.AlgebraicTopology.SimplicialSet.AnodyneExtensions.Rank:docInfo (4.4s)
✔ [19775/22934] Built mathlib/Mathlib.AlgebraicTopology.SimplicialSet.NerveAdjunction:docInfo (4.6s)
✔ [19776/22934] Built mathlib/Mathlib.CategoryTheory.Limits.Indization.Category:docInfo (3.8s)
✔ [19777/22934] Built mathlib/Mathlib.CategoryTheory.Localization.BousfieldTransfiniteComposition:docInfo (3.1s)
✔ [19778/22934] Built mathlib/Mathlib.CategoryTheory.Presentable.EssentiallyLarge:docInfo (4.4s)
✔ [19779/22934] Built mathlib/Mathlib.CategoryTheory.Triangulated.TStructure.TruncLEGT:docInfo (4.5s)
✔ [19780/22934] Built mathlib/Mathlib.RingTheory.Regular.Category:docInfo (4.6s)
✔ [19839/22991] Built mathlib/Mathlib.Algebra.Category.ModuleCat.LeftResolution:docInfo (3.8s)
✔ [19840/22991] Built mathlib/Mathlib.Algebra.Homology.Embedding.Connect:docInfo (3.6s)
✔ [19874/23024] Built mathlib/Mathlib.LinearAlgebra.FreeModule.StrongRankCondition:docInfo (4.3s)
✔ [19875/23024] Built mathlib/Mathlib.RingTheory.Polynomial.UniqueFactorization:docInfo (4.6s)
✔ [19876/23024] Built mathlib/Mathlib.RingTheory.Finiteness.Small:docInfo (4.5s)
✔ [19877/23024] Built mathlib/Mathlib.RingTheory.FinitePresentation:docInfo (4.4s)
✔ [19878/23024] Built mathlib/Mathlib.Algebra.Category.CommAlgCat.Monoidal:docInfo (4.3s)
✔ [19879/23024] Built mathlib/Mathlib.Topology.Algebra.Module.Basic:docInfo (4.5s)
✔ [19880/23024] Built mathlib/Mathlib.LinearAlgebra.Dimension.DivisionRing:docInfo (3.9s)
✔ [19881/23024] Built mathlib/Mathlib.Topology.UniformSpace.HeineCantor:docInfo (3.2s)
✔ [19882/23024] Built mathlib/Mathlib.Topology.Algebra.Field:docInfo (4.1s)
✔ [19883/23024] Built mathlib/Mathlib.Algebra.Category.ModuleCat.AB:docInfo (4.8s)
✔ [19884/23024] Built mathlib/Mathlib.RingTheory.EssentialFiniteness:docInfo (4.4s)
✔ [19885/23024] Built mathlib/Mathlib.LinearAlgebra.Matrix.NonsingularInverse:docInfo (4.4s)
✔ [19886/23024] Built mathlib/Mathlib.RingTheory.Polynomial.ScaleRoots:docInfo (5.1s)
✔ [19887/23024] Built mathlib/Mathlib.RingTheory.ReesAlgebra:docInfo (4.2s)
✔ [19888/23024] Built mathlib/Mathlib.CategoryTheory.Triangulated.Yoneda:docInfo (4.0s)
✔ [19889/23024] Built mathlib/Mathlib.LinearAlgebra.Matrix.SpecialLinearGroup:docInfo (5.0s)
✔ [19890/23024] Built mathlib/Mathlib.CategoryTheory.Sites.LocallyBijective:docInfo (3.4s)
✔ [19891/23024] Built mathlib/Mathlib.CategoryTheory.Sites.LocallyFullyFaithful:docInfo (3.5s)
✔ [19892/23024] Built mathlib/Mathlib.Algebra.Category.Ring.Topology:docInfo (5.1s)
✔ [19893/23024] Built mathlib/Mathlib.Algebra.CubicDiscriminant:docInfo (5.0s)
✔ [19894/23024] Built mathlib/Mathlib.RingTheory.Polynomial.Eisenstein.Criterion:docInfo (4.8s)
✔ [19895/23024] Built mathlib/Mathlib.Algebra.Homology.ConcreteCategory:docInfo (4.6s)
✔ [19896/23024] Built mathlib/Mathlib.Algebra.Homology.SpectralObject.Homology:docInfo (3.9s)
✔ [19897/23024] Built mathlib/Mathlib.Algebra.Jordan.Basic:docInfo (4.3s)
✔ [19898/23024] Built mathlib/Mathlib.Algebra.Lie.IdealOperations:docInfo (4.3s)
✔ [19899/23024] Built mathlib/Mathlib.Algebra.Lie.Derivation.Basic:docInfo (4.4s)
✔ [19900/23024] Built mathlib/Mathlib.Algebra.Lie.Quotient:docInfo (4.2s)
✔ [19901/23024] Built mathlib/Mathlib.Algebra.Lie.Prod:docInfo (4.3s)
✔ [19902/23024] Built mathlib/Mathlib.Algebra.Lie.DirectSum:docInfo (4.3s)
✔ [19903/23024] Built mathlib/Mathlib.Algebra.Lie.UniversalEnveloping:docInfo (4.5s)
✔ [19904/23024] Built mathlib/Mathlib.RingTheory.Finiteness.Quotient:docInfo (4.4s)
✔ [19905/23024] Built mathlib/Mathlib.Topology.EMetricSpace.Lipschitz:docInfo (4.1s)
✔ [19906/23024] Built mathlib/Mathlib.Topology.Algebra.InfiniteSum.NatInt:docInfo (4.6s)
✔ [19907/23024] Built mathlib/Mathlib.Topology.Algebra.InfiniteSum.Constructions:docInfo (4.6s)
✔ [19908/23024] Built mathlib/Mathlib.Topology.MetricSpace.ProperSpace:docInfo (3.8s)
✔ [19909/23024] Built mathlib/Mathlib.Topology.MetricSpace.Basic:docInfo (3.9s)
✔ [19910/23024] Built mathlib/Mathlib.Topology.MetricSpace.Pseudo.Real:docInfo (3.5s)
✔ [19911/23024] Built mathlib/Mathlib.Topology.Algebra.UniformMulAction:docInfo (4.2s)
✔ [19912/23024] Built mathlib/Mathlib.Topology.MetricSpace.Equicontinuity:docInfo (3.4s)
✔ [19913/23024] Built mathlib/Mathlib.Topology.Algebra.Ring.Ideal:docInfo (4.3s)
✔ [19914/23024] Built mathlib/Mathlib.Analysis.Oscillation:docInfo (3.0s)
✔ [19915/23024] Built mathlib/Mathlib.Algebra.MvPolynomial.Expand:docInfo (4.7s)
✔ [19916/23024] Built mathlib/Mathlib.RingTheory.MvPolynomial.MonomialOrder.DegLex:docInfo (4.5s)
✔ [19917/23024] Built mathlib/Mathlib.RingTheory.Localization.InvSubmonoid:docInfo (4.4s)
✔ [19918/23024] Built mathlib/Mathlib.Topology.Category.TopCommRingCat:docInfo (4.3s)
✔ [19919/23024] Built mathlib/Mathlib.RingTheory.Finiteness.FiniteTypeLocal:docInfo (4.5s)
✔ [19920/23024] Built mathlib/Mathlib.Topology.Algebra.OpenSubgroup:docInfo (4.6s)
✔ [19921/23024] Built mathlib/Mathlib.Topology.Instances.ENat:docInfo (3.0s)
✔ [19922/23024] Built mathlib/Mathlib.RingTheory.Polynomial.Vieta:docInfo (4.0s)
✔ [19923/23024] Built mathlib/Mathlib.RingTheory.PowerSeries.Inverse:docInfo (4.8s)
✔ [19924/23024] Built mathlib/Mathlib.RingTheory.GradedAlgebra.FiniteType:docInfo (4.9s)
✔ [19925/23024] Built mathlib/Mathlib.CategoryTheory.Abelian.GrothendieckCategory.ColimCoyoneda:docInfo (4.2s)
✔ [19926/23024] Built mathlib/Mathlib.CategoryTheory.SmallObject.IsCardinalForSmallObjectArgument:docInfo (3.7s)
✔ [19927/23024] Built mathlib/Mathlib.AlgebraicTopology.DoldKan.Faces:docInfo (4.2s)
✔ [19928/23024] Built mathlib/Mathlib.AlgebraicTopology.SimplicialSet.Skeleton:docInfo (3.9s)
✔ [19929/23024] Built mathlib/Mathlib.AlgebraicTopology.SimplicialSet.AnodyneExtensions.RankNat:docInfo (3.8s)
✔ [19930/23024] Built mathlib/Mathlib.AlgebraicTopology.SimplicialSet.AnodyneExtensions.RelativeCellComplex:docInfo (4.2s)
✔ [19931/23024] Built mathlib/Mathlib.CategoryTheory.Presentable.LocallyPresentable:docInfo (4.5s)
✔ [19932/23024] Built mathlib/Mathlib.AlgebraicTopology.SimplicialSet.AnodyneExtensions.UnionProd:docInfo (4.2s)
✔ [19933/23024] Built mathlib/Mathlib.AlgebraicTopology.SimplicialSet.Homology.HomologyZero:docInfo (4.0s)
✔ [19934/23024] Built mathlib/Mathlib.AlgebraicTopology.SimplicialSet.Homology.HomotopyInvariance:docInfo (4.5s)
✔ [19935/23024] Built mathlib/Mathlib.AlgebraicTopology.SimplicialSet.Monomorphisms:docInfo (3.6s)
✔ [19936/23024] Built mathlib/Mathlib.Topology.FiberBundle.Basic:docInfo (4.7s)
✔ [19937/23024] Built mathlib/Mathlib.Topology.Algebra.ProperAction.Basic:docInfo (4.3s)
✔ [19938/23024] Built mathlib/Mathlib.RingTheory.RootsOfUnity.PrimitiveRoots:docInfo (4.8s)
✔ [19939/23024] Built mathlib/Mathlib.Topology.Algebra.Group.ClosedSubgroup:docInfo (4.5s)
✔ [19940/23024] Built mathlib/Mathlib.CategoryTheory.Preadditive.Indization:docInfo (3.7s)
✔ [19941/23024] Built mathlib/Mathlib.CategoryTheory.Category.Cat.Colimit:docInfo (3.9s)
✔ [19942/23024] Built mathlib/Mathlib.CategoryTheory.Sites.Coherent.ReflectsPrecoherent:docInfo (4.4s)
✔ [19943/23024] Built mathlib/Mathlib.CategoryTheory.Triangulated.Opposite.Functor:docInfo (4.6s)
✔ [19944/23024] Built mathlib/Mathlib.CategoryTheory.Triangulated.Opposite.Subcategory:docInfo (4.5s)
✔ [19945/23024] Built mathlib/Mathlib.CategoryTheory.Triangulated.Opposite.Triangulated:docInfo (4.6s)
✔ [19946/23024] Built mathlib/Mathlib.CategoryTheory.Triangulated.TStructure.Induced:docInfo (4.5s)
✔ [19947/23024] Built mathlib/Mathlib.LinearAlgebra.Projectivization.Basic:docInfo (3.0s)
✔ [19948/23024] Built mathlib/Mathlib.RingTheory.MvPolynomial.Groebner:docInfo (4.7s)
✔ [19949/23024] Built mathlib/Mathlib.Topology.Algebra.Group.Extension:docInfo (4.5s)
✔ [19950/23024] Built mathlib/Mathlib.NumberTheory.FLT.MasonStothers:docInfo (4.8s)
✔ [19951/23024] Built mathlib/Mathlib.Topology.Algebra.Module.Compact:docInfo (4.5s)
✔ [19952/23024] Built mathlib/Mathlib.Topology.Algebra.RestrictedProduct.TopologicalSpace:docInfo (4.3s)
✔ [19953/23024] Built mathlib/Mathlib.RingTheory.MvPolynomial.Ideal:docInfo (4.9s)
✔ [19954/23024] Built mathlib/Mathlib.RingTheory.Polynomial.ContentIdeal:docInfo (4.9s)
✔ [19955/23024] Built mathlib/Mathlib.RingTheory.Polynomial.Morse:docInfo (4.9s)
✔ [19956/23024] Built mathlib/Mathlib.RingTheory.PolynomialLaw.Basic:docInfo (4.9s)
✔ [19957/23024] Built mathlib/Mathlib.Topology.UniformSpace.Ascoli:docInfo (2.9s)
✔ [19958/23024] Built mathlib/Mathlib.Topology.Algebra.Localization:docInfo (4.3s)
✔ [19959/23024] Built mathlib/Mathlib.Topology.Algebra.MvPolynomial:docInfo (4.3s)
✔ [19960/23024] Built mathlib/Mathlib.Topology.Category.UniformSpace:docInfo (3.7s)
✔ [19961/23024] Built mathlib/Mathlib.Topology.MetricSpace.Ultra.Pi:docInfo (3.3s)
✔ [19962/23024] Built mathlib/Mathlib.Topology.Metrizable.ContinuousMap:docInfo (3.3s)
✔ [19963/23024] Built mathlib/Mathlib.Topology.UniformSpace.Ultra.Completion:docInfo (3.7s)
✔ [20055/23117] Built mathlib/Mathlib.RingTheory.Polynomial.IntegralNormalization:docInfo (3.8s)
✔ [20056/23117] Built mathlib/Mathlib.RingTheory.Filtration:docInfo (3.8s)
✔ [20057/23117] Built mathlib/Mathlib.Algebra.Homology.HomotopyCategory.MappingCone:docInfo (4.9s)
✔ [20058/23117] Built mathlib/Mathlib.Algebra.Homology.HomotopyCategory.Shift:docInfo (4.4s)
✔ [20059/23117] Built mathlib/Mathlib.Algebra.Homology.Localization:docInfo (4.1s)
✔ [20060/23117] Built mathlib/Mathlib.Algebra.Homology.Opposite:docInfo (3.8s)
✔ [20061/23117] Built mathlib/Mathlib.Algebra.Homology.HomologySequenceLemmas:docInfo (4.0s)
✔ [20062/23117] Built mathlib/Mathlib.Algebra.Category.ModuleCat.Sheaf:docInfo (4.2s)
✔ [20063/23117] Built mathlib/Mathlib.CategoryTheory.Sites.DenseSubsite.Basic:docInfo (3.2s)
✔ [20064/23117] Built mathlib/Mathlib.Algebra.Category.Ring.FinitePresentation:docInfo (3.0s)
✔ [20065/23117] Built mathlib/Mathlib.RingTheory.Polynomial.Eisenstein.Basic:docInfo (3.9s)
✔ [20066/23117] Built mathlib/Mathlib.Algebra.Homology.AlternatingConst:docInfo (4.5s)
✔ [20067/23117] Built mathlib/Mathlib.Algebra.Homology.HomotopyCategory.HomComplexInduction:docInfo (4.5s)
✔ [20068/23117] Built mathlib/Mathlib.Algebra.Homology.HomologicalComplexLimitsEventuallyConstant:docInfo (3.5s)
✔ [20069/23117] Built mathlib/Mathlib.Algebra.Homology.LeftResolution.Reduced:docInfo (3.0s)
✔ [20070/23117] Built mathlib/Mathlib.CategoryTheory.Preadditive.Projective.Resolution:docInfo (3.3s)
✔ [20071/23117] Built mathlib/Mathlib.Algebra.Lie.Abelian:docInfo (4.7s)
✔ [20072/23117] Built mathlib/Mathlib.LinearAlgebra.Matrix.BaseChange:docInfo (4.7s)
✔ [20073/23117] Built mathlib/Mathlib.LinearAlgebra.Matrix.ZPow:docInfo (4.6s)
✔ [20074/23117] Built mathlib/Mathlib.LinearAlgebra.SymplecticGroup:docInfo (4.8s)
✔ [20075/23117] Built mathlib/Mathlib.RingTheory.Derivation.Lie:docInfo (4.6s)
✔ [20076/23117] Built mathlib/Mathlib.Algebra.Lie.Free:docInfo (4.4s)
✔ [20077/23117] Built mathlib/Mathlib.Algebra.Lie.Graded:docInfo (4.4s)
✔ [20078/23117] Built mathlib/Mathlib.Algebra.Module.StablyFree.Basic:docInfo (3.5s)
✔ [20079/23117] Built mathlib/Mathlib.RingTheory.LocalProperties.Projective:docInfo (4.1s)
✔ [20080/23117] Built mathlib/Mathlib.RingTheory.Localization.Free:docInfo (4.1s)
✔ [20081/23117] Built mathlib/Mathlib.LinearAlgebra.FreeModule.Finite.Quotient:docInfo (4.1s)
✔ [20082/23117] Built mathlib/Mathlib.Topology.Algebra.InfiniteSum.Ring:docInfo (4.6s)
✔ [20083/23117] Built mathlib/Mathlib.Topology.Algebra.UniformConvergence:docInfo (3.6s)
✔ [20084/23117] Built mathlib/Mathlib.LinearAlgebra.Dimension.LinearMap:docInfo (3.9s)
✔ [20085/23117] Built mathlib/Mathlib.LinearAlgebra.UnitaryGroup:docInfo (4.4s)
✔ [20086/23117] Built mathlib/Mathlib.Algebra.MvPolynomial.NoZeroDivisors:docInfo (4.4s)
✔ [20087/23117] Built mathlib/Mathlib.Algebra.Symmetrized:docInfo (4.4s)
✔ [20088/23117] Built mathlib/Mathlib.RingTheory.FiniteStability:docInfo (3.8s)
✔ [20089/23117] Built mathlib/Mathlib.AlgebraicGeometry.EllipticCurve.Weierstrass:docInfo (3.8s)
✔ [20090/23117] Built mathlib/Mathlib.Topology.Algebra.GroupCompletion:docInfo (3.9s)
✔ [20091/23117] Built mathlib/Mathlib.RingTheory.GradedAlgebra.HomogeneousLocalization:docInfo (4.8s)
✔ [20092/23117] Built mathlib/Mathlib.CategoryTheory.Sites.Point.Basic:docInfo (3.8s)
✔ [20093/23117] Built mathlib/Mathlib.CategoryTheory.Presentable.StrongGenerator:docInfo (3.3s)
✔ [20094/23117] Built mathlib/Mathlib.Topology.Covering.Basic:docInfo (3.0s)
✔ [20095/23117] Built mathlib/Mathlib.Topology.FiberBundle.Constructions:docInfo (3.3s)
✔ [20096/23117] Built mathlib/Mathlib.RingTheory.RootsOfUnity.EnoughRootsOfUnity:docInfo (3.5s)
✔ [20097/23117] Built mathlib/Mathlib.CategoryTheory.Preadditive.Injective.Resolution:docInfo (3.4s)
✔ [20098/23117] Built mathlib/Mathlib.CategoryTheory.Functor.ReflectsIso.Exact:docInfo (3.4s)
✔ [20099/23117] Built mathlib/Mathlib.CategoryTheory.Limits.FormalCoproducts.ExtraDegeneracy:docInfo (4.3s)
✔ [20100/23117] Built mathlib/Mathlib.CategoryTheory.Presentable.Dense:docInfo (3.4s)
✔ [20101/23117] Built mathlib/Mathlib.CategoryTheory.Presentable.Adjunction:docInfo (3.3s)
✔ [20102/23117] Built mathlib/Mathlib.CategoryTheory.Presentable.CardinalDirectedPoset:docInfo (3.4s)
✔ [20103/23117] Built mathlib/Mathlib.CategoryTheory.Sites.EpiMono:docInfo (3.6s)
✔ [20104/23117] Built mathlib/Mathlib.CategoryTheory.Triangulated.TStructure.ETrunc:docInfo (4.7s)
✔ [20105/23117] Built mathlib/Mathlib.LinearAlgebra.Projectivization.Constructions:docInfo (4.0s)
✔ [20106/23117] Built mathlib/Mathlib.Combinatorics.Nullstellensatz:docInfo (4.1s)
✔ [20107/23117] Built mathlib/Mathlib.LinearAlgebra.FreeAlgebra:docInfo (3.8s)
✔ [20108/23117] Built mathlib/Mathlib.RingTheory.MvPolynomial:docInfo (3.0s)
✔ [20109/23117] Built mathlib/Mathlib.GroupTheory.IndexNSmul:docInfo (4.1s)
✔ [20110/23117] Built mathlib/Mathlib.LinearAlgebra.AffineSpace.Matrix:docInfo (4.4s)
✔ [20111/23117] Built mathlib/Mathlib.LinearAlgebra.Matrix.FixedDetMatrices:docInfo (3.8s)
✔ [20112/23117] Built mathlib/Mathlib.LinearAlgebra.Matrix.ProjectiveSpecialLinearGroup:docInfo (3.7s)
✔ [20113/23117] Built mathlib/Mathlib.LinearAlgebra.Projectivization.Cardinality:docInfo (3.9s)
✔ [20114/23117] Built mathlib/Mathlib.LinearAlgebra.Projectivization.Subspace:docInfo (3.6s)
✔ [20115/23117] Built mathlib/Mathlib.LinearAlgebra.Projectivization.Independence:docInfo (3.7s)
✔ [20116/23117] Built mathlib/Mathlib.RingTheory.LocalRing.Quotient:docInfo (4.1s)
✔ [20117/23117] Built mathlib/Mathlib.RingTheory.RootsOfUnity.CyclotomicUnits:docInfo (3.7s)
✔ [20118/23117] Built mathlib/Mathlib.Topology.Algebra.ClopenNhdofOne:docInfo (4.8s)
✔ [20119/23117] Built mathlib/Mathlib.RingTheory.MvPolynomial.Expand:docInfo (4.6s)
✔ [20120/23117] Built mathlib/Mathlib.RingTheory.WittVector.WittPolynomial:docInfo (4.6s)
✔ [20121/23117] Built mathlib/Mathlib.RingTheory.Polynomial.SmallDegreeVieta:docInfo (3.7s)
✔ [20122/23117] Built mathlib/Mathlib.RingTheory.PowerSeries.Ideal:docInfo (4.6s)
✔ [20123/23117] Built mathlib/Mathlib.Topology.Algebra.IntermediateField:docInfo (4.7s)
✔ [20124/23117] Built mathlib/Mathlib.Topology.Algebra.ProperAction.Torsor:docInfo (4.7s)
✔ [20128/23121] Built mathlib/Mathlib.Algebra.Algebra.Subalgebra.IsSimpleOrder:docInfo (3.0s)
✔ [20129/23121] Built mathlib/Mathlib.Algebra.Algebra.Subalgebra.Rank:docInfo (3.8s)
✔ [20130/23121] Built mathlib/Mathlib.RingTheory.Algebraic.Basic:docInfo (4.0s)
✔ [20131/23121] Built mathlib/Mathlib.RingTheory.Flat.Basic:docInfo (3.8s)
✔ [20132/23121] Built mathlib/Mathlib.Algebra.Category.CommAlgCat.FiniteType:docInfo (4.2s)
✔ [20133/23121] Built mathlib/Mathlib.Algebra.Category.CommBialgCat:docInfo (4.5s)
✔ [20134/23121] Built mathlib/Mathlib.Topology.Algebra.Module.ContinuousLinearMap.Basic:docInfo (5.3s)
✔ [20135/23121] Built mathlib/Mathlib.Algebra.Homology.Functor:docInfo (3.1s)
✔ [20136/23121] Built mathlib/Mathlib.LinearAlgebra.FiniteDimensional.Lemmas:docInfo (4.2s)
✔ [20137/23121] Built mathlib/Mathlib.LinearAlgebra.FreeModule.Finite.Matrix:docInfo (3.9s)
✔ [20138/23121] Built mathlib/Mathlib.Topology.Algebra.Order.Field:docInfo (4.4s)
✔ [20139/23121] Built mathlib/Mathlib.RingTheory.Localization.Submodule:docInfo (3.7s)
✔ [20140/23121] Built mathlib/Mathlib.LinearAlgebra.Dimension.Localization:docInfo (4.1s)
✔ [20141/23121] Built mathlib/Mathlib.LinearAlgebra.Matrix.Block:docInfo (4.3s)
✔ [20142/23121] Built mathlib/Mathlib.LinearAlgebra.Matrix.SchurComplement:docInfo (4.8s)
✔ [20143/23121] Built mathlib/Mathlib.RingTheory.LocalRing.ResidueField.Ideal:docInfo (3.7s)
✔ [20144/23121] Built mathlib/Mathlib.LinearAlgebra.Matrix.GeneralLinearGroup.Defs:docInfo (4.9s)
✔ [20145/23121] Built mathlib/Mathlib.Topology.MetricSpace.Bounded:docInfo (4.8s)
✔ [20146/23121] Built mathlib/Mathlib.Topology.Metrizable.Uniformity:docInfo (4.5s)
✔ [20147/23121] Built mathlib/Mathlib.Topology.Algebra.FilterBasis:docInfo (5.1s)
✔ [20148/23121] Built mathlib/Mathlib.Topology.Algebra.Module.Simple:docInfo (5.2s)
✔ [20149/23121] Built mathlib/Mathlib.Topology.Algebra.Nonarchimedean.Basic:docInfo (4.8s)
✔ [20150/23121] Built mathlib/Mathlib.Topology.Algebra.LinearTopology:docInfo (4.9s)
✔ [20151/23121] Built mathlib/Mathlib.Topology.Algebra.NonUnitalAlgebra:docInfo (4.0s)
✔ [20152/23121] Built mathlib/Mathlib.CategoryTheory.Galois.EssSurj:docInfo (5.3s)
✔ [20153/23121] Built mathlib/Mathlib.CategoryTheory.Galois.IsFundamentalgroup:docInfo (5.3s)
✔ [20258/23222] Built mathlib/Mathlib.LinearAlgebra.Multilinear.FiniteDimensional:docInfo (3.9s)
✔ [20259/23222] Built mathlib/Mathlib.LinearAlgebra.Projectivization.Collinear:docInfo (3.8s)
✔ [20260/23222] Built mathlib/Mathlib.LinearAlgebra.SymmetricAlgebra.Basis:docInfo (3.9s)
✔ [20261/23222] Built mathlib/Mathlib.LinearAlgebra.TensorAlgebra.Basis:docInfo (3.6s)
✔ [20262/23222] Built mathlib/Mathlib.Topology.Algebra.InfiniteSum.GroupCompletion:docInfo (3.5s)
✔ [20263/23222] Built mathlib/Mathlib.RingTheory.Flat.IsBaseChange:docInfo (4.2s)
✔ [20264/23222] Built mathlib/Mathlib.RingTheory.Regular.IsSMulRegular:docInfo (4.6s)
✔ [20265/23222] Built mathlib/Mathlib.RingTheory.MvPolynomial.IrreducibleQuadratic:docInfo (4.0s)
✔ [20266/23222] Built mathlib/Mathlib.RingTheory.Polynomial.Eisenstein.Distinguished:docInfo (3.7s)
✔ [20267/23222] Built mathlib/Mathlib.Topology.Covering:docInfo (2.9s)
✔ [20268/23222] Built mathlib/Mathlib.Topology.MetricSpace.Infsep:docInfo (3.3s)
✔ [20270/23223] Built mathlib/Mathlib.Algebra.AlgebraicCard:docInfo (3.8s)
✔ [20271/23223] Built mathlib/Mathlib.Algebra.Central.TensorProduct:docInfo (3.9s)
✔ [20272/23223] Built mathlib/Mathlib.Algebra.Category.CommHopfAlgCat:docInfo (4.8s)
✔ [20273/23223] Built mathlib/Mathlib.LinearAlgebra.Dual.Lemmas:docInfo (4.6s)
✔ [20274/23223] Built mathlib/Mathlib.Topology.Algebra.IsUniformGroup.Basic:docInfo (3.9s)
✔ [20275/23223] Built mathlib/Mathlib.RingTheory.Flat.CategoryTheory:docInfo (4.8s)
✔ [20276/23223] Built mathlib/Mathlib.RingTheory.Flat.Stability:docInfo (4.3s)
✔ [20277/23223] Built mathlib/Mathlib.RingTheory.LocalProperties.Basic:docInfo (4.7s)
✔ [20278/23223] Built mathlib/Mathlib.LinearAlgebra.Matrix.Charpoly.Basic:docInfo (4.5s)
✔ [20279/23223] Built mathlib/Mathlib.RingTheory.Spectrum.Prime.RingHom:docInfo (4.4s)
✔ [20280/23223] Built mathlib/Mathlib.RingTheory.Ideal.Cotangent:docInfo (4.5s)
✔ [20281/23223] Built mathlib/Mathlib.Algebra.Homology.HomotopyCategory.HomComplexShift:docInfo (4.5s)
✔ [20282/23223] Built mathlib/Mathlib.Algebra.Homology.HomotopyCategory.ShiftSequence:docInfo (4.1s)
✔ [20283/23223] Built mathlib/Mathlib.Algebra.Homology.HomotopyCategory.SingleFunctors:docInfo (3.9s)
✔ [20284/23223] Built mathlib/Mathlib.Algebra.Homology.Embedding.IsSupported:docInfo (3.9s)
✔ [20285/23223] Built mathlib/Mathlib.LinearAlgebra.Matrix.ToLinearEquiv:docInfo (4.2s)
✔ [20286/23223] Built mathlib/Mathlib.Algebra.Category.ModuleCat.Sheaf.ChangeOfRings:docInfo (4.1s)
✔ [20287/23223] Built mathlib/Mathlib.Algebra.Category.ModuleCat.Sheaf.Limits:docInfo (4.2s)
✔ [20288/23223] Built mathlib/Mathlib.CategoryTheory.Sites.DenseSubsite.SheafEquiv:docInfo (3.6s)
✔ [20289/23223] Built mathlib/Mathlib.CategoryTheory.Sites.PreservesLocallyBijective:docInfo (3.4s)
✔ [20290/23223] Built mathlib/Mathlib.Algebra.Category.ModuleCat.Simple:docInfo (4.2s)
✔ [20291/23223] Built mathlib/Mathlib.Topology.Sheaves.SheafCondition.Sites:docInfo (3.6s)
✔ [20292/23223] Built mathlib/Mathlib.Algebra.Category.Ring.Small:docInfo (4.4s)
✔ [20293/23223] Built mathlib/Mathlib.RingTheory.Flat.Equalizer:docInfo (4.7s)
✔ [20294/23223] Built mathlib/Mathlib.LinearAlgebra.Eigenspace.Basic:docInfo (4.2s)
✔ [20295/23223] Built mathlib/Mathlib.Algebra.Exact.Sequence:docInfo (4.3s)
✔ [20296/23223] Built mathlib/Mathlib.Algebra.Homology.TotalComplexShift:docInfo (4.2s)
✔ [20297/23223] Built mathlib/Mathlib.Algebra.Homology.CochainComplexOpposite:docInfo (3.9s)
✔ [20298/23223] Built mathlib/Mathlib.Algebra.Homology.HomotopyFiber:docInfo (3.9s)
✔ [20299/23223] Built mathlib/Mathlib.CategoryTheory.Abelian.Projective.Resolution:docInfo (3.6s)
✔ [20300/23223] Built mathlib/Mathlib.Algebra.Homology.SpectralObject.SpectralSequence:docInfo (4.5s)
✔ [20301/23223] Built mathlib/Mathlib.Algebra.Lie.AdjointAction.Derivation:docInfo (3.9s)
✔ [20302/23223] Built mathlib/Mathlib.Algebra.Lie.TensorProduct:docInfo (4.1s)
✔ [20303/23223] Built mathlib/Mathlib.Algebra.Lie.Normalizer:docInfo (4.2s)
✔ [20304/23223] Built mathlib/Mathlib.LinearAlgebra.Span.TensorProduct:docInfo (4.3s)
✔ [20305/23223] Built mathlib/Mathlib.LinearAlgebra.Matrix.Hermitian:docInfo (4.4s)
✔ [20306/23223] Built mathlib/Mathlib.LinearAlgebra.Vandermonde:docInfo (4.5s)
✔ [20307/23223] Built mathlib/Mathlib.Algebra.Lie.Cochain:docInfo (4.2s)
✔ [20308/23223] Built mathlib/Mathlib.Algebra.Lie.SerreConstruction:docInfo (3.9s)
✔ [20309/23223] Built mathlib/Mathlib.Algebra.LieRinehartAlgebra.Defs:docInfo (4.3s)
✔ [20310/23223] Built mathlib/Mathlib.RingTheory.FractionalIdeal.Basic:docInfo (4.5s)
✔ [20311/23223] Built mathlib/Mathlib.Algebra.Module.Lattice:docInfo (4.0s)
✔ [20312/23223] Built mathlib/Mathlib.LinearAlgebra.LinearDisjoint:docInfo (4.3s)
ℹ [20313/23223] Built mathlib/Mathlib.Topology.Algebra.InfiniteSum.Order:docInfo (3.0s)
info: stdout:
WARNING: Failed to calculate equational lemmata for Mathlib.Meta.Positivity.evalTsum: failed
✔ [20314/23223] Built mathlib/Mathlib.Topology.Bornology.Real:docInfo (3.5s)
✔ [20315/23223] Built mathlib/Mathlib.Topology.Instances.Int:docInfo (3.6s)
✔ [20316/23223] Built mathlib/Mathlib.Topology.MetricSpace.Antilipschitz:docInfo (3.5s)
✔ [20317/23223] Built mathlib/Mathlib.Topology.MetricSpace.Lipschitz:docInfo (3.6s)
ℹ [20318/23223] Built mathlib/Mathlib.Analysis.Normed.Group.Basic:docInfo (5.0s)
info: stdout:
WARNING: Failed to calculate equational lemmata for Mathlib.Meta.Positivity.evalMulNorm: unquoteExpr: __result.2.1 : Lean.Expr
WARNING: Failed to calculate equational lemmata for Mathlib.Meta.Positivity.evalAddNorm: unquoteExpr: __result.2.1 : Lean.Expr
✔ [20319/23223] Built mathlib/Mathlib.Topology.Metrizable.Real:docInfo (3.1s)
✔ [20320/23223] Built mathlib/Mathlib.Topology.Algebra.Equicontinuity:docInfo (3.6s)
✔ [20321/23223] Built mathlib/Mathlib.Topology.Instances.Matrix:docInfo (4.5s)
✔ [20322/23223] Built mathlib/Mathlib.LinearAlgebra.Matrix.Diagonal:docInfo (4.3s)
✔ [20323/23223] Built mathlib/Mathlib.Analysis.BoxIntegral.Box.Basic:docInfo (3.6s)
✔ [20324/23223] Built mathlib/Mathlib.RingTheory.Localization.Away.Lemmas:docInfo (4.1s)
✔ [20325/23223] Built mathlib/Mathlib.RingTheory.Algebraic.MvPolynomial:docInfo (4.1s)
✔ [20326/23223] Built mathlib/Mathlib.AlgebraicGeometry.EllipticCurve.Affine.AddSubMap:docInfo (4.9s)
✔ [20327/23223] Built mathlib/Mathlib.AlgebraicGeometry.EllipticCurve.VariableChange:docInfo (3.7s)
✔ [20328/23223] Built mathlib/Mathlib.LinearAlgebra.FreeModule.IdealQuotient:docInfo (3.9s)
✔ [20329/23223] Built mathlib/Mathlib.Topology.Algebra.TopologicallyNilpotent:docInfo (3.7s)
✔ [20330/23223] Built mathlib/Mathlib.AlgebraicGeometry.EllipticCurve.ModelsWithJ:docInfo (3.7s)
✔ [20331/23223] Built mathlib/Mathlib.RingTheory.AdicCompletion.Exactness:docInfo (4.4s)
✔ [20332/23223] Built mathlib/Mathlib.RingTheory.Valuation.IsTrivialOn:docInfo (4.0s)
✔ [20333/23223] Built mathlib/Mathlib.CategoryTheory.Sites.DenseSubsite.OneHypercoverDense:docInfo (3.8s)
✔ [20334/23223] Built mathlib/Mathlib.CategoryTheory.SmallObject.Basic:docInfo (3.4s)
✔ [20335/23223] Built mathlib/Mathlib.AlgebraicTopology.DoldKan.Projections:docInfo (4.2s)
✔ [20336/23223] Built mathlib/Mathlib.AlgebraicTopology.SimplicialSet.CategoryWithFibrations:docInfo (3.7s)
✔ [20337/23223] Built mathlib/Mathlib.CategoryTheory.Presentable.Presheaf:docInfo (3.4s)
✔ [20338/23223] Built mathlib/Mathlib.Topology.Algebra.NonUnitalStarAlgebra:docInfo (3.7s)
✔ [20339/23223] Built mathlib/Mathlib.Topology.Covering.Quotient:docInfo (3.7s)
✔ [20340/23223] Built mathlib/Mathlib.LinearAlgebra.Matrix.FiniteDimensional:docInfo (3.5s)
✔ [20341/23223] Built mathlib/Mathlib.Topology.MetricSpace.ProperSpace.Lemmas:docInfo (3.4s)
✔ [20342/23223] Built mathlib/Mathlib.Topology.Algebra.InfiniteSum.UniformOn:docInfo (3.8s)
✔ [20343/23223] Built mathlib/Mathlib.Geometry.Manifold.StructureGroupoid:docInfo (3.6s)
✔ [20344/23223] Built mathlib/Mathlib.LinearAlgebra.Matrix.GeneralLinearGroup.Basic:docInfo (4.0s)
✔ [20345/23223] Built mathlib/Mathlib.Topology.MetricSpace.TransferInstance:docInfo (3.2s)
✔ [20346/23223] Built mathlib/Mathlib.Topology.MetricSpace.Sequences:docInfo (3.4s)
✔ [20347/23223] Built mathlib/Mathlib.CategoryTheory.Abelian.Indization:docInfo (3.7s)
✔ [20348/23223] Built mathlib/Mathlib.CategoryTheory.Generator.Indization:docInfo (3.6s)
✔ [20349/23223] Built mathlib/Mathlib.CategoryTheory.Abelian.Injective.Resolution:docInfo (3.0s)
✔ [20350/23223] Built mathlib/Mathlib.CategoryTheory.Galois.Equivalence:docInfo (3.8s)
✔ [20351/23223] Built mathlib/Mathlib.CategoryTheory.ObjectProperty.Ind:docInfo (3.3s)
✔ [20352/23223] Built mathlib/Mathlib.CategoryTheory.Presentable.OrthogonalReflection:docInfo (3.6s)
✔ [20353/23223] Built mathlib/Mathlib.CategoryTheory.Sites.Point.Category:docInfo (3.6s)
✔ [20354/23223] Built mathlib/Mathlib.CategoryTheory.Sites.Point.Skyscraper:docInfo (3.7s)
✔ [20355/23223] Built mathlib/Mathlib.CategoryTheory.Sites.Point.OfIsCofiltered:docInfo (3.0s)
✔ [20356/23223] Built mathlib/Mathlib.CategoryTheory.Triangulated.Adjunction:docInfo (4.4s)
✔ [20357/23223] Built mathlib/Mathlib.CategoryTheory.Triangulated.LocalizingSubcategory:docInfo (4.6s)
✔ [20358/23223] Built mathlib/Mathlib.CategoryTheory.Triangulated.TStructure.SpectralObject:docInfo (4.3s)
✔ [20359/23223] Built mathlib/Mathlib.LinearAlgebra.Matrix.GeneralLinearGroup.MvPolynomial:docInfo (4.2s)
✔ [20360/23223] Built mathlib/Mathlib.RingTheory.SimpleModule.Rank:docInfo (4.1s)
✔ [20361/23223] Built mathlib/Mathlib.Topology.Algebra.Nonarchimedean.TotallyDisconnected:docInfo (3.4s)
✔ [20456/23318] Built mathlib/Mathlib.Algebra.Azumaya.Basic:docInfo (4.2s)
✔ [20457/23318] Built mathlib/Mathlib.Topology.Algebra.Module.ContinuousLinearMap.PiProd:docInfo (3.9s)
✔ [20458/23318] Built mathlib/Mathlib.Topology.Algebra.Module.ContinuousLinearMap.Restrict:docInfo (3.8s)
✔ [20459/23318] Built mathlib/Mathlib.Topology.ContinuousMap.Algebra:docInfo (4.2s)
✔ [20460/23318] Built mathlib/Mathlib.LinearAlgebra.Contraction:docInfo (3.0s)
✔ [20461/23318] Built mathlib/Mathlib.Topology.Instances.AddCircle.Defs:docInfo (4.0s)
✔ [20462/23318] Built mathlib/Mathlib.RingTheory.Flat.Localization:docInfo (4.3s)
✔ [20463/23318] Built mathlib/Mathlib.LinearAlgebra.Matrix.Charpoly.Coeff:docInfo (4.2s)
✔ [20464/23318] Built mathlib/Mathlib.RingTheory.Flat.FaithfullyFlat.Basic:docInfo (4.2s)
✔ [20465/23318] Built mathlib/Mathlib.RingTheory.Spectrum.Maximal.Localization:docInfo (4.2s)
✔ [20466/23318] Built mathlib/Mathlib.RingTheory.Kaehler.Basic:docInfo (4.6s)
✔ [20467/23318] Built mathlib/Mathlib.Algebra.Homology.HomotopyCategory.Pretriangulated:docInfo (4.0s)
✔ [20468/23318] Built mathlib/Mathlib.Algebra.Homology.Embedding.Extend:docInfo (3.3s)
✔ [20469/23318] Built mathlib/Mathlib.LinearAlgebra.Matrix.SesquilinearForm:docInfo (4.5s)
✔ [20470/23318] Built mathlib/Mathlib.Algebra.Category.ModuleCat.Presheaf.Sheafify:docInfo (4.1s)
✔ [20471/23318] Built mathlib/Mathlib.CategoryTheory.Sites.DenseSubsite.InducedTopology:docInfo (3.3s)
✔ [20472/23318] Built mathlib/Mathlib.Topology.Sheaves.SheafCondition.OpensLeCover:docInfo (3.7s)
✔ [20473/23318] Built mathlib/Mathlib.LinearAlgebra.GeneralLinearGroup.AlgEquiv:docInfo (3.9s)
✔ [20474/23318] Built mathlib/Mathlib.Algebra.Homology.BifunctorShift:docInfo (3.7s)
✔ [20475/23318] Built mathlib/Mathlib.Algebra.Homology.HomotopyCategory.HomComplexCohomology:docInfo (3.9s)
✔ [20476/23318] Built mathlib/Mathlib.Algebra.Homology.Precylinder:docInfo (3.2s)
✔ [20477/23318] Built mathlib/Mathlib.CategoryTheory.Abelian.LeftDerived:docInfo (3.5s)
✔ [20478/23318] Built mathlib/Mathlib.Algebra.Homology.SpectralObject.FirstPage:docInfo (3.3s)
✔ [20479/23318] Built mathlib/Mathlib.Algebra.Lie.BaseChange:docInfo (4.0s)
✔ [20480/23318] Built mathlib/Mathlib.LinearAlgebra.BilinearForm.Properties:docInfo (4.0s)
✔ [20481/23318] Built mathlib/Mathlib.LinearAlgebra.BilinearForm.TensorProduct:docInfo (4.0s)
✔ [20482/23318] Built mathlib/Mathlib.LinearAlgebra.PerfectPairing.Basic:docInfo (3.0s)
✔ [20483/23318] Built mathlib/Mathlib.Algebra.Module.Submodule.Union:docInfo (3.9s)
✔ [20484/23318] Built mathlib/Mathlib.LinearAlgebra.Lagrange:docInfo (4.1s)
✔ [20485/23318] Built mathlib/Mathlib.Algebra.Lie.Matrix:docInfo (4.1s)
✔ [20486/23318] Built mathlib/Mathlib.Algebra.Lie.Extension:docInfo (4.3s)
✔ [20487/23318] Built mathlib/Mathlib.RingTheory.FractionalIdeal.Operations:docInfo (4.2s)
✔ [20488/23318] Built mathlib/Mathlib.Algebra.Module.LinearMap.Index:docInfo (3.9s)
✔ [20489/23318] Built mathlib/Mathlib.RingTheory.Extension.Basic:docInfo (4.6s)
✔ [20490/23318] Built mathlib/Mathlib.RingTheory.Support:docInfo (4.3s)
✔ [20491/23318] Built mathlib/Mathlib.Topology.Algebra.Algebra:docInfo (3.8s)
✔ [20492/23318] Built mathlib/Mathlib.Analysis.Normed.Group.Constructions:docInfo (3.7s)
✔ [20493/23318] Built mathlib/Mathlib.Analysis.Normed.Group.Real:docInfo (3.6s)
✔ [20494/23318] Built mathlib/Mathlib.Topology.Algebra.SeparationQuotient.Basic:docInfo (3.9s)
✔ [20495/23318] Built mathlib/Mathlib.Analysis.Normed.Group.Subgroup:docInfo (3.5s)
✔ [20496/23318] Built mathlib/Mathlib.Analysis.Normed.Group.Submodule:docInfo (3.6s)
✔ [20497/23318] Built mathlib/Mathlib.Topology.Algebra.Module.ContinuousLinearMap.RestrictScalars:docInfo (3.7s)
✔ [20498/23318] Built mathlib/Mathlib.Order.Filter.ENNReal:docInfo (3.4s)
✔ [20499/23318] Built mathlib/Mathlib.Analysis.Normed.Group.Indicator:docInfo (3.5s)
✔ [20500/23318] Built mathlib/Mathlib.Topology.Algebra.Module.ContinuousLinearMap.Idempotent:docInfo (3.7s)
✔ [20501/23318] Built mathlib/Mathlib.Topology.Algebra.Module.ContinuousLinearMap.Quotient:docInfo (3.6s)
✔ [20502/23318] Built mathlib/Mathlib.Topology.Sheaves.Functors:docInfo (3.4s)
✔ [20503/23318] Built mathlib/Mathlib.RingTheory.RingHom.Locally:docInfo (4.3s)
✔ [20504/23318] Built mathlib/Mathlib.RingTheory.RingHom.Surjective:docInfo (4.1s)
✔ [20505/23318] Built mathlib/Mathlib.RingTheory.LocalProperties.Reduced:docInfo (4.1s)
✔ [20506/23318] Built mathlib/Mathlib.RingTheory.RingHom.EssFiniteType:docInfo (4.5s)
✔ [20507/23318] Built mathlib/Mathlib.RingTheory.RingHom.Finite:docInfo (4.4s)
✔ [20508/23318] Built mathlib/Mathlib.AlgebraicGeometry.EllipticCurve.NormalForms:docInfo (3.7s)
✔ [20509/23318] Built mathlib/Mathlib.Topology.Algebra.Nonarchimedean.Bases:docInfo (3.8s)
✔ [20510/23318] Built mathlib/Mathlib.Topology.Algebra.UniformFilterBasis:docInfo (3.6s)
✔ [20511/23318] Built mathlib/Mathlib.Analysis.Calculus.TangentCone.Defs:docInfo (3.6s)
✔ [20512/23318] Built mathlib/Mathlib.Topology.Algebra.Module.Spaces.WeakBilin:docInfo (3.7s)
✔ [20513/23318] Built mathlib/Mathlib.RingTheory.RingHom.OpenImmersion:docInfo (4.2s)
✔ [20514/23318] Built mathlib/Mathlib.RingTheory.Ideal.CotangentBaseChange:docInfo (4.4s)
✔ [20515/23318] Built mathlib/Mathlib.CategoryTheory.Sites.ConstantSheaf:docInfo (3.3s)
✔ [20516/23318] Built mathlib/Mathlib.CategoryTheory.Abelian.GrothendieckCategory.EnoughInjectives:docInfo (3.8s)
✔ [20517/23318] Built mathlib/Mathlib.AlgebraicTopology.DoldKan.PInfty:docInfo (3.6s)
✔ [20518/23318] Built mathlib/Mathlib.AlgebraicTopology.SimplicialSet.KanComplex:docInfo (3.5s)
✔ [20519/23318] Built mathlib/Mathlib.AlgebraicTopology.SimplicialSet.Presentable:docInfo (3.4s)
✔ [20520/23318] Built mathlib/Mathlib.Topology.UniformSpace.Matrix:docInfo (4.3s)
✔ [20521/23318] Built mathlib/Mathlib.Topology.Algebra.Module.PerfectPairing:docInfo (3.7s)
✔ [20522/23318] Built mathlib/Mathlib.Topology.Algebra.LinearMapCompletion:docInfo (3.7s)
✔ [20523/23318] Built mathlib/Mathlib.LinearAlgebra.AffineSpace.FiniteDimensional:docInfo (4.3s)
✔ [20524/23318] Built mathlib/Mathlib.LinearAlgebra.Matrix.GeneralLinearGroup.Projective:docInfo (4.3s)
✔ [20525/23318] Built mathlib/Mathlib.Geometry.Convex.Cone.TensorProduct:docInfo (3.9s)
✔ [20526/23318] Built mathlib/Mathlib.Analysis.Convex.Exposed:docInfo (3.7s)
✔ [20527/23318] Built mathlib/Mathlib.Analysis.Normed.Group.CocompactMap:docInfo (3.6s)
✔ [20528/23318] Built mathlib/Mathlib.Analysis.Normed.Module.ENormedSpace:docInfo (3.4s)
✔ [20529/23318] Built mathlib/Mathlib.Analysis.Normed.Module.MStructure:docInfo (3.6s)
✔ [20530/23318] Built mathlib/Mathlib.Analysis.Normed.Order.Basic:docInfo (3.4s)
✔ [20531/23318] Built mathlib/Mathlib.Analysis.Normed.Order.Hom.Basic:docInfo (3.5s)
✔ [20532/23318] Built mathlib/Mathlib.CategoryTheory.Abelian.GrothendieckAxioms.Indization:docInfo (3.4s)
✔ [20533/23318] Built mathlib/Mathlib.CategoryTheory.Abelian.RightDerived:docInfo (3.4s)
✔ [20534/23318] Built mathlib/Mathlib.CategoryTheory.MorphismProperty.Ind:docInfo (3.2s)
✔ [20535/23318] Built mathlib/Mathlib.CategoryTheory.Sites.Point.Conservative:docInfo (3.5s)
✔ [20536/23318] Built mathlib/Mathlib.CategoryTheory.Sites.Point.Map:docInfo (3.7s)
✔ [20537/23318] Built mathlib/Mathlib.CategoryTheory.Triangulated.Opposite.OpOp:docInfo (3.7s)
✔ [20538/23318] Built mathlib/Mathlib.InformationTheory.Hamming:docInfo (3.6s)
✔ [20539/23318] Built mathlib/Mathlib.Topology.Algebra.IsUniformGroup.DiscreteSubgroup:docInfo (3.6s)
✔ [20540/23318] Built mathlib/Mathlib.Topology.Algebra.Order.ArchimedeanDiscrete:docInfo (3.7s)
✔ [20541/23318] Built mathlib/Mathlib.NumberTheory.TsumDivsorsAntidiagonal:docInfo (3.8s)
✔ [20542/23318] Built mathlib/Mathlib.RingTheory.IdealFilter.Topology:docInfo (3.9s)
✔ [20543/23318] Built mathlib/Mathlib.RingTheory.KrullDimension.NonZeroDivisors:docInfo (4.2s)
✔ [20544/23318] Built mathlib/Mathlib.RingTheory.Regular.RegularSequence:docInfo (4.5s)
✔ [20545/23318] Built mathlib/Mathlib.RingTheory.LocalProperties.Injective:docInfo (4.4s)
✔ [20546/23318] Built mathlib/Mathlib.RingTheory.PowerSeries.WeierstrassPreparation:docInfo (4.2s)
✔ [20547/23318] Built mathlib/Mathlib.RingTheory.RingHom.Bijective:docInfo (4.3s)
✔ [20548/23318] Built mathlib/Mathlib.Topology.Compactness.HilbertCubeEmbedding:docInfo (3.7s)
✔ [20549/23318] Built mathlib/Mathlib.Topology.Semicontinuous:docInfo (3.6s)
✔ [20550/23318] Built mathlib/Mathlib.Topology.Sheaves.PUnit:docInfo (3.4s)
✔ [20631/23398] Built mathlib/Mathlib.Topology.Algebra.Module.Equiv:docInfo (4.5s)
✔ [20632/23398] Built mathlib/Mathlib.LinearAlgebra.Coevaluation:docInfo (3.9s)
✔ [20633/23398] Built mathlib/Mathlib.Algebra.Module.CharacterModule:docInfo (4.5s)
✔ [20634/23398] Built mathlib/Mathlib.Algebra.Category.ModuleCat.Differentials.Basic:docInfo (4.8s)
✔ [20635/23398] Built mathlib/Mathlib.Algebra.Homology.HomotopyCategory.DegreewiseSplit:docInfo (3.0s)
✔ [20636/23398] Built mathlib/Mathlib.Algebra.Homology.HomotopyCategory.MappingCocone:docInfo (3.0s)
✔ [20637/23398] Built mathlib/Mathlib.Algebra.Homology.HomotopyCategory.Triangulated:docInfo (3.0s)
✔ [20638/23398] Built mathlib/Mathlib.Algebra.Homology.Embedding.ExtendHomology:docInfo (3.6s)
✔ [20639/23398] Built mathlib/Mathlib.Algebra.Homology.Embedding.HomEquiv:docInfo (3.6s)
✔ [20640/23398] Built mathlib/Mathlib.Algebra.Category.Ring.LinearAlgebra:docInfo (4.2s)
✔ [20641/23398] Built mathlib/Mathlib.Algebra.Homology.Embedding.ExtendHomotopy:docInfo (3.6s)
✔ [20642/23398] Built mathlib/Mathlib.Algebra.Homology.Embedding.StupidTrunc:docInfo (3.6s)
✔ [20643/23398] Built mathlib/Mathlib.Algebra.Homology.HomotopyCategory.HomComplexSingle:docInfo (4.2s)
✔ [20644/23398] Built mathlib/Mathlib.CategoryTheory.Abelian.Ext:docInfo (3.8s)
✔ [20645/23398] Built mathlib/Mathlib.LinearAlgebra.Determinant:docInfo (4.3s)
✔ [20646/23398] Built mathlib/Mathlib.LinearAlgebra.BilinearForm.Orthogonal:docInfo (4.1s)
✔ [20647/23398] Built mathlib/Mathlib.LinearAlgebra.RootSystem.Defs:docInfo (4.0s)
✔ [20648/23398] Built mathlib/Mathlib.LinearAlgebra.PerfectPairing.Restrict:docInfo (3.9s)
✔ [20649/23398] Built mathlib/Mathlib.RepresentationTheory.Basic:docInfo (4.0s)
✔ [20650/23398] Built mathlib/Mathlib.LinearAlgebra.Eigenspace.Matrix:docInfo (3.8s)
✔ [20651/23398] Built mathlib/Mathlib.RingTheory.FractionalIdeal.Inverse:docInfo (3.0s)
✔ [20652/23398] Built mathlib/Mathlib.RingTheory.Kaehler.Polynomial:docInfo (4.4s)
✔ [20653/23398] Built mathlib/Mathlib.RingTheory.Extension.Generators:docInfo (4.6s)
✔ [20654/23398] Built mathlib/Mathlib.Topology.Algebra.Ring.Real:docInfo (3.6s)
✔ [20655/23398] Built mathlib/Mathlib.Topology.MetricSpace.Isometry:docInfo (3.5s)
✔ [20656/23398] Built mathlib/Mathlib.Topology.Instances.Nat:docInfo (3.4s)
✔ [20657/23398] Built mathlib/Mathlib.Analysis.Normed.Group.Int:docInfo (3.4s)
✔ [20658/23398] Built mathlib/Mathlib.Topology.MetricSpace.Algebra:docInfo (4.1s)
✔ [20659/23398] Built mathlib/Mathlib.Analysis.Normed.Ring.Basic:docInfo (4.3s)
✔ [20660/23398] Built mathlib/Mathlib.Topology.Algebra.MetricSpace.Lipschitz:docInfo (3.5s)
✔ [20661/23398] Built mathlib/Mathlib.Topology.Algebra.SeparationQuotient.Section:docInfo (3.9s)
✔ [20662/23398] Built mathlib/Mathlib.Topology.Algebra.Module.Multilinear.Basic:docInfo (4.1s)
✔ [20663/23398] Built mathlib/Mathlib.Topology.Algebra.SeparationQuotient.FiniteDimensional:docInfo (3.8s)
✔ [20664/23398] Built mathlib/Mathlib.Topology.Algebra.ContinuousAffineMap:docInfo (4.2s)
✔ [20665/23398] Built mathlib/Mathlib.Topology.ContinuousMap.Star:docInfo (3.7s)
✔ [20666/23398] Built mathlib/Mathlib.Analysis.BoxIntegral.Partition.Basic:docInfo (3.6s)
✔ [20667/23398] Built mathlib/Mathlib.Algebra.Star.LinearMap:docInfo (3.9s)
✔ [20668/23398] Built mathlib/Mathlib.RingTheory.RingHom.FiniteType:docInfo (4.4s)
✔ [20669/23398] Built mathlib/Mathlib.RingTheory.AlgebraicIndependent.Transcendental:docInfo (3.8s)
✔ [20670/23398] Built mathlib/Mathlib.LinearAlgebra.BilinearForm.DualLattice:docInfo (3.0s)
✔ [20671/23398] Built mathlib/Mathlib.Topology.Algebra.UniformRing:docInfo (3.9s)
✔ [20672/23398] Built mathlib/Mathlib.RingTheory.MvPowerSeries.PiTopology:docInfo (3.8s)
✔ [20673/23398] Built mathlib/Mathlib.Analysis.Calculus.TangentCone.Basic:docInfo (3.8s)
✔ [20674/23398] Built mathlib/Mathlib.RingTheory.Kaehler.TensorProduct:docInfo (4.4s)
✔ [20675/23398] Built mathlib/Mathlib.CategoryTheory.Sites.Abelian:docInfo (3.5s)
✔ [20676/23398] Built mathlib/Mathlib.AlgebraicTopology.DoldKan.Decomposition:docInfo (3.7s)
✔ [20677/23398] Built mathlib/Mathlib.AlgebraicTopology.DoldKan.FunctorGamma:docInfo (3.8s)
✔ [20678/23398] Built mathlib/Mathlib.AlgebraicTopology.DoldKan.FunctorN:docInfo (3.9s)
✔ [20679/23398] Built mathlib/Mathlib.AlgebraicTopology.Quasicategory.Basic:docInfo (3.7s)
✔ [20680/23398] Built mathlib/Mathlib.AlgebraicTopology.SimplicialSet.AnodyneExtensions.Basic:docInfo (3.5s)
✔ [20681/23398] Built mathlib/Mathlib.Topology.MetricSpace.MetricSeparated:docInfo (3.4s)
✔ [20682/23398] Built mathlib/Mathlib.Topology.Algebra.StarSubalgebra:docInfo (3.7s)
✔ [20683/23398] Built mathlib/Mathlib.Topology.ContinuousMap.Lattice:docInfo (3.0s)
✔ [20684/23398] Built mathlib/Mathlib.Topology.Algebra.Module.Spaces.WeakDual:docInfo (3.6s)
✔ [20685/23398] Built mathlib/Mathlib.Topology.MetricSpace.Bilipschitz:docInfo (3.4s)
✔ [20686/23398] Built mathlib/Mathlib.Topology.Covering.AddCircle:docInfo (4.0s)
✔ [20687/23398] Built mathlib/Mathlib.Analysis.Convex.Between:docInfo (4.5s)
✔ [20688/23398] Built mathlib/Mathlib.Analysis.Convex.Radon:docInfo (4.3s)
✔ [20689/23398] Built mathlib/Mathlib.LinearAlgebra.Eigenspace.ContinuousLinearMap:docInfo (3.9s)
✔ [20690/23398] Built mathlib/Mathlib.Topology.ContinuousMap.Periodic:docInfo (3.7s)
✔ [20691/23398] Built mathlib/Mathlib.Topology.Instances.TrivSqZeroExt:docInfo (4.0s)
✔ [20692/23398] Built mathlib/Mathlib.Topology.Algebra.SeparationQuotient.Hom:docInfo (3.9s)
✔ [20693/23398] Built mathlib/Mathlib.Analysis.Normed.Order.Hom.Ultra:docInfo (3.5s)
✔ [20694/23398] Built mathlib/Mathlib.CategoryTheory.Abelian.GrothendieckCategory.ModuleEmbedding.Opposite:docInfo (4.3s)
✔ [20695/23398] Built mathlib/Mathlib.CategoryTheory.Abelian.GrothendieckCategory.Coseparator:docInfo (3.0s)
✔ [20696/23398] Built mathlib/Mathlib.CategoryTheory.Monoidal.Tor:docInfo (3.3s)
✔ [20697/23398] Built mathlib/Mathlib.CategoryTheory.Sites.Coherent.SheafComparison:docInfo (3.6s)
✔ [20698/23398] Built mathlib/Mathlib.CategoryTheory.Sites.GlobalSections:docInfo (3.4s)
✔ [20699/23398] Built mathlib/Mathlib.CategoryTheory.Sites.Point.Comap:docInfo (3.5s)
✔ [20700/23398] Built mathlib/Mathlib.FieldTheory.MvRatFunc.Rank:docInfo (3.9s)
✔ [20701/23398] Built mathlib/Mathlib.RingTheory.TensorProduct.Nontrivial:docInfo (4.0s)
✔ [20702/23398] Built mathlib/Mathlib.RingTheory.Flat.Domain:docInfo (4.1s)
✔ [20703/23398] Built mathlib/Mathlib.RingTheory.Ideal.AssociatedPrime.Localization:docInfo (4.4s)
✔ [20704/23398] Built mathlib/Mathlib.RingTheory.Regular.Flat:docInfo (4.3s)
✔ [20705/23398] Built mathlib/Mathlib.Topology.Algebra.Group.CompactOpen:docInfo (3.7s)
✔ [20706/23398] Built mathlib/Mathlib.Topology.Algebra.Module.LinearMap:docInfo (3.7s)
✔ [20707/23398] Built mathlib/Mathlib.Topology.Algebra.Module.LinearMapPiProd:docInfo (3.8s)
✔ [20708/23398] Built mathlib/Mathlib.Topology.ContinuousMap.LocallyConstant:docInfo (3.5s)
✔ [20709/23398] Built mathlib/Mathlib.Topology.MetricSpace.ShrinkingLemma:docInfo (3.5s)
✔ [20710/23398] Built mathlib/Mathlib.Topology.UniformSpace.ProdApproximation:docInfo (3.9s)
✔ [20797/23483] Built mathlib/Mathlib.Topology.Algebra.Module.ModuleTopology:docInfo (3.9s)
✔ [20798/23483] Built mathlib/Mathlib.Algebra.Category.Grp.EnoughInjectives:docInfo (4.2s)
✔ [20799/23483] Built mathlib/Mathlib.Algebra.Category.Grp.LargeColimits:docInfo (4.2s)
✔ [20800/23483] Built mathlib/Mathlib.LinearAlgebra.Matrix.Charpoly.LinearMap:docInfo (4.2s)
✔ [20801/23483] Built mathlib/Mathlib.Algebra.Category.ModuleCat.Differentials.Presheaf:docInfo (4.7s)
✔ [20802/23483] Built mathlib/Mathlib.Algebra.Homology.Embedding.TruncGE:docInfo (3.8s)
✔ [20803/23483] Built mathlib/Mathlib.LinearAlgebra.QuadraticForm.Basic:docInfo (5.1s)
✔ [20804/23483] Built mathlib/Mathlib.Algebra.Category.ModuleCat.Presheaf.Sheafification:docInfo (4.3s)
✔ [20805/23483] Built mathlib/Mathlib.CategoryTheory.Sites.Equivalence:docInfo (3.5s)
✔ [20806/23483] Built mathlib/Mathlib.Topology.Sheaves.SheafCondition.PairwiseIntersections:docInfo (3.6s)
✔ [20807/23483] Built mathlib/Mathlib.LinearAlgebra.Trace:docInfo (3.0s)
✔ [20808/23483] Built mathlib/Mathlib.Algebra.Homology.LocalCohomology:docInfo (3.9s)
✔ [20809/23483] Built mathlib/Mathlib.Algebra.Lie.Solvable:docInfo (4.6s)
✔ [20810/23483] Built mathlib/Mathlib.RingTheory.Flat.Tensor:docInfo (4.5s)
✔ [20811/23483] Built mathlib/Mathlib.LinearAlgebra.Matrix.BilinearForm:docInfo (4.7s)
✔ [20812/23483] Built mathlib/Mathlib.LinearAlgebra.Matrix.Charpoly.Univ:docInfo (4.7s)
✔ [20813/23483] Built mathlib/Mathlib.Algebra.Lie.SkewAdjoint:docInfo (4.7s)
✔ [20814/23483] Built mathlib/Mathlib.Algebra.Lie.Derivation.BaseChange:docInfo (4.4s)
✔ [20815/23483] Built mathlib/Mathlib.Algebra.Lie.SemiDirect:docInfo (4.0s)
✔ [20816/23483] Built mathlib/Mathlib.RingTheory.Extension.Presentation.Basic:docInfo (4.3s)
✔ [20817/23483] Built mathlib/Mathlib.Topology.Instances.NNReal.Lemmas:docInfo (4.2s)
✔ [20818/23483] Built mathlib/Mathlib.Topology.MetricSpace.ProperSpace.Real:docInfo (3.1s)
✔ [20819/23483] Built mathlib/Mathlib.Topology.Instances.Rat:docInfo (4.1s)
✔ [20820/23483] Built mathlib/Mathlib.Topology.MetricSpace.IsometricSMul:docInfo (3.3s)
✔ [20821/23483] Built mathlib/Mathlib.Topology.Instances.Real.Lemmas:docInfo (4.3s)
✔ [20822/23483] Built mathlib/Mathlib.Analysis.Normed.Group.Continuity:docInfo (4.2s)
✔ [20823/23483] Built mathlib/Mathlib.Analysis.Normed.Field.Basic:docInfo (3.8s)
✔ [20824/23483] Built mathlib/Mathlib.Topology.MetricSpace.Dilation:docInfo (3.6s)
✔ [20825/23483] Built mathlib/Mathlib.Topology.UnitInterval:docInfo (4.1s)
✔ [20826/23483] Built mathlib/Mathlib.Topology.MetricSpace.Gluing:docInfo (2.0s)
✔ [20827/23483] Built mathlib/Mathlib.Topology.Algebra.Module.Star:docInfo (3.9s)
✔ [20828/23483] Built mathlib/Mathlib.Analysis.Normed.Ring.Finite:docInfo (3.6s)
✔ [20829/23483] Built mathlib/Mathlib.Topology.Algebra.Algebra.Equiv:docInfo (4.1s)
✔ [20830/23483] Built mathlib/Mathlib.Topology.Algebra.InfiniteSum.Module:docInfo (3.0s)
✔ [20831/23483] Built mathlib/Mathlib.Topology.Instances.ZMultiples:docInfo (3.0s)
✔ [20832/23483] Built mathlib/Mathlib.Topology.Algebra.Module.Determinant:docInfo (4.5s)
✔ [20833/23483] Built mathlib/Mathlib.Topology.Algebra.Module.Complement:docInfo (4.1s)
✔ [20834/23483] Built mathlib/Mathlib.Topology.Algebra.AffineSubspace:docInfo (3.5s)
✔ [20835/23483] Built mathlib/Mathlib.Topology.Algebra.ContinuousAffineEquiv:docInfo (4.0s)
✔ [20836/23483] Built mathlib/Mathlib.Topology.Algebra.Module.ClosedSubmodule:docInfo (3.8s)
✔ [20837/23483] Built mathlib/Mathlib.Analysis.BoxIntegral.Partition.Tagged:docInfo (4.1s)
✔ [20838/23483] Built mathlib/Mathlib.Analysis.BoxIntegral.Partition.Split:docInfo (4.1s)
✔ [20839/23483] Built mathlib/Mathlib.Algebra.QuadraticAlgebra.NormDeterminant:docInfo (4.3s)
✔ [20840/23483] Built mathlib/Mathlib.Topology.Algebra.UniformField:docInfo (3.8s)
✔ [20841/23483] Built mathlib/Mathlib.RingTheory.PowerSeries.PiTopology:docInfo (4.4s)
✔ [20842/23483] Built mathlib/Mathlib.RingTheory.MvPowerSeries.Evaluation:docInfo (4.3s)
✔ [20843/23483] Built mathlib/Mathlib.RingTheory.MvPowerSeries.LinearTopology:docInfo (4.2s)
✔ [20844/23483] Built mathlib/Mathlib.Topology.MetricSpace.Completion:docInfo (3.9s)
✔ [20845/23483] Built mathlib/Mathlib.Topology.Algebra.Module.Alternating.Basic:docInfo (4.3s)
✔ [20846/23483] Built mathlib/Mathlib.Analysis.Calculus.TangentCone.Prod:docInfo (3.5s)
✔ [20847/23483] Built mathlib/Mathlib.RingTheory.Polynomial.DegreeLT:docInfo (4.3s)
✔ [20848/23483] Built mathlib/Mathlib.AlgebraicTopology.DoldKan.Degeneracies:docInfo (3.8s)
✔ [20849/23483] Built mathlib/Mathlib.AlgebraicTopology.DoldKan.Normalized:docInfo (3.7s)
✔ [20850/23483] Built mathlib/Mathlib.AlgebraicTopology.DoldKan.NReflectsIso:docInfo (3.7s)
✔ [20851/23483] Built mathlib/Mathlib.AlgebraicTopology.Quasicategory.InnerFibration:docInfo (3.7s)
✔ [20852/23483] Built mathlib/Mathlib.AlgebraicTopology.Quasicategory.StrictSegal:docInfo (3.7s)
✔ [20853/23483] Built mathlib/Mathlib.AlgebraicTopology.Quasicategory.StrictBicategory:docInfo (3.8s)
✔ [20854/23483] Built mathlib/Mathlib.AlgebraicTopology.SimplicialSet.AnodyneExtensions.PushoutProduct:docInfo (3.6s)
✔ [20855/23483] Built mathlib/Mathlib.Analysis.Normed.Ring.TransferInstance:docInfo (3.5s)
✔ [20856/23483] Built mathlib/Mathlib.Topology.Algebra.Module.Spaces.CharacterSpace:docInfo (4.3s)
✔ [20857/23483] Built mathlib/Mathlib.Analysis.CStarAlgebra.Module.Synonym:docInfo (4.1s)
✔ [20858/23483] Built mathlib/Mathlib.Analysis.Calculus.TangentCone.Pi:docInfo (3.8s)
✔ [20859/23483] Built mathlib/Mathlib.Analysis.Convex.BetweenList:docInfo (4.1s)
✔ [20860/23483] Built mathlib/Mathlib.Analysis.Convex.ContinuousLinearEquiv:docInfo (3.0s)
✔ [20861/23483] Built mathlib/Mathlib.Analysis.Convex.Visible:docInfo (4.1s)
✔ [20862/23483] Built mathlib/Mathlib.Analysis.Fourier.Notation:docInfo (3.8s)
✔ [20863/23483] Built mathlib/Mathlib.Topology.Algebra.Module.LinearPMap:docInfo (4.0s)
✔ [20864/23483] Built mathlib/Mathlib.RingTheory.MvPowerSeries.GaussNorm:docInfo (3.8s)
✔ [20865/23483] Built mathlib/Mathlib.Analysis.Subadditive:docInfo (3.9s)
✔ [20866/23483] Built mathlib/Mathlib.CategoryTheory.Abelian.FreydMitchell:docInfo (4.5s)
✔ [20867/23483] Built mathlib/Mathlib.CategoryTheory.Abelian.GrothendieckCategory.ModuleEmbedding.GabrielPopescu:docInfo (4.4s)
✔ [20868/23483] Built mathlib/Mathlib.CategoryTheory.Sites.Point.Presheaf:docInfo (4.1s)
✔ [20869/23483] Built mathlib/Mathlib.Topology.Algebra.Module.TransferInstance:docInfo (3.0s)
✔ [20870/23483] Built mathlib/Mathlib.Geometry.Polygon.Basic:docInfo (4.0s)
✔ [20871/23483] Built mathlib/Mathlib.RingTheory.TensorProduct.IsBaseChangeHom:docInfo (4.4s)
✔ [20872/23483] Built mathlib/Mathlib.LinearAlgebra.Matrix.WithConv:docInfo (4.5s)
✔ [20873/23483] Built mathlib/Mathlib.Topology.Algebra.Nonarchimedean.Completion:docInfo (3.7s)
✔ [20874/23483] Built mathlib/Mathlib.Topology.Algebra.Nonarchimedean.AdicTopology:docInfo (4.2s)
✔ [20875/23483] Built mathlib/Mathlib.RingTheory.Coalgebra.GroupLike:docInfo (4.0s)
✔ [20876/23483] Built mathlib/Mathlib.RingTheory.Regular.LinearMap:docInfo (4.6s)
✔ [20877/23483] Built mathlib/Mathlib.Topology.Algebra.Module.WeakDual:docInfo (4.0s)
✔ [20878/23483] Built mathlib/Mathlib.Topology.EMetricSpace.Weak:docInfo (3.8s)
✔ [20879/23483] Built mathlib/Mathlib.Topology.Instances.PNat:docInfo (3.7s)
✔ [20880/23483] Built mathlib/Mathlib.Topology.Sheaves.Alexandrov:docInfo (3.5s)
✔ [20881/23483] Built mathlib/Mathlib.Topology.Sheaves.Points:docInfo (4.1s)
✔ [20921/23522] Built mathlib/Mathlib.LinearAlgebra.Complex.Determinant:docInfo (4.2s)
✔ [20953/23553] Built mathlib/Mathlib.CategoryTheory.Abelian.GrothendieckAxioms.Sheaf:docInfo (3.7s)
✔ [20954/23553] Built mathlib/Mathlib.Topology.Category.TopCat.Monoidal:docInfo (4.1s)
✔ [20955/23553] Built mathlib/Mathlib.Topology.Homotopy.Basic:docInfo (3.0s)
✔ [20956/23553] Built mathlib/Mathlib.Analysis.Real.Spectrum:docInfo (4.0s)
✔ [20957/23553] Built mathlib/Mathlib.Analysis.Convex.Cone.Basic:docInfo (4.0s)
✔ [20958/23553] Built mathlib/Mathlib.LinearAlgebra.Matrix.Rank:docInfo (4.3s)
✔ [20959/23553] Built mathlib/Mathlib.Topology.Algebra.InfiniteSum.Field:docInfo (3.9s)
✔ [20960/23553] Built mathlib/Mathlib.Analysis.Polynomial.CauchyBound:docInfo (4.1s)
✔ [20961/23553] Built mathlib/Mathlib.CategoryTheory.Sites.Coherent.Equivalence:docInfo (3.7s)
✔ [20962/23553] Built mathlib/Mathlib.CategoryTheory.Sites.Coherent.LocallySurjective:docInfo (3.6s)
✔ [20963/23553] Built mathlib/Mathlib.CategoryTheory.Sites.MayerVietorisSquare:docInfo (4.3s)
✔ [20964/23553] Built mathlib/Mathlib.CategoryTheory.Topos.Sheaf:docInfo (3.7s)
✔ [20965/23553] Built mathlib/Mathlib.Combinatorics.Enumerative.Partition.GenFun:docInfo (4.3s)
✔ [20966/23553] Built mathlib/Mathlib.Topology.MetricSpace.Congruence:docInfo (3.3s)
✔ [20967/23553] Built mathlib/Mathlib.LinearAlgebra.QuadraticForm.TensorProduct:docInfo (4.6s)
✔ [20968/23553] Built mathlib/Mathlib.LinearAlgebra.QuadraticForm.Basis:docInfo (4.5s)
✔ [20969/23553] Built mathlib/Mathlib.LinearAlgebra.RootSystem.OfBilinear:docInfo (4.1s)
✔ [20970/23553] Built mathlib/Mathlib.Topology.Algebra.InfiniteSum.Nonarchimedean:docInfo (3.7s)
✔ [20971/23553] Built mathlib/Mathlib.RepresentationTheory.Subrepresentation:docInfo (3.8s)
✔ [20972/23553] Built mathlib/Mathlib.RingTheory.AdicCompletion.Topology:docInfo (3.9s)
✔ [20973/23553] Built mathlib/Mathlib.Topology.Algebra.InfiniteSum.DiscreteConvolution:docInfo (3.9s)
✔ [20974/23553] Built mathlib/Mathlib.Topology.Algebra.IsOpenUnits:docInfo (3.0s)
✔ [20975/23553] Built mathlib/Mathlib.Topology.Algebra.Star.LinearMap:docInfo (4.5s)
✔ [20976/23553] Built mathlib/Mathlib.Topology.Sheaves.SheafCondition.EqualizerProducts:docInfo (3.8s)
✔ [20977/23553] Built mathlib/Mathlib.Topology.UniformSpace.CompareReals:docInfo (3.9s)
✔ [20979/23555] Built mathlib/Mathlib.Algebra.Category.ModuleCat.Topology.Basic:docInfo (4.8s)
✔ [20980/23555] Built mathlib/Mathlib.Algebra.Category.FGModuleCat.Basic:docInfo (4.3s)
✔ [20981/23555] Built mathlib/Mathlib.RingTheory.IntegralClosure.Algebra.Basic:docInfo (4.4s)
✔ [20982/23555] Built mathlib/Mathlib.Algebra.Homology.HomotopyCategory.HomologicalFunctor:docInfo (4.0s)
✔ [20983/23555] Built mathlib/Mathlib.LinearAlgebra.QuadraticForm.Isometry:docInfo (4.0s)
✔ [20984/23555] Built mathlib/Mathlib.Algebra.Category.ModuleCat.Sheaf.Abelian:docInfo (4.3s)
✔ [20985/23555] Built mathlib/Mathlib.Algebra.Category.ModuleCat.Sheaf.Colimits:docInfo (3.7s)
✔ [20986/23555] Built mathlib/Mathlib.CategoryTheory.Sites.Over:docInfo (3.8s)
✔ [20987/23555] Built mathlib/Mathlib.Algebra.Category.ModuleCat.Sheaf.Localization:docInfo (3.8s)
✔ [20988/23555] Built mathlib/Mathlib.Topology.Sheaves.SheafCondition.UniqueGluing:docInfo (3.6s)
✔ [20989/23555] Built mathlib/Mathlib.Algebra.DirectSum.LinearMap:docInfo (4.3s)
✔ [20990/23555] Built mathlib/Mathlib.Algebra.Homology.HomotopyCategory.SpectralObject:docInfo (4.1s)
✔ [20991/23555] Built mathlib/Mathlib.Algebra.Homology.ModelCategory.Lifting:docInfo (4.2s)
✔ [20992/23555] Built mathlib/Mathlib.RingTheory.Norm.Defs:docInfo (3.8s)
✔ [20993/23555] Built mathlib/Mathlib.Algebra.Lie.Semisimple.Defs:docInfo (4.5s)
✔ [20994/23555] Built mathlib/Mathlib.Algebra.Lie.Nilpotent:docInfo (4.7s)
✔ [20995/23555] Built mathlib/Mathlib.LinearAlgebra.PID:docInfo (4.3s)
✔ [20996/23555] Built mathlib/Mathlib.RepresentationTheory.Submodule:docInfo (3.8s)
✔ [20997/23555] Built mathlib/Mathlib.LinearAlgebra.Matrix.PosDef:docInfo (4.6s)
✔ [20998/23555] Built mathlib/Mathlib.Algebra.Lie.Character:docInfo (4.3s)
✔ [20999/23555] Built mathlib/Mathlib.Algebra.Lie.Classical:docInfo (4.7s)
✔ [21000/23555] Built mathlib/Mathlib.LinearAlgebra.FreeModule.Determinant:docInfo (3.0s)
✔ [21001/23555] Built mathlib/Mathlib.LinearAlgebra.FreeModule.Finite.CardQuotient:docInfo (4.3s)
✔ [21002/23555] Built mathlib/Mathlib.Topology.Instances.ENNReal.Lemmas:docInfo (3.8s)
✔ [21003/23555] Built mathlib/Mathlib.Analysis.Normed.Group.Rat:docInfo (3.8s)
✔ [21004/23555] Built mathlib/Mathlib.Analysis.Normed.Group.Uniform:docInfo (4.2s)
✔ [21005/23555] Built mathlib/Mathlib.Analysis.Normed.Group.Bounded:docInfo (4.0s)
✔ [21006/23555] Built mathlib/Mathlib.Topology.MetricSpace.DilationEquiv:docInfo (3.2s)
✔ [21007/23555] Built mathlib/Mathlib.Topology.Metrizable.CompletelyMetrizable:docInfo (3.1s)
✔ [21008/23555] Built mathlib/Mathlib.Analysis.Real.Sqrt:docInfo (3.9s)
✔ [21009/23555] Built mathlib/Mathlib.Topology.Instances.RealVectorSpace:docInfo (3.0s)
✔ [21010/23555] Built mathlib/Mathlib.Topology.Path:docInfo (3.9s)
✔ [21011/23555] Built mathlib/Mathlib.Analysis.Normed.Group.AddTorsor:docInfo (3.6s)
✔ [21012/23555] Built mathlib/Mathlib.LinearAlgebra.Orientation:docInfo (4.4s)
✔ [21013/23555] Built mathlib/Mathlib.FieldTheory.Minpoly.Finite:docInfo (4.4s)
✔ [21014/23555] Built mathlib/Mathlib.RingTheory.Trace.Defs:docInfo (4.7s)
✔ [21015/23555] Built mathlib/Mathlib.RingTheory.MvPowerSeries.Substitution:docInfo (3.8s)
✔ [21016/23555] Built mathlib/Mathlib.RingTheory.PowerSeries.Evaluation:docInfo (3.9s)
✔ [21017/23555] Built mathlib/Mathlib.Topology.MetricSpace.CauSeqFilter:docInfo (4.1s)
✔ [21018/23555] Built mathlib/Mathlib.AlgebraicTopology.Quasicategory.Nerve:docInfo (3.7s)
✔ [21019/23555] Built mathlib/Mathlib.AlgebraicTopology.SimplicialSet.AnodyneExtensions.Inner.Basic:docInfo (3.8s)
✔ [21020/23555] Built mathlib/Mathlib.Analysis.Normed.Field.TransferInstance:docInfo (4.0s)
✔ [21021/23555] Built mathlib/Mathlib.Analysis.Normed.Ring.WithAbs:docInfo (4.2s)
✔ [21022/23555] Built mathlib/Mathlib.LinearAlgebra.Matrix.Gershgorin:docInfo (4.7s)
✔ [21025/23556] Built mathlib/Mathlib.Analysis.Normed.MulAction:docInfo (4.1s)
